/**
 * @file epub_stress_fixture.h
 * @brief Baked synthetic large-structure EPUB3 for the #144 pool-stress gate.
 *
 * @details 60 chapters + 60 manifest resources + an NCX
 * with 60 navPoints + a cover -- ~125 archive
 * entries / a large OPF, exercising bounded ZIP/XML resources. Pure ASCII.
 *
 * @generated by examples/ek_ra8d2/hw_pending/epub_stress/scripts/make_stress_fixture.py -- do not edit by hand.
 * The generator owns
 *            this file's length (a baked byte table).
 *
 * @copyright Copyright (c) 2026 Brighton Sikarskie
 * SPDX-License-Identifier: MIT
 */
#pragma once

#include <stddef.h>
#include <stdint.h>

/** @brief Length of the baked stress EPUB blob, bytes. */
enum : size_t { k_epub_stress_fixture_len = 21944U /**< EPUB stress fixture length. */ };

/** @brief Baked synthetic large-structure EPUB3 byte stream. */
/* Suppression rationale: generated bytes stay at 16 per row for stable diffs. */
/* clang-format off */
static const uint8_t k_epub_stress_fixture[k_epub_stress_fixture_len] = {
  0x50, 0x4B, 0x03, 0x04, 0x14, 0x00, 0x00, 0x00, 0x00, 0x00, 0x00, 0x00, 0x21, 0x5C, 0x6F, 0x61,
  0xAB, 0x2C, 0x14, 0x00, 0x00, 0x00, 0x14, 0x00, 0x00, 0x00, 0x08, 0x00, 0x00, 0x00, 0x6D, 0x69,
  0x6D, 0x65, 0x74, 0x79, 0x70, 0x65, 0x61, 0x70, 0x70, 0x6C, 0x69, 0x63, 0x61, 0x74, 0x69, 0x6F,
  0x6E, 0x2F, 0x65, 0x70, 0x75, 0x62, 0x2B, 0x7A, 0x69, 0x70, 0x50, 0x4B, 0x03, 0x04, 0x14, 0x00,
  0x00, 0x00, 0x08, 0x00, 0x00, 0x00, 0x21, 0x5C, 0x6C, 0x8C, 0x39, 0xF4, 0xA0, 0x00, 0x00, 0x00,
  0xEB, 0x00, 0x00, 0x00, 0x16, 0x00, 0x00, 0x00, 0x4D, 0x45, 0x54, 0x41, 0x2D, 0x49, 0x4E, 0x46,
  0x2F, 0x63, 0x6F, 0x6E, 0x74, 0x61, 0x69, 0x6E, 0x65, 0x72, 0x2E, 0x78, 0x6D, 0x6C, 0x55, 0x8E,
  0x4D, 0x0E, 0xC2, 0x20, 0x10, 0x85, 0xF7, 0x3D, 0x05, 0x61, 0x6B, 0x5A, 0x74, 0x4B, 0xA0, 0x26,
  0x26, 0xAE, 0x35, 0xF1, 0x04, 0x23, 0x9D, 0x2A, 0x11, 0x18, 0x02, 0xD4, 0xE8, 0xED, 0xA5, 0x5D,
  0x34, 0x75, 0xF9, 0xF2, 0x7E, 0xBE, 0xA7, 0x8E, 0x1F, 0xEF, 0xD8, 0x1B, 0x53, 0xB6, 0x14, 0x34,
  0x3F, 0x74, 0x7B, 0x7E, 0xEC, 0x1B, 0x65, 0x28, 0x14, 0xB0, 0x01, 0xD3, 0xBF, 0xC5, 0x6A, 0x38,
  0x64, 0xCD, 0xA7, 0x14, 0x24, 0x41, 0xB6, 0x59, 0x06, 0xF0, 0x98, 0x65, 0x31, 0x92, 0x22, 0x86,
  0x81, 0xCC, 0xE4, 0x31, 0x14, 0xB9, 0xC4, 0xE4, 0x3A, 0xC2, 0xFB, 0x86, 0x31, 0x95, 0x88, 0xCA,
  0x68, 0x1D, 0xE6, 0x59, 0x6D, 0x34, 0x1B, 0x27, 0xE7, 0xDA, 0x08, 0xE5, 0xA9, 0xF9, 0xE5, 0x7C,
  0xBA, 0xDE, 0xC4, 0x5C, 0xAC, 0x33, 0x1D, 0xC5, 0x91, 0x33, 0x8F, 0x83, 0x85, 0xB6, 0x7C, 0x23,
  0x6A, 0x0E, 0x31, 0x3A, 0x6B, 0xA0, 0xD4, 0x43, 0x82, 0xF0, 0x1E, 0x73, 0xAD, 0x99, 0x17, 0x3C,
  0x70, 0x57, 0x89, 0x5C, 0x2C, 0x18, 0xB1, 0xE1, 0x28, 0xB1, 0x7E, 0xE8, 0x9B, 0x1F, 0x50, 0x4B,
  0x03, 0x04, 0x14, 0x00, 0x00, 0x00, 0x08, 0x00, 0x00, 0x00, 0x21, 0x5C, 0x50, 0xBB, 0x77, 0xD1,
  0xB4, 0x04, 0x00, 0x00, 0x08, 0x29, 0x00, 0x00, 0x11, 0x00, 0x00, 0x00, 0x4F, 0x45, 0x42, 0x50,
  0x53, 0x2F, 0x63, 0x6F, 0x6E, 0x74, 0x65, 0x6E, 0x74, 0x2E, 0x6F, 0x70, 0x66, 0xA5, 0xDA, 0xDD,
  0x6E, 0xE2, 0x56, 0x14, 0x05, 0xE0, 0xFB, 0x3C, 0x85, 0xC5, 0x6D, 0x15, 0x9C, 0xB3, 0x7F, 0x12,
  0x12, 0x01, 0x23, 0xCD, 0x45, 0x5F, 0x60, 0xDA, 0x07, 0x70, 0x8D, 0x03, 0x56, 0x82, 0x4D, 0x6D,
  0xD3, 0x49, 0xDF, 0xBE, 0x8E, 0x93, 0xC0, 0x42, 0x1A, 0x76, 0xB5, 0xB5, 0xAF, 0x12, 0x38, 0x67,
  0x2F, 0xE3, 0x95, 0x2F, 0xC6, 0x48, 0x2C, 0xBF, 0xBD, 0xED, 0x5F, 0xB3, 0x7F, 0xAA, 0xAE, 0xAF,
  0xDB, 0x66, 0x35, 0x4B, 0xF3, 0xBB, 0x59, 0x56, 0x35, 0x65, 0xBB, 0xA9, 0x9B, 0xED, 0x6A, 0xF6,
  0xE7, 0x1F, 0xBF, 0xDF, 0x2E, 0x66, 0xDF, 0xD6, 0x37, 0xCB, 0x43, 0x51, 0xBE, 0x14, 0xDB, 0x2A,
  0x1B, 0x77, 0x37, 0xFD, 0x6A, 0xB6, 0x1B, 0x86, 0xC3, 0x53, 0x9E, 0xFF, 0xFC, 0xF9, 0x73, 0x5E,
  0x6F, 0x0E, 0xCF, 0xF3, 0xB6, 0xDB, 0xE6, 0x74, 0x77, 0xF7, 0x90, 0xB7, 0x87, 0xE7, 0xD9, 0x39,
  0x8E, 0xDF, 0xE3, 0x8E, 0x4D, 0xFD, 0xF7, 0xB1, 0xBA, 0xAD, 0x37, 0x55, 0x33, 0xD4, 0xCF, 0x75,
  0xD5, 0xAD, 0x66, 0xF5, 0x66, 0xB6, 0xBE, 0xC9, 0xB2, 0xE5, 0xBE, 0x1A, 0x8A, 0x4D, 0x31, 0x14,
  0x1F, 0xB1, 0x4F, 0x9B, 0xF2, 0x94, 0x7C, 0x38, 0x76, 0xAF, 0x53, 0xEA, 0xA6, 0xCC, 0xAB, 0xD7,
  0x6A, 0x3F, 0xCE, 0xF6, 0x79, 0x9A, 0xA7, 0x7C, 0x1A, 0x1C, 0x47, 0x37, 0xE5, 0xD3, 0x50, 0x0F,
  0xAF, 0xD5, 0xFA, 0xC7, 0xD0, 0x55, 0x7D, 0x9F, 0x8D, 0x3F, 0x8E, 0xE5, 0x70, 0xEC, 0xAA, 0xEC,
  0x7B, 0xDB, 0xBE, 0x2C, 0xF3, 0xD3, 0xFA, 0x69, 0x7B, 0xD9, 0x55, 0xC5, 0xD0, 0x76, 0xEB, 0xEF,
  0x5D, 0xBD, 0xDD, 0x0D, 0x6D, 0x93, 0xFD, 0xA8, 0x5F, 0x8A, 0xAE, 0x7F, 0xA9, 0xAB, 0x69, 0xF7,
  0xD7, 0xF2, 0x69, 0xFF, 0x6B, 0xD1, 0x6C, 0x8F, 0xE3, 0x39, 0xAF, 0xAB, 0x66, 0xDA, 0x70, 0x7A,
  0x7C, 0xDA, 0x71, 0x3E, 0xA5, 0xAC, 0xDE, 0x7C, 0x9C, 0xD5, 0xB1, 0x6B, 0x9E, 0x86, 0xAA, 0x1F,
  0x9E, 0xFA, 0xE9, 0x65, 0x4D, 0x83, 0xE7, 0x6D, 0x9F, 0xA3, 0xEF, 0xA7, 0x9D, 0x35, 0xC5, 0xBE,
  0x5A, 0xCD, 0xCA, 0x76, 0x2C, 0x6B, 0x96, 0x95, 0x6D, 0x33, 0x8C, 0x9B, 0xBE, 0x1E, 0xE7, 0x53,
  0x3B, 0xF9, 0x57, 0x3D, 0x1F, 0x5D, 0x15, 0x4D, 0xFD, 0x3C, 0x26, 0x7F, 0x66, 0xD4, 0x43, 0xB5,
  0x9F, 0x8E, 0xDA, 0x94, 0x6F, 0xB3, 0x6C, 0xD7, 0x55, 0xCF, 0xAB, 0xD9, 0xD0, 0x96, 0xF3, 0xE9,
  0xE1, 0xBE, 0xDA, 0xD4, 0xC5, 0xED, 0xF0, 0xEF, 0x61, 0x3C, 0x42, 0x71, 0x38, 0xBC, 0xD6, 0x65,
  0x31, 0x8C, 0x7F, 0x90, 0xFC, 0xED, 0x76, 0x33, 0xFC, 0x35, 0xEE, 0xF8, 0x6D, 0xEC, 0xFB, 0xE3,
  0x20, 0x98, 0xF4, 0xF9, 0x5A, 0x3E, 0xB2, 0xA6, 0x07, 0xF3, 0x43, 0xB3, 0xBD, 0x4C, 0xAB, 0xF7,
  0x63, 0x03, 0xF9, 0xF4, 0xF4, 0xA1, 0x6B, 0x0F, 0x55, 0x37, 0xD4, 0x55, 0xFF, 0xB9, 0xFB, 0x76,
  0x5A, 0xFC, 0x45, 0xEE, 0xEE, 0xEE, 0x94, 0xBA, 0xBB, 0x9B, 0xBF, 0xED, 0x86, 0xF1, 0xE8, 0xD7,
  0x5F, 0xE3, 0xFB, 0xF2, 0x95, 0x17, 0xB8, 0x4B, 0xE7, 0xA0, 0x14, 0x0A, 0xA2, 0x73, 0x10, 0x85,
  0x82, 0xF8, 0x1C, 0xC4, 0xA1, 0x20, 0x39, 0x07, 0x49, 0x28, 0x48, 0xCF, 0x41, 0x1A, 0x0A, 0xBA,
  0x3F, 0x07, 0xDD, 0x87, 0x82, 0x1E, 0xCE, 0x41, 0x0F, 0xA1, 0xA0, 0xC5, 0x39, 0x68, 0x11, 0x0A,
  0x7A, 0x3C, 0x07, 0x3D, 0xC6, 0x40, 0x02, 0xED, 0x14, 0xB4, 0x8D, 0xB8, 0x63, 0xBA, 0x13, 0xF0,
  0x4E, 0x31, 0xDF, 0x09, 0x80, 0xA7, 0x98, 0xF0, 0x04, 0xC4, 0x53, 0xCC, 0x78, 0x02, 0xE4, 0x29,
  0xA6, 0x3C, 0x01, 0xF3, 0x14, 0x73, 0x9E, 0x00, 0x7A, 0x8A, 0x49, 0x4F, 0x40, 0x3D, 0xC5, 0xAC,
  0x27, 0xC0, 0x9E, 0x62, 0xDA, 0x09, 0xB4, 0x53, 0x4C, 0x3B, 0x81, 0x76, 0x0A, 0x5E, 0xCB, 0xF1,
  0x62, 0x1E, 0xD3, 0x4E, 0xA0, 0x9D, 0x62, 0xDA, 0x09, 0xB4, 0x53, 0x4C, 0x3B, 0x81, 0x76, 0x8A,
  0x69, 0x27, 0xD0, 0x4E, 0x31, 0xED, 0x04, 0xDA, 0x29, 0xA6, 0x9D, 0x40, 0x3B, 0xC5, 0xB4, 0x13,
  0x68, 0xA7, 0x98, 0x76, 0x06, 0xED, 0x1C, 0xD3, 0xCE, 0xA0, 0x9D, 0x63, 0xDA, 0x19, 0xB4, 0x73,
  0xF0, 0xDE, 0x05, 0x6F, 0x5E, 0x62, 0xDA, 0x19, 0xB4, 0x73, 0x4C, 0x3B, 0x83, 0x76, 0x8E, 0x69,
  0x67, 0xD0, 0xCE, 0x31, 0xED, 0x0C, 0xDA, 0x39, 0xA6, 0x9D, 0x41, 0x3B, 0xC7, 0xB4, 0x33, 0x68,
  0xE7, 0x98, 0x76, 0x01, 0xED, 0x12, 0xD3, 0x2E, 0xA0, 0x5D, 0x62, 0xDA, 0x05, 0xB4, 0x4B, 0x4C,
  0xBB, 0x80, 0x76, 0x09, 0xDE, 0xAB, 0xE3, 0xCD, 0x7A, 0x4C, 0xBB, 0x80, 0x76, 0x89, 0x69, 0x17,
  0xD0, 0x2E, 0x31, 0xED, 0x02, 0xDA, 0x25, 0xA6, 0x5D, 0x40, 0xBB, 0xC4, 0xB4, 0x0B, 0x68, 0x97,
  0x98, 0x76, 0x05, 0xED, 0x1A, 0xD3, 0xAE, 0xA0, 0x5D, 0x63, 0xDA, 0x15, 0xB4, 0x6B, 0x4C, 0xBB,
  0x82, 0x76, 0x8D, 0x69, 0x57, 0xD0, 0xAE, 0xC1, 0xCF, 0xA6, 0xF8, 0xE1, 0x34, 0xA6, 0x5D, 0x41,
  0xBB, 0xC6, 0xB4, 0x2B, 0x68, 0xD7, 0x98, 0x76, 0x05, 0xED, 0x1A, 0xD3, 0xAE, 0xA0, 0x5D, 0x23,
  0xDA, 0xBB, 0xAA, 0x3F, 0x69, 0x7F, 0xFF, 0x7D, 0x5E, 0xF6, 0xFD, 0x65, 0xD0, 0x50, 0xBD, 0x0D,
  0xF9, 0xFB, 0xB3, 0xBF, 0x9A, 0x4D, 0x30, 0x9B, 0x9C, 0xB3, 0x04, 0xB3, 0xE4, 0x9C, 0x65, 0x98,
  0x65, 0xE7, 0xAC, 0xC0, 0xAC, 0x38, 0x67, 0x15, 0x66, 0xD5, 0x39, 0x7B, 0x0F, 0xB3, 0xF7, 0xCE,
  0xD9, 0x07, 0x98, 0x7D, 0x70, 0xCE, 0x2E, 0x60, 0x76, 0xE1, 0x9C, 0x7D, 0x84, 0xD9, 0x47, 0xAF,
  0x0D, 0x84, 0x95, 0xDC, 0xB2, 0x2E, 0x68, 0x79, 0x6D, 0x25, 0xC4, 0x95, 0xBC, 0xBA, 0x12, 0xF2,
  0x4A, 0x5E, 0x5F, 0x09, 0x81, 0x25, 0xAF, 0xB0, 0x84, 0xC4, 0x92, 0xD7, 0x58, 0x42, 0x64, 0xC9,
  0xAB, 0x2C, 0x21, 0xB3, 0xE4, 0x75, 0x96, 0x10, 0x5A, 0xF2, 0x4A, 0x4B, 0x48, 0x2D, 0x79, 0xAD,
  0x11, 0x5A, 0x23, 0xAF, 0x35, 0x42, 0x6B, 0xE4, 0xBE, 0x8E, 0x5D, 0x5C, 0xC8, 0xBC, 0xD6, 0x08,
  0xAD, 0x91, 0xD7, 0x1A, 0xA1, 0x35, 0xF2, 0x5A, 0x23, 0xB4, 0x46, 0x5E, 0x6B, 0x84, 0xD6, 0xC8,
  0x6B, 0x8D, 0xD0, 0x1A, 0x79, 0xAD, 0x11, 0x5A, 0x23, 0xAF, 0x35, 0x42, 0x6B, 0xE4, 0xB5, 0xC6,
  0x68, 0x8D, 0xBD, 0xD6, 0x18, 0xAD, 0xB1, 0xD7, 0x1A, 0xA3, 0x35, 0x76, 0xBF, 0x6B, 0x5E, 0xBC,
  0x6D, 0x7A, 0xAD, 0x31, 0x5A, 0x63, 0xAF, 0x35, 0x46, 0x6B, 0xEC, 0xB5, 0xC6, 0x68, 0x8D, 0xBD,
  0xD6, 0x18, 0xAD, 0xB1, 0xD7, 0x1A, 0xA3, 0x35, 0xF6, 0x5A, 0x63, 0xB4, 0xC6, 0x5E, 0x6B, 0x82,
  0xD6, 0xC4, 0x6B, 0x4D, 0xD0, 0x9A, 0x78, 0xAD, 0x09, 0x5A, 0x13, 0xAF, 0x35, 0x41, 0x6B, 0xE2,
  0xBE, 0x47, 0xBB, 0xB8, 0x49, 0xF3, 0x5A, 0x13, 0xB4, 0x26, 0x5E, 0x6B, 0x82, 0xD6, 0xC4, 0x6B,
  0x4D, 0xD0, 0x9A, 0x78, 0xAD, 0x09, 0x5A, 0x13, 0xAF, 0x35, 0x41, 0x6B, 0xE2, 0xB5, 0xA6, 0x68,
  0x4D, 0xBD, 0xD6, 0x14, 0xAD, 0xA9, 0xD7, 0x9A, 0xA2, 0x35, 0xF5, 0x5A, 0x53, 0xB4, 0xA6, 0x5E,
  0x6B, 0x8A, 0xD6, 0xD4, 0xFD, 0x89, 0xE0, 0xE2, 0x23, 0x81, 0xD7, 0x9A, 0xA2, 0x35, 0xF5, 0x5A,
  0x53, 0xB4, 0xA6, 0x5E, 0x6B, 0x8A, 0xD6, 0xD4, 0x6B, 0x4D, 0xD1, 0x9A, 0xFE, 0xAF, 0xB5, 0x65,
  0x8E, 0xDF, 0x51, 0x58, 0xF6, 0x87, 0xBA, 0xA9, 0xB2, 0xA1, 0x2D, 0x3F, 0xBE, 0xA3, 0x00, 0xF9,
  0x63, 0xE4, 0x78, 0x88, 0xAF, 0x2F, 0x04, 0x5C, 0x1C, 0xFA, 0x62, 0x29, 0x5D, 0x5F, 0xA2, 0xEB,
  0x4B, 0x7C, 0x7D, 0x49, 0xAE, 0x2F, 0xE9, 0xF5, 0xA5, 0xFB, 0xEB, 0x4B, 0x0F, 0xD7, 0x97, 0x16,
  0xD7, 0x97, 0x1E, 0x8D, 0x53, 0xB6, 0xEA, 0x30, 0xFA, 0x48, 0x46, 0x21, 0xC9, 0x68, 0x24, 0x19,
  0x95, 0x24, 0xA3, 0x93, 0x64, 0x94, 0x92, 0x8C, 0x56, 0x92, 0x51, 0x4B, 0x32, 0x7A, 0x21, 0xA3,
  0x17, 0xB2, 0x9C, 0x18, 0xBD, 0x90, 0xD1, 0x0B, 0x19, 0xBD, 0x90, 0xD1, 0x0B, 0x19, 0xBD, 0x90,
  0xD1, 0x0B, 0x19, 0xBD, 0x90, 0xD1, 0x0B, 0x1B, 0xBD, 0xB0, 0xD1, 0x0B, 0x5B, 0xFF, 0x40, 0x46,
  0x2F, 0x6C, 0xF4, 0xC2, 0x46, 0x2F, 0x6C, 0xF4, 0xC2, 0x46, 0x2F, 0x6C, 0xF4, 0xC2, 0x46, 0x2F,
  0x62, 0xF4, 0x22, 0x46, 0x2F, 0x62, 0xF4, 0x22, 0xD6, 0x95, 0xC5, 0xE8, 0x45, 0x8C, 0x5E, 0xC4,
  0xE8, 0x45, 0x8C, 0x5E, 0xC4, 0xE8, 0x45, 0x8C, 0x5E, 0xD4, 0xE8, 0x45, 0x8D, 0x5E, 0xD4, 0xE8,
  0x45, 0x8D, 0x5E, 0xD4, 0xBA, 0xE4, 0x1A, 0xBD, 0xA8, 0xD1, 0x8B, 0x1A, 0xBD, 0xA8, 0xD1, 0x8B,
  0x3E, 0x7E, 0xBD, 0x4F, 0x4D, 0x6F, 0x4D, 0xEB, 0x9B, 0x65, 0xFE, 0xF9, 0xB5, 0xC6, 0xF5, 0xCD,
  0x7F, 0x50, 0x4B, 0x03, 0x04, 0x14, 0x00, 0x00, 0x00, 0x08, 0x00, 0x00, 0x00, 0x21, 0x5C, 0x46,
  0xB0, 0xA1, 0x4B, 0x95, 0x03, 0x00, 0x00, 0xE9, 0x21, 0x00, 0x00, 0x0D, 0x00, 0x00, 0x00, 0x4F,
  0x45, 0x42, 0x50, 0x53, 0x2F, 0x74, 0x6F, 0x63, 0x2E, 0x6E, 0x63, 0x78, 0x95, 0xDA, 0xCD, 0x6E,
  0xDA, 0x40, 0x10, 0xC0, 0xF1, 0x7B, 0x9E, 0xC2, 0xF2, 0x3D, 0x98, 0xF9, 0x22, 0x80, 0x0C, 0x91,
  0x5A, 0xA9, 0xA7, 0x56, 0xAD, 0xD4, 0xF6, 0x01, 0x1C, 0x6C, 0x05, 0x54, 0xB0, 0x91, 0x59, 0x12,
  0xD2, 0xA7, 0x2F, 0x1F, 0x49, 0xAA, 0x41, 0x55, 0x67, 0xE6, 0x04, 0x86, 0x5D, 0xFC, 0x37, 0x87,
  0x9F, 0x56, 0x6B, 0x97, 0xF7, 0x87, 0xCD, 0x3A, 0x7B, 0x6A, 0xFA, 0xDD, 0xAA, 0x6B, 0x67, 0x39,
  0x0C, 0x86, 0x79, 0xD6, 0xB4, 0x8B, 0xAE, 0x5E, 0xB5, 0x8F, 0xB3, 0xFC, 0xE7, 0x8F, 0x4F, 0xB7,
  0xE3, 0xFC, 0x7E, 0x7E, 0x53, 0xB6, 0x8B, 0x43, 0x76, 0x1C, 0xD9, 0xEE, 0x66, 0xF9, 0x32, 0xA5,
  0xED, 0xB4, 0x28, 0x9E, 0x9F, 0x9F, 0x07, 0x75, 0xB5, 0xDA, 0xBD, 0x0C, 0xBA, 0xFE, 0xB1, 0xF8,
  0x4D, 0x93, 0xF1, 0xA8, 0xC0, 0xE1, 0x50, 0x8A, 0xE3, 0xD0, 0x22, 0xFF, 0xFB, 0x93, 0xA7, 0xCF,
  0x6E, 0x21, 0x9F, 0xDF, 0x64, 0x59, 0xB9, 0x6C, 0xAA, 0x7A, 0x5E, 0x6E, 0x9A, 0x54, 0x65, 0x6D,
  0xB5, 0x69, 0x66, 0x79, 0x9D, 0x1E, 0xA6, 0xFB, 0x55, 0x9D, 0x67, 0x8B, 0xAE, 0x4D, 0x4D, 0x9B,
  0x66, 0xF9, 0xBE, 0x6F, 0xA7, 0xA9, 0xD9, 0xA5, 0xE9, 0x2E, 0xF5, 0xCD, 0x6E, 0x97, 0x17, 0xF3,
  0xB2, 0x38, 0x4F, 0x3B, 0xCD, 0xAF, 0xBB, 0xC5, 0x8F, 0x55, 0x5A, 0x37, 0xF3, 0x32, 0x35, 0x87,
  0x34, 0xFF, 0x7E, 0x1E, 0x92, 0x1D, 0x5F, 0xF6, 0x8B, 0xB4, 0xEF, 0x9B, 0xEC, 0x43, 0xD7, 0xFD,
  0x2A, 0x8B, 0xF3, 0x77, 0x65, 0xF1, 0x3E, 0xF8, 0x34, 0xB3, 0xAD, 0x9E, 0xBE, 0x54, 0xDB, 0xD3,
  0xDB, 0xCB, 0xC1, 0xB7, 0x6E, 0xD5, 0xA6, 0x6C, 0x55, 0xCF, 0xF2, 0x76, 0x7B, 0xBC, 0xE4, 0xED,
  0xBA, 0x7A, 0xF9, 0xDA, 0xD7, 0x4D, 0x7F, 0xFC, 0x0B, 0xF2, 0xCB, 0xA8, 0xCB, 0xB8, 0xCF, 0xD5,
  0x43, 0xB3, 0x7E, 0x3D, 0xDD, 0xC7, 0x65, 0xB5, 0x4D, 0x4D, 0x9F, 0xC1, 0xFB, 0x29, 0xDE, 0x07,
  0xBC, 0xCD, 0x78, 0xBD, 0x8C, 0x6C, 0xD7, 0x2F, 0x66, 0xF9, 0x62, 0x39, 0x1C, 0x1C, 0x96, 0x69,
  0xB3, 0x3E, 0x5E, 0xC4, 0xE5, 0xC4, 0xC5, 0xDB, 0x99, 0xFF, 0x1D, 0x02, 0x2A, 0x04, 0xCD, 0x10,
  0x74, 0x87, 0x40, 0x2C, 0x04, 0x55, 0x08, 0x99, 0x21, 0xE4, 0x0E, 0xC1, 0x58, 0x08, 0xA9, 0x10,
  0x36, 0x43, 0xD8, 0x1D, 0x42, 0xB1, 0x10, 0x56, 0x21, 0x62, 0x86, 0x88, 0x3B, 0x84, 0x63, 0x21,
  0xA2, 0x42, 0x46, 0x66, 0xC8, 0xC8, 0x1D, 0x22, 0xB1, 0x90, 0x91, 0x0A, 0xB9, 0x33, 0x43, 0xEE,
  0xDC, 0x21, 0xA3, 0x58, 0xC8, 0x9D, 0x0A, 0x19, 0x9B, 0x21, 0x63, 0x77, 0xC8, 0x5D, 0x2C, 0x64,
  0xAC, 0x42, 0x26, 0x66, 0xC8, 0xC4, 0x1D, 0x32, 0x8E, 0x85, 0x4C, 0x34, 0x68, 0x43, 0x5B, 0xB4,
  0xA1, 0x3B, 0x65, 0x12, 0x24, 0xED, 0x0A, 0x57, 0x87, 0xAE, 0x7E, 0x5E, 0x21, 0xEA, 0xAB, 0x06,
  0x16, 0x6C, 0x61, 0x21, 0x40, 0x6C, 0xD0, 0x58, 0xD0, 0xC8, 0x82, 0xAD, 0x2C, 0xF8, 0x99, 0x85,
  0xA0, 0xB3, 0xA0, 0xA1, 0x05, 0x5B, 0x5A, 0xF0, 0x53, 0x0B, 0x41, 0x6B, 0x41, 0x63, 0x0B, 0xB6,
  0xB6, 0xE0, 0xE7, 0x16, 0x82, 0xDE, 0x82, 0x06, 0x17, 0x6C, 0x71, 0xC1, 0x4F, 0x2E, 0x04, 0xCD,
  0x05, 0x8D, 0x2E, 0xD8, 0xEA, 0x82, 0x9F, 0x5D, 0x08, 0xBA, 0x0B, 0x1A, 0x5E, 0xB0, 0xE5, 0x05,
  0x3F, 0xBD, 0x10, 0xB4, 0x17, 0x34, 0xBE, 0x60, 0xEB, 0x0B, 0x7E, 0x7E, 0x21, 0xE8, 0x2F, 0x68,
  0x80, 0xD1, 0x06, 0x18, 0xFD, 0x00, 0x43, 0x50, 0x60, 0xD4, 0x02, 0xA3, 0x2D, 0x30, 0xFA, 0x05,
  0xC6, 0xA0, 0xC0, 0x78, 0xB5, 0xC4, 0x75, 0xAC, 0x71, 0xFD, 0x02, 0x63, 0x74, 0x95, 0xAB, 0x05,
  0x46, 0x5B, 0x60, 0x0C, 0x2C, 0x74, 0x83, 0x02, 0xA3, 0x16, 0x18, 0x6D, 0x81, 0xD1, 0x2F, 0x30,
  0x06, 0x05, 0x46, 0x2D, 0x30, 0xDA, 0x02, 0xA3, 0x5F, 0x60, 0x0C, 0x0A, 0x8C, 0x5A, 0x60, 0xB4,
  0x05, 0x46, 0xBF, 0xC0, 0x18, 0x14, 0x18, 0xB5, 0xC0, 0x68, 0x0B, 0x8C, 0x7E, 0x81, 0x31, 0x28,
  0x30, 0x6A, 0x81, 0xD1, 0x16, 0x18, 0xFD, 0x02, 0x63, 0x50, 0x60, 0xD4, 0x02, 0xA3, 0x2D, 0x30,
  0xFA, 0x05, 0xC6, 0xA0, 0xC0, 0xA8, 0x05, 0x26, 0x5B, 0x60, 0xF2, 0x0B, 0x8C, 0x41, 0x81, 0x49,
  0x0B, 0x4C, 0xB6, 0xC0, 0xE4, 0x17, 0x98, 0x82, 0x02, 0x93, 0x16, 0x98, 0x6C, 0x81, 0xC9, 0x2F,
  0x30, 0x05, 0x05, 0xA6, 0xAB, 0x8D, 0x06, 0xC7, 0x4E, 0x83, 0x5F, 0x60, 0x8A, 0xEE, 0x35, 0x68,
  0x81, 0xC9, 0x16, 0x98, 0x02, 0xDB, 0x0D, 0x41, 0x81, 0x49, 0x0B, 0x4C, 0xB6, 0xC0, 0xE4, 0x17,
  0x98, 0x82, 0x02, 0x93, 0x16, 0x98, 0x6C, 0x81, 0xC9, 0x2F, 0x30, 0x05, 0x05, 0x26, 0x2D, 0x30,
  0xD9, 0x02, 0x93, 0x5F, 0x60, 0x0A, 0x0A, 0x4C, 0x5A, 0x60, 0xB2, 0x05, 0x26, 0xBF, 0xC0, 0x14,
  0x14, 0x98, 0xB4, 0xC0, 0x64, 0x0B, 0x4C, 0x7E, 0x81, 0x29, 0x28, 0x30, 0x69, 0x81, 0xD9, 0x16,
  0x98, 0xFD, 0x02, 0x53, 0x50, 0x60, 0xD6, 0x02, 0xB3, 0x2D, 0x30, 0xFB, 0x05, 0xE6, 0xA0, 0xC0,
  0xAC, 0x05, 0x66, 0x5B, 0x60, 0xF6, 0x0B, 0xCC, 0x41, 0x81, 0x59, 0x0B, 0xCC, 0xB6, 0xC0, 0xEC,
  0x17, 0x98, 0x83, 0x02, 0xF3, 0xD5, 0x76, 0xAF, 0x63, 0xBF, 0xD7, 0x2F, 0x30, 0x47, 0x77, 0x7C,
  0xB5, 0xC0, 0x6C, 0x0B, 0xCC, 0x81, 0x4D, 0xDF, 0xA0, 0xC0, 0xAC, 0x05, 0x66, 0x5B, 0x60, 0xF6,
  0x0B, 0xCC, 0x41, 0x81, 0x59, 0x0B, 0xCC, 0xB6, 0xC0, 0xEC, 0x17, 0x98, 0x83, 0x02, 0xB3, 0x16,
  0x98, 0x6D, 0x81, 0xD9, 0x2F, 0x30, 0x07, 0x05, 0x66, 0x2D, 0x30, 0xDB, 0x02, 0xB3, 0x5F, 0x60,
  0x0E, 0x0A, 0xCC, 0x5A, 0x60, 0xB1, 0x05, 0x16, 0xBF, 0xC0, 0x1C, 0x14, 0x58, 0xB4, 0xC0, 0x62,
  0x0B, 0x2C, 0x7E, 0x81, 0x25, 0x28, 0xB0, 0x68, 0x81, 0xC5, 0x16, 0x58, 0xFC, 0x02, 0x4B, 0x50,
  0x60, 0xD1, 0x02, 0x8B, 0x2D, 0xB0, 0xF8, 0x05, 0x96, 0xA0, 0xC0, 0xA2, 0x05, 0x16, 0x5B, 0x60,
  0xF1, 0x0B, 0x2C, 0x41, 0x81, 0xE5, 0xEA, 0xA6, 0x9B, 0xE3, 0xAE, 0x9B, 0x5F, 0x60, 0x89, 0xDE,
  0x77, 0xD3, 0x02, 0x8B, 0x2D, 0xB0, 0x04, 0x6E, 0xBD, 0x05, 0x05, 0x16, 0x2D, 0xB0, 0xD8, 0x02,
  0x8B, 0x5F, 0x60, 0x09, 0x0A, 0x2C, 0x5A, 0x60, 0xB1, 0x05, 0x16, 0xBF, 0xC0, 0x12, 0x14, 0x58,
  0xB4, 0xC0, 0x62, 0x0B, 0x2C, 0x7E, 0x81, 0x25, 0x28, 0xB0, 0x68, 0x81, 0x47, 0xB6, 0xC0, 0x23,
  0xBF, 0xC0, 0xF2, 0x5F, 0x81, 0xCF, 0x47, 0xE7, 0x27, 0x1E, 0xCA, 0xD3, 0x03, 0x19, 0xF3, 0x9B,
  0x3F, 0x50, 0x4B, 0x03, 0x04, 0x14, 0x00, 0x00, 0x00, 0x00, 0x00, 0x00, 0x00, 0x21, 0x5C, 0xEF,
  0x1E, 0x03, 0x1C, 0x46, 0x00, 0x00, 0x00, 0x46, 0x00, 0x00, 0x00, 0x0F, 0x00, 0x00, 0x00, 0x4F,
  0x45, 0x42, 0x50, 0x53, 0x2F, 0x63, 0x6F, 0x76, 0x65, 0x72, 0x2E, 0x70, 0x6E, 0x67, 0x89, 0x50,
  0x4E, 0x47, 0x0D, 0x0A, 0x1A, 0x0A, 0x00, 0x00, 0x00, 0x0D, 0x49, 0x48, 0x44, 0x52, 0x00, 0x00,
  0x00, 0x01, 0x00, 0x00, 0x00, 0x01, 0x08, 0x02, 0x00, 0x00, 0x00, 0x90, 0x77, 0x53, 0xDE, 0x00,
  0x00, 0x00, 0x0C, 0x49, 0x44, 0x41, 0x54, 0x08, 0xD7, 0x63, 0xF8, 0xCF, 0xC0, 0x00, 0x00, 0x00,
  0x03, 0x01, 0x01, 0x00, 0x18, 0xDD, 0x8D, 0xB0, 0x00, 0x00, 0x00, 0x00, 0x49, 0x45, 0x4E, 0x44,
  0xAE, 0x42, 0x60, 0x82, 0x50, 0x4B, 0x03, 0x04, 0x14, 0x00, 0x00, 0x00, 0x08, 0x00, 0x00, 0x00,
  0x21, 0x5C, 0x1A, 0xDE, 0xE9, 0x91, 0x51, 0x00, 0x00, 0x00, 0x60, 0x00, 0x00, 0x00, 0x0F, 0x00,
  0x00, 0x00, 0x4F, 0x45, 0x42, 0x50, 0x53, 0x2F, 0x63, 0x68, 0x30, 0x2E, 0x78, 0x68, 0x74, 0x6D,
  0x6C, 0xB3, 0xB1, 0xAF, 0xC8, 0xCD, 0x51, 0x28, 0x4B, 0x2D, 0x2A, 0xCE, 0xCC, 0xCF, 0xB3, 0x55,
  0x32, 0xD4, 0x33, 0x50, 0xB2, 0xB7, 0xB3, 0xC9, 0x28, 0xC9, 0xCD, 0xB1, 0xB3, 0x49, 0xCA, 0x4F,
  0xA9, 0x04, 0xB2, 0x0D, 0xED, 0x9C, 0x33, 0x12, 0x0B, 0x4A, 0x52, 0x8B, 0x14, 0x0C, 0x6D, 0xF4,
  0x81, 0x3C, 0x9B, 0x02, 0x3B, 0x27, 0xA0, 0x8C, 0x42, 0x49, 0x6A, 0x45, 0x89, 0x42, 0x5A, 0x7E,
  0x91, 0x42, 0x32, 0x4C, 0x5A, 0xCF, 0x46, 0xBF, 0xC0, 0xCE, 0x46, 0x1F, 0xA2, 0x4F, 0x1F, 0x6C,
  0x08, 0x00, 0x50, 0x4B, 0x03, 0x04, 0x14, 0x00, 0x00, 0x00, 0x08, 0x00, 0x00, 0x00, 0x21, 0x5C,
  0x24, 0x81, 0x72, 0xBB, 0x51, 0x00, 0x00, 0x00, 0x60, 0x00, 0x00, 0x00, 0x0F, 0x00, 0x00, 0x00,
  0x4F, 0x45, 0x42, 0x50, 0x53, 0x2F, 0x63, 0x68, 0x31, 0x2E, 0x78, 0x68, 0x74, 0x6D, 0x6C, 0xB3,
  0xB1, 0xAF, 0xC8, 0xCD, 0x51, 0x28, 0x4B, 0x2D, 0x2A, 0xCE, 0xCC, 0xCF, 0xB3, 0x55, 0x32, 0xD4,
  0x33, 0x50, 0xB2, 0xB7, 0xB3, 0xC9, 0x28, 0xC9, 0xCD, 0xB1, 0xB3, 0x49, 0xCA, 0x4F, 0xA9, 0x04,
  0xB2, 0x0D, 0xED, 0x9C, 0x33, 0x12, 0x0B, 0x4A, 0x52, 0x8B, 0x14, 0x8C, 0x6C, 0xF4, 0x81, 0x3C,
  0x9B, 0x02, 0x3B, 0x27, 0xA0, 0x8C, 0x42, 0x49, 0x6A, 0x45, 0x89, 0x42, 0x5A, 0x7E, 0x91, 0x42,
  0x32, 0x4C, 0x5A, 0xCF, 0x46, 0xBF, 0xC0, 0xCE, 0x46, 0x1F, 0xA2, 0x4F, 0x1F, 0x6C, 0x08, 0x00,
  0x50, 0x4B, 0x03, 0x04, 0x14, 0x00, 0x00, 0x00, 0x08, 0x00, 0x00, 0x00, 0x21, 0x5C, 0xF1, 0x49,
  0x2B, 0x14, 0x51, 0x00, 0x00, 0x00, 0x60, 0x00, 0x00, 0x00, 0x0F, 0x00, 0x00, 0x00, 0x4F, 0x45,
  0x42, 0x50, 0x53, 0x2F, 0x63, 0x68, 0x32, 0x2E, 0x78, 0x68, 0x74, 0x6D, 0x6C, 0xB3, 0xB1, 0xAF,
  0xC8, 0xCD, 0x51, 0x28, 0x4B, 0x2D, 0x2A, 0xCE, 0xCC, 0xCF, 0xB3, 0x55, 0x32, 0xD4, 0x33, 0x50,
  0xB2, 0xB7, 0xB3, 0xC9, 0x28, 0xC9, 0xCD, 0xB1, 0xB3, 0x49, 0xCA, 0x4F, 0xA9, 0x04, 0xB2, 0x0D,
  0xED, 0x9C, 0x33, 0x12, 0x0B, 0x4A, 0x52, 0x8B, 0x14, 0x8C, 0x6D, 0xF4, 0x81, 0x3C, 0x9B, 0x02,
  0x3B, 0x27, 0xA0, 0x8C, 0x42, 0x49, 0x6A, 0x45, 0x89, 0x42, 0x5A, 0x7E, 0x91, 0x42, 0x32, 0x4C,
  0x5A, 0xCF, 0x46, 0xBF, 0xC0, 0xCE, 0x46, 0x1F, 0xA2, 0x4F, 0x1F, 0x6C, 0x08, 0x00, 0x50, 0x4B,
  0x03, 0x04, 0x14, 0x00, 0x00, 0x00, 0x08, 0x00, 0x00, 0x00, 0x21, 0x5C, 0x58, 0x3F, 0x44, 0xEE,
  0x51, 0x00, 0x00, 0x00, 0x60, 0x00, 0x00, 0x00, 0x0F, 0x00, 0x00, 0x00, 0x4F, 0x45, 0x42, 0x50,
  0x53, 0x2F, 0x63, 0x68, 0x33, 0x2E, 0x78, 0x68, 0x74, 0x6D, 0x6C, 0xB3, 0xB1, 0xAF, 0xC8, 0xCD,
  0x51, 0x28, 0x4B, 0x2D, 0x2A, 0xCE, 0xCC, 0xCF, 0xB3, 0x55, 0x32, 0xD4, 0x33, 0x50, 0xB2, 0xB7,
  0xB3, 0xC9, 0x28, 0xC9, 0xCD, 0xB1, 0xB3, 0x49, 0xCA, 0x4F, 0xA9, 0x04, 0xB2, 0x0D, 0xED, 0x9C,
  0x33, 0x12, 0x0B, 0x4A, 0x52, 0x8B, 0x14, 0x4C, 0x6C, 0xF4, 0x81, 0x3C, 0x9B, 0x02, 0x3B, 0x27,
  0xA0, 0x8C, 0x42, 0x49, 0x6A, 0x45, 0x89, 0x42, 0x5A, 0x7E, 0x91, 0x42, 0x32, 0x4C, 0x5A, 0xCF,
  0x46, 0xBF, 0xC0, 0xCE, 0x46, 0x1F, 0xA2, 0x4F, 0x1F, 0x6C, 0x08, 0x00, 0x50, 0x4B, 0x03, 0x04,
  0x14, 0x00, 0x00, 0x00, 0x08, 0x00, 0x00, 0x00, 0x21, 0x5C, 0x8D, 0xF7, 0x1D, 0x41, 0x51, 0x00,
  0x00, 0x00, 0x60, 0x00, 0x00, 0x00, 0x0F, 0x00, 0x00, 0x00, 0x4F, 0x45, 0x42, 0x50, 0x53, 0x2F,
  0x63, 0x68, 0x34, 0x2E, 0x78, 0x68, 0x74, 0x6D, 0x6C, 0xB3, 0xB1, 0xAF, 0xC8, 0xCD, 0x51, 0x28,
  0x4B, 0x2D, 0x2A, 0xCE, 0xCC, 0xCF, 0xB3, 0x55, 0x32, 0xD4, 0x33, 0x50, 0xB2, 0xB7, 0xB3, 0xC9,
  0x28, 0xC9, 0xCD, 0xB1, 0xB3, 0x49, 0xCA, 0x4F, 0xA9, 0x04, 0xB2, 0x0D, 0xED, 0x9C, 0x33, 0x12,
  0x0B, 0x4A, 0x52, 0x8B, 0x14, 0x4C, 0x6D, 0xF4, 0x81, 0x3C, 0x9B, 0x02, 0x3B, 0x27, 0xA0, 0x8C,
  0x42, 0x49, 0x6A, 0x45, 0x89, 0x42, 0x5A, 0x7E, 0x91, 0x42, 0x32, 0x4C, 0x5A, 0xCF, 0x46, 0xBF,
  0xC0, 0xCE, 0x46, 0x1F, 0xA2, 0x4F, 0x1F, 0x6C, 0x08, 0x00, 0x50, 0x4B, 0x03, 0x04, 0x14, 0x00,
  0x00, 0x00, 0x08, 0x00, 0x00, 0x00, 0x21, 0x5C, 0xB3, 0xA8, 0x86, 0x6B, 0x51, 0x00, 0x00, 0x00,
  0x60, 0x00, 0x00, 0x00, 0x0F, 0x00, 0x00, 0x00, 0x4F, 0x45, 0x42, 0x50, 0x53, 0x2F, 0x63, 0x68,
  0x35, 0x2E, 0x78, 0x68, 0x74, 0x6D, 0x6C, 0xB3, 0xB1, 0xAF, 0xC8, 0xCD, 0x51, 0x28, 0x4B, 0x2D,
  0x2A, 0xCE, 0xCC, 0xCF, 0xB3, 0x55, 0x32, 0xD4, 0x33, 0x50, 0xB2, 0xB7, 0xB3, 0xC9, 0x28, 0xC9,
  0xCD, 0xB1, 0xB3, 0x49, 0xCA, 0x4F, 0xA9, 0x04, 0xB2, 0x0D, 0xED, 0x9C, 0x33, 0x12, 0x0B, 0x4A,
  0x52, 0x8B, 0x14, 0xCC, 0x6C, 0xF4, 0x81, 0x3C, 0x9B, 0x02, 0x3B, 0x27, 0xA0, 0x8C, 0x42, 0x49,
  0x6A, 0x45, 0x89, 0x42, 0x5A, 0x7E, 0x91, 0x42, 0x32, 0x4C, 0x5A, 0xCF, 0x46, 0xBF, 0xC0, 0xCE,
  0x46, 0x1F, 0xA2, 0x4F, 0x1F, 0x6C, 0x08, 0x00, 0x50, 0x4B, 0x03, 0x04, 0x14, 0x00, 0x00, 0x00,
  0x08, 0x00, 0x00, 0x00, 0x21, 0x5C, 0x66, 0x60, 0xDF, 0xC4, 0x51, 0x00, 0x00, 0x00, 0x60, 0x00,
  0x00, 0x00, 0x0F, 0x00, 0x00, 0x00, 0x4F, 0x45, 0x42, 0x50, 0x53, 0x2F, 0x63, 0x68, 0x36, 0x2E,
  0x78, 0x68, 0x74, 0x6D, 0x6C, 0xB3, 0xB1, 0xAF, 0xC8, 0xCD, 0x51, 0x28, 0x4B, 0x2D, 0x2A, 0xCE,
  0xCC, 0xCF, 0xB3, 0x55, 0x32, 0xD4, 0x33, 0x50, 0xB2, 0xB7, 0xB3, 0xC9, 0x28, 0xC9, 0xCD, 0xB1,
  0xB3, 0x49, 0xCA, 0x4F, 0xA9, 0x04, 0xB2, 0x0D, 0xED, 0x9C, 0x33, 0x12, 0x0B, 0x4A, 0x52, 0x8B,
  0x14, 0xCC, 0x6D, 0xF4, 0x81, 0x3C, 0x9B, 0x02, 0x3B, 0x27, 0xA0, 0x8C, 0x42, 0x49, 0x6A, 0x45,
  0x89, 0x42, 0x5A, 0x7E, 0x91, 0x42, 0x32, 0x4C, 0x5A, 0xCF, 0x46, 0xBF, 0xC0, 0xCE, 0x46, 0x1F,
  0xA2, 0x4F, 0x1F, 0x6C, 0x08, 0x00, 0x50, 0x4B, 0x03, 0x04, 0x14, 0x00, 0x00, 0x00, 0x08, 0x00,
  0x00, 0x00, 0x21, 0x5C, 0xA0, 0x43, 0x29, 0x44, 0x51, 0x00, 0x00, 0x00, 0x60, 0x00, 0x00, 0x00,
  0x0F, 0x00, 0x00, 0x00, 0x4F, 0x45, 0x42, 0x50, 0x53, 0x2F, 0x63, 0x68, 0x37, 0x2E, 0x78, 0x68,
  0x74, 0x6D, 0x6C, 0xB3, 0xB1, 0xAF, 0xC8, 0xCD, 0x51, 0x28, 0x4B, 0x2D, 0x2A, 0xCE, 0xCC, 0xCF,
  0xB3, 0x55, 0x32, 0xD4, 0x33, 0x50, 0xB2, 0xB7, 0xB3, 0xC9, 0x28, 0xC9, 0xCD, 0xB1, 0xB3, 0x49,
  0xCA, 0x4F, 0xA9, 0x04, 0xB2, 0x0D, 0xED, 0x9C, 0x33, 0x12, 0x0B, 0x4A, 0x52, 0x8B, 0x14, 0x2C,
  0x6C, 0xF4, 0x81, 0x3C, 0x9B, 0x02, 0x3B, 0x27, 0xA0, 0x8C, 0x42, 0x49, 0x6A, 0x45, 0x89, 0x42,
  0x5A, 0x7E, 0x91, 0x42, 0x32, 0x4C, 0x5A, 0xCF, 0x46, 0xBF, 0xC0, 0xCE, 0x46, 0x1F, 0xA2, 0x4F,
  0x1F, 0x6C, 0x08, 0x00, 0x50, 0x4B, 0x03, 0x04, 0x14, 0x00, 0x00, 0x00, 0x08, 0x00, 0x00, 0x00,
  0x21, 0x5C, 0x75, 0x8B, 0x70, 0xEB, 0x51, 0x00, 0x00, 0x00, 0x60, 0x00, 0x00, 0x00, 0x0F, 0x00,
  0x00, 0x00, 0x4F, 0x45, 0x42, 0x50, 0x53, 0x2F, 0x63, 0x68, 0x38, 0x2E, 0x78, 0x68, 0x74, 0x6D,
  0x6C, 0xB3, 0xB1, 0xAF, 0xC8, 0xCD, 0x51, 0x28, 0x4B, 0x2D, 0x2A, 0xCE, 0xCC, 0xCF, 0xB3, 0x55,
  0x32, 0xD4, 0x33, 0x50, 0xB2, 0xB7, 0xB3, 0xC9, 0x28, 0xC9, 0xCD, 0xB1, 0xB3, 0x49, 0xCA, 0x4F,
  0xA9, 0x04, 0xB2, 0x0D, 0xED, 0x9C, 0x33, 0x12, 0x0B, 0x4A, 0x52, 0x8B, 0x14, 0x2C, 0x6D, 0xF4,
  0x81, 0x3C, 0x9B, 0x02, 0x3B, 0x27, 0xA0, 0x8C, 0x42, 0x49, 0x6A, 0x45, 0x89, 0x42, 0x5A, 0x7E,
  0x91, 0x42, 0x32, 0x4C, 0x5A, 0xCF, 0x46, 0xBF, 0xC0, 0xCE, 0x46, 0x1F, 0xA2, 0x4F, 0x1F, 0x6C,
  0x08, 0x00, 0x50, 0x4B, 0x03, 0x04, 0x14, 0x00, 0x00, 0x00, 0x08, 0x00, 0x00, 0x00, 0x21, 0x5C,
  0x6E, 0x87, 0xBB, 0x29, 0x52, 0x00, 0x00, 0x00, 0x62, 0x00, 0x00, 0x00, 0x0F, 0x00, 0x00, 0x00,
  0x4F, 0x45, 0x42, 0x50, 0x53, 0x2F, 0x63, 0x68, 0x39, 0x2E, 0x78, 0x68, 0x74, 0x6D, 0x6C, 0xB3,
  0xB1, 0xAF, 0xC8, 0xCD, 0x51, 0x28, 0x4B, 0x2D, 0x2A, 0xCE, 0xCC, 0xCF, 0xB3, 0x55, 0x32, 0xD4,
  0x33, 0x50, 0xB2, 0xB7, 0xB3, 0xC9, 0x28, 0xC9, 0xCD, 0xB1, 0xB3, 0x49, 0xCA, 0x4F, 0xA9, 0x04,
  0xB2, 0x0D, 0xED, 0x9C, 0x33, 0x12, 0x0B, 0x4A, 0x52, 0x8B, 0x14, 0x0C, 0x0D, 0x6C, 0xF4, 0x81,
  0x5C, 0x9B, 0x02, 0x3B, 0x27, 0xA0, 0x94, 0x42, 0x49, 0x6A, 0x45, 0x89, 0x42, 0x5A, 0x7E, 0x91,
  0x42, 0x32, 0x5C, 0x5E, 0xCF, 0x46, 0xBF, 0xC0, 0xCE, 0x46, 0x1F, 0xA2, 0x53, 0x1F, 0x6C, 0x0C,
  0x00, 0x50, 0x4B, 0x03, 0x04, 0x14, 0x00, 0x00, 0x00, 0x08, 0x00, 0x00, 0x00, 0x21, 0x5C, 0x25,
  0x40, 0x10, 0x25, 0x52, 0x00, 0x00, 0x00, 0x62, 0x00, 0x00, 0x00, 0x10, 0x00, 0x00, 0x00, 0x4F,
  0x45, 0x42, 0x50, 0x53, 0x2F, 0x63, 0x68, 0x31, 0x30, 0x2E, 0x78, 0x68, 0x74, 0x6D, 0x6C, 0xB3,
  0xB1, 0xAF, 0xC8, 0xCD, 0x51, 0x28, 0x4B, 0x2D, 0x2A, 0xCE, 0xCC, 0xCF, 0xB3, 0x55, 0x32, 0xD4,
  0x33, 0x50, 0xB2, 0xB7, 0xB3, 0xC9, 0x28, 0xC9, 0xCD, 0xB1, 0xB3, 0x49, 0xCA, 0x4F, 0xA9, 0x04,
  0xB2, 0x0D, 0xED, 0x9C, 0x33, 0x12, 0x0B, 0x4A, 0x52, 0x8B, 0x14, 0x0C, 0x0D, 0x6D, 0xF4, 0x81,
  0x5C, 0x9B, 0x02, 0x3B, 0x27, 0xA0, 0x94, 0x42, 0x49, 0x6A, 0x45, 0x89, 0x42, 0x5A, 0x7E, 0x91,
  0x42, 0x32, 0x5C, 0x5E, 0xCF, 0x46, 0xBF, 0xC0, 0xCE, 0x46, 0x1F, 0xA2, 0x53, 0x1F, 0x6C, 0x0C,
  0x00, 0x50, 0x4B, 0x03, 0x04, 0x14, 0x00, 0x00, 0x00, 0x08, 0x00, 0x00, 0x00, 0x21, 0x5C, 0xF8,
  0x09, 0xEC, 0x30, 0x52, 0x00, 0x00, 0x00, 0x62, 0x00, 0x00, 0x00, 0x10, 0x00, 0x00, 0x00, 0x4F,
  0x45, 0x42, 0x50, 0x53, 0x2F, 0x63, 0x68, 0x31, 0x31, 0x2E, 0x78, 0x68, 0x74, 0x6D, 0x6C, 0xB3,
  0xB1, 0xAF, 0xC8, 0xCD, 0x51, 0x28, 0x4B, 0x2D, 0x2A, 0xCE, 0xCC, 0xCF, 0xB3, 0x55, 0x32, 0xD4,
  0x33, 0x50, 0xB2, 0xB7, 0xB3, 0xC9, 0x28, 0xC9, 0xCD, 0xB1, 0xB3, 0x49, 0xCA, 0x4F, 0xA9, 0x04,
  0xB2, 0x0D, 0xED, 0x9C, 0x33, 0x12, 0x0B, 0x4A, 0x52, 0x8B, 0x14, 0x0C, 0x8D, 0x6C, 0xF4, 0x81,
  0x5C, 0x9B, 0x02, 0x3B, 0x27, 0xA0, 0x94, 0x42, 0x49, 0x6A, 0x45, 0x89, 0x42, 0x5A, 0x7E, 0x91,
  0x42, 0x32, 0x5C, 0x5E, 0xCF, 0x46, 0xBF, 0xC0, 0xCE, 0x46, 0x1F, 0xA2, 0x53, 0x1F, 0x6C, 0x0C,
  0x00, 0x50, 0x4B, 0x03, 0x04, 0x14, 0x00, 0x00, 0x00, 0x08, 0x00, 0x00, 0x00, 0x21, 0x5C, 0xB3,
  0xCE, 0x47, 0x3C, 0x52, 0x00, 0x00, 0x00, 0x62, 0x00, 0x00, 0x00, 0x10, 0x00, 0x00, 0x00, 0x4F,
  0x45, 0x42, 0x50, 0x53, 0x2F, 0x63, 0x68, 0x31, 0x32, 0x2E, 0x78, 0x68, 0x74, 0x6D, 0x6C, 0xB3,
  0xB1, 0xAF, 0xC8, 0xCD, 0x51, 0x28, 0x4B, 0x2D, 0x2A, 0xCE, 0xCC, 0xCF, 0xB3, 0x55, 0x32, 0xD4,
  0x33, 0x50, 0xB2, 0xB7, 0xB3, 0xC9, 0x28, 0xC9, 0xCD, 0xB1, 0xB3, 0x49, 0xCA, 0x4F, 0xA9, 0x04,
  0xB2, 0x0D, 0xED, 0x9C, 0x33, 0x12, 0x0B, 0x4A, 0x52, 0x8B, 0x14, 0x0C, 0x8D, 0x6D, 0xF4, 0x81,
  0x5C, 0x9B, 0x02, 0x3B, 0x27, 0xA0, 0x94, 0x42, 0x49, 0x6A, 0x45, 0x89, 0x42, 0x5A, 0x7E, 0x91,
  0x42, 0x32, 0x5C, 0x5E, 0xCF, 0x46, 0xBF, 0xC0, 0xCE, 0x46, 0x1F, 0xA2, 0x53, 0x1F, 0x6C, 0x0C,
  0x00, 0x50, 0x4B, 0x03, 0x04, 0x14, 0x00, 0x00, 0x00, 0x08, 0x00, 0x00, 0x00, 0x21, 0x5C, 0x42,
  0x9A, 0x14, 0x1B, 0x52, 0x00, 0x00, 0x00, 0x62, 0x00, 0x00, 0x00, 0x10, 0x00, 0x00, 0x00, 0x4F,
  0x45, 0x42, 0x50, 0x53, 0x2F, 0x63, 0x68, 0x31, 0x33, 0x2E, 0x78, 0x68, 0x74, 0x6D, 0x6C, 0xB3,
  0xB1, 0xAF, 0xC8, 0xCD, 0x51, 0x28, 0x4B, 0x2D, 0x2A, 0xCE, 0xCC, 0xCF, 0xB3, 0x55, 0x32, 0xD4,
  0x33, 0x50, 0xB2, 0xB7, 0xB3, 0xC9, 0x28, 0xC9, 0xCD, 0xB1, 0xB3, 0x49, 0xCA, 0x4F, 0xA9, 0x04,
  0xB2, 0x0D, 0xED, 0x9C, 0x33, 0x12, 0x0B, 0x4A, 0x52, 0x8B, 0x14, 0x0C, 0x4D, 0x6C, 0xF4, 0x81,
  0x5C, 0x9B, 0x02, 0x3B, 0x27, 0xA0, 0x94, 0x42, 0x49, 0x6A, 0x45, 0x89, 0x42, 0x5A, 0x7E, 0x91,
  0x42, 0x32, 0x5C, 0x5E, 0xCF, 0x46, 0xBF, 0xC0, 0xCE, 0x46, 0x1F, 0xA2, 0x53, 0x1F, 0x6C, 0x0C,
  0x00, 0x50, 0x4B, 0x03, 0x04, 0x14, 0x00, 0x00, 0x00, 0x08, 0x00, 0x00, 0x00, 0x21, 0x5C, 0x09,
  0x5D, 0xBF, 0x17, 0x52, 0x00, 0x00, 0x00, 0x62, 0x00, 0x00, 0x00, 0x10, 0x00, 0x00, 0x00, 0x4F,
  0x45, 0x42, 0x50, 0x53, 0x2F, 0x63, 0x68, 0x31, 0x34, 0x2E, 0x78, 0x68, 0x74, 0x6D, 0x6C, 0xB3,
  0xB1, 0xAF, 0xC8, 0xCD, 0x51, 0x28, 0x4B, 0x2D, 0x2A, 0xCE, 0xCC, 0xCF, 0xB3, 0x55, 0x32, 0xD4,
  0x33, 0x50, 0xB2, 0xB7, 0xB3, 0xC9, 0x28, 0xC9, 0xCD, 0xB1, 0xB3, 0x49, 0xCA, 0x4F, 0xA9, 0x04,
  0xB2, 0x0D, 0xED, 0x9C, 0x33, 0x12, 0x0B, 0x4A, 0x52, 0x8B, 0x14, 0x0C, 0x4D, 0x6D, 0xF4, 0x81,
  0x5C, 0x9B, 0x02, 0x3B, 0x27, 0xA0, 0x94, 0x42, 0x49, 0x6A, 0x45, 0x89, 0x42, 0x5A, 0x7E, 0x91,
  0x42, 0x32, 0x5C, 0x5E, 0xCF, 0x46, 0xBF, 0xC0, 0xCE, 0x46, 0x1F, 0xA2, 0x53, 0x1F, 0x6C, 0x0C,
  0x00, 0x50, 0x4B, 0x03, 0x04, 0x14, 0x00, 0x00, 0x00, 0x08, 0x00, 0x00, 0x00, 0x21, 0x5C, 0xD4,
  0x14, 0x43, 0x02, 0x52, 0x00, 0x00, 0x00, 0x62, 0x00, 0x00, 0x00, 0x10, 0x00, 0x00, 0x00, 0x4F,
  0x45, 0x42, 0x50, 0x53, 0x2F, 0x63, 0x68, 0x31, 0x35, 0x2E, 0x78, 0x68, 0x74, 0x6D, 0x6C, 0xB3,
  0xB1, 0xAF, 0xC8, 0xCD, 0x51, 0x28, 0x4B, 0x2D, 0x2A, 0xCE, 0xCC, 0xCF, 0xB3, 0x55, 0x32, 0xD4,
  0x33, 0x50, 0xB2, 0xB7, 0xB3, 0xC9, 0x28, 0xC9, 0xCD, 0xB1, 0xB3, 0x49, 0xCA, 0x4F, 0xA9, 0x04,
  0xB2, 0x0D, 0xED, 0x9C, 0x33, 0x12, 0x0B, 0x4A, 0x52, 0x8B, 0x14, 0x0C, 0xCD, 0x6C, 0xF4, 0x81,
  0x5C, 0x9B, 0x02, 0x3B, 0x27, 0xA0, 0x94, 0x42, 0x49, 0x6A, 0x45, 0x89, 0x42, 0x5A, 0x7E, 0x91,
  0x42, 0x32, 0x5C, 0x5E, 0xCF, 0x46, 0xBF, 0xC0, 0xCE, 0x46, 0x1F, 0xA2, 0x53, 0x1F, 0x6C, 0x0C,
  0x00, 0x50, 0x4B, 0x03, 0x04, 0x14, 0x00, 0x00, 0x00, 0x08, 0x00, 0x00, 0x00, 0x21, 0x5C, 0x9F,
  0xD3, 0xE8, 0x0E, 0x52, 0x00, 0x00, 0x00, 0x62, 0x00, 0x00, 0x00, 0x10, 0x00, 0x00, 0x00, 0x4F,
  0x45, 0x42, 0x50, 0x53, 0x2F, 0x63, 0x68, 0x31, 0x36, 0x2E, 0x78, 0x68, 0x74, 0x6D, 0x6C, 0xB3,
  0xB1, 0xAF, 0xC8, 0xCD, 0x51, 0x28, 0x4B, 0x2D, 0x2A, 0xCE, 0xCC, 0xCF, 0xB3, 0x55, 0x32, 0xD4,
  0x33, 0x50, 0xB2, 0xB7, 0xB3, 0xC9, 0x28, 0xC9, 0xCD, 0xB1, 0xB3, 0x49, 0xCA, 0x4F, 0xA9, 0x04,
  0xB2, 0x0D, 0xED, 0x9C, 0x33, 0x12, 0x0B, 0x4A, 0x52, 0x8B, 0x14, 0x0C, 0xCD, 0x6D, 0xF4, 0x81,
  0x5C, 0x9B, 0x02, 0x3B, 0x27, 0xA0, 0x94, 0x42, 0x49, 0x6A, 0x45, 0x89, 0x42, 0x5A, 0x7E, 0x91,
  0x42, 0x32, 0x5C, 0x5E, 0xCF, 0x46, 0xBF, 0xC0, 0xCE, 0x46, 0x1F, 0xA2, 0x53, 0x1F, 0x6C, 0x0C,
  0x00, 0x50, 0x4B, 0x03, 0x04, 0x14, 0x00, 0x00, 0x00, 0x08, 0x00, 0x00, 0x00, 0x21, 0x5C, 0x36,
  0xBD, 0xE5, 0x4C, 0x52, 0x00, 0x00, 0x00, 0x62, 0x00, 0x00, 0x00, 0x10, 0x00, 0x00, 0x00, 0x4F,
  0x45, 0x42, 0x50, 0x53, 0x2F, 0x63, 0x68, 0x31, 0x37, 0x2E, 0x78, 0x68, 0x74, 0x6D, 0x6C, 0xB3,
  0xB1, 0xAF, 0xC8, 0xCD, 0x51, 0x28, 0x4B, 0x2D, 0x2A, 0xCE, 0xCC, 0xCF, 0xB3, 0x55, 0x32, 0xD4,
  0x33, 0x50, 0xB2, 0xB7, 0xB3, 0xC9, 0x28, 0xC9, 0xCD, 0xB1, 0xB3, 0x49, 0xCA, 0x4F, 0xA9, 0x04,
  0xB2, 0x0D, 0xED, 0x9C, 0x33, 0x12, 0x0B, 0x4A, 0x52, 0x8B, 0x14, 0x0C, 0x2D, 0x6C, 0xF4, 0x81,
  0x5C, 0x9B, 0x02, 0x3B, 0x27, 0xA0, 0x94, 0x42, 0x49, 0x6A, 0x45, 0x89, 0x42, 0x5A, 0x7E, 0x91,
  0x42, 0x32, 0x5C, 0x5E, 0xCF, 0x46, 0xBF, 0xC0, 0xCE, 0x46, 0x1F, 0xA2, 0x53, 0x1F, 0x6C, 0x0C,
  0x00, 0x50, 0x4B, 0x03, 0x04, 0x14, 0x00, 0x00, 0x00, 0x08, 0x00, 0x00, 0x00, 0x21, 0x5C, 0x7D,
  0x7A, 0x4E, 0x40, 0x52, 0x00, 0x00, 0x00, 0x62, 0x00, 0x00, 0x00, 0x10, 0x00, 0x00, 0x00, 0x4F,
  0x45, 0x42, 0x50, 0x53, 0x2F, 0x63, 0x68, 0x31, 0x38, 0x2E, 0x78, 0x68, 0x74, 0x6D, 0x6C, 0xB3,
  0xB1, 0xAF, 0xC8, 0xCD, 0x51, 0x28, 0x4B, 0x2D, 0x2A, 0xCE, 0xCC, 0xCF, 0xB3, 0x55, 0x32, 0xD4,
  0x33, 0x50, 0xB2, 0xB7, 0xB3, 0xC9, 0x28, 0xC9, 0xCD, 0xB1, 0xB3, 0x49, 0xCA, 0x4F, 0xA9, 0x04,
  0xB2, 0x0D, 0xED, 0x9C, 0x33, 0x12, 0x0B, 0x4A, 0x52, 0x8B, 0x14, 0x0C, 0x2D, 0x6D, 0xF4, 0x81,
  0x5C, 0x9B, 0x02, 0x3B, 0x27, 0xA0, 0x94, 0x42, 0x49, 0x6A, 0x45, 0x89, 0x42, 0x5A, 0x7E, 0x91,
  0x42, 0x32, 0x5C, 0x5E, 0xCF, 0x46, 0xBF, 0xC0, 0xCE, 0x46, 0x1F, 0xA2, 0x53, 0x1F, 0x6C, 0x0C,
  0x00, 0x50, 0x4B, 0x03, 0x04, 0x14, 0x00, 0x00, 0x00, 0x08, 0x00, 0x00, 0x00, 0x21, 0x5C, 0x4E,
  0xD5, 0xCC, 0xD1, 0x52, 0x00, 0x00, 0x00, 0x62, 0x00, 0x00, 0x00, 0x10, 0x00, 0x00, 0x00, 0x4F,
  0x45, 0x42, 0x50, 0x53, 0x2F, 0x63, 0x68, 0x31, 0x39, 0x2E, 0x78, 0x68, 0x74, 0x6D, 0x6C, 0xB3,
  0xB1, 0xAF, 0xC8, 0xCD, 0x51, 0x28, 0x4B, 0x2D, 0x2A, 0xCE, 0xCC, 0xCF, 0xB3, 0x55, 0x32, 0xD4,
  0x33, 0x50, 0xB2, 0xB7, 0xB3, 0xC9, 0x28, 0xC9, 0xCD, 0xB1, 0xB3, 0x49, 0xCA, 0x4F, 0xA9, 0x04,
  0xB2, 0x0D, 0xED, 0x9C, 0x33, 0x12, 0x0B, 0x4A, 0x52, 0x8B, 0x14, 0x8C, 0x0C, 0x6C, 0xF4, 0x81,
  0x5C, 0x9B, 0x02, 0x3B, 0x27, 0xA0, 0x94, 0x42, 0x49, 0x6A, 0x45, 0x89, 0x42, 0x5A, 0x7E, 0x91,
  0x42, 0x32, 0x5C, 0x5E, 0xCF, 0x46, 0xBF, 0xC0, 0xCE, 0x46, 0x1F, 0xA2, 0x53, 0x1F, 0x6C, 0x0C,
  0x00, 0x50, 0x4B, 0x03, 0x04, 0x14, 0x00, 0x00, 0x00, 0x08, 0x00, 0x00, 0x00, 0x21, 0x5C, 0x05,
  0x12, 0x67, 0xDD, 0x52, 0x00, 0x00, 0x00, 0x62, 0x00, 0x00, 0x00, 0x10, 0x00, 0x00, 0x00, 0x4F,
  0x45, 0x42, 0x50, 0x53, 0x2F, 0x63, 0x68, 0x32, 0x30, 0x2E, 0x78, 0x68, 0x74, 0x6D, 0x6C, 0xB3,
  0xB1, 0xAF, 0xC8, 0xCD, 0x51, 0x28, 0x4B, 0x2D, 0x2A, 0xCE, 0xCC, 0xCF, 0xB3, 0x55, 0x32, 0xD4,
  0x33, 0x50, 0xB2, 0xB7, 0xB3, 0xC9, 0x28, 0xC9, 0xCD, 0xB1, 0xB3, 0x49, 0xCA, 0x4F, 0xA9, 0x04,
  0xB2, 0x0D, 0xED, 0x9C, 0x33, 0x12, 0x0B, 0x4A, 0x52, 0x8B, 0x14, 0x8C, 0x0C, 0x6D, 0xF4, 0x81,
  0x5C, 0x9B, 0x02, 0x3B, 0x27, 0xA0, 0x94, 0x42, 0x49, 0x6A, 0x45, 0x89, 0x42, 0x5A, 0x7E, 0x91,
  0x42, 0x32, 0x5C, 0x5E, 0xCF, 0x46, 0xBF, 0xC0, 0xCE, 0x46, 0x1F, 0xA2, 0x53, 0x1F, 0x6C, 0x0C,
  0x00, 0x50, 0x4B, 0x03, 0x04, 0x14, 0x00, 0x00, 0x00, 0x08, 0x00, 0x00, 0x00, 0x21, 0x5C, 0xD8,
  0x5B, 0x9B, 0xC8, 0x52, 0x00, 0x00, 0x00, 0x62, 0x00, 0x00, 0x00, 0x10, 0x00, 0x00, 0x00, 0x4F,
  0x45, 0x42, 0x50, 0x53, 0x2F, 0x63, 0x68, 0x32, 0x31, 0x2E, 0x78, 0x68, 0x74, 0x6D, 0x6C, 0xB3,
  0xB1, 0xAF, 0xC8, 0xCD, 0x51, 0x28, 0x4B, 0x2D, 0x2A, 0xCE, 0xCC, 0xCF, 0xB3, 0x55, 0x32, 0xD4,
  0x33, 0x50, 0xB2, 0xB7, 0xB3, 0xC9, 0x28, 0xC9, 0xCD, 0xB1, 0xB3, 0x49, 0xCA, 0x4F, 0xA9, 0x04,
  0xB2, 0x0D, 0xED, 0x9C, 0x33, 0x12, 0x0B, 0x4A, 0x52, 0x8B, 0x14, 0x8C, 0x8C, 0x6C, 0xF4, 0x81,
  0x5C, 0x9B, 0x02, 0x3B, 0x27, 0xA0, 0x94, 0x42, 0x49, 0x6A, 0x45, 0x89, 0x42, 0x5A, 0x7E, 0x91,
  0x42, 0x32, 0x5C, 0x5E, 0xCF, 0x46, 0xBF, 0xC0, 0xCE, 0x46, 0x1F, 0xA2, 0x53, 0x1F, 0x6C, 0x0C,
  0x00, 0x50, 0x4B, 0x03, 0x04, 0x14, 0x00, 0x00, 0x00, 0x08, 0x00, 0x00, 0x00, 0x21, 0x5C, 0x93,
  0x9C, 0x30, 0xC4, 0x52, 0x00, 0x00, 0x00, 0x62, 0x00, 0x00, 0x00, 0x10, 0x00, 0x00, 0x00, 0x4F,
  0x45, 0x42, 0x50, 0x53, 0x2F, 0x63, 0x68, 0x32, 0x32, 0x2E, 0x78, 0x68, 0x74, 0x6D, 0x6C, 0xB3,
  0xB1, 0xAF, 0xC8, 0xCD, 0x51, 0x28, 0x4B, 0x2D, 0x2A, 0xCE, 0xCC, 0xCF, 0xB3, 0x55, 0x32, 0xD4,
  0x33, 0x50, 0xB2, 0xB7, 0xB3, 0xC9, 0x28, 0xC9, 0xCD, 0xB1, 0xB3, 0x49, 0xCA, 0x4F, 0xA9, 0x04,
  0xB2, 0x0D, 0xED, 0x9C, 0x33, 0x12, 0x0B, 0x4A, 0x52, 0x8B, 0x14, 0x8C, 0x8C, 0x6D, 0xF4, 0x81,
  0x5C, 0x9B, 0x02, 0x3B, 0x27, 0xA0, 0x94, 0x42, 0x49, 0x6A, 0x45, 0x89, 0x42, 0x5A, 0x7E, 0x91,
  0x42, 0x32, 0x5C, 0x5E, 0xCF, 0x46, 0xBF, 0xC0, 0xCE, 0x46, 0x1F, 0xA2, 0x53, 0x1F, 0x6C, 0x0C,
  0x00, 0x50, 0x4B, 0x03, 0x04, 0x14, 0x00, 0x00, 0x00, 0x08, 0x00, 0x00, 0x00, 0x21, 0x5C, 0x62,
  0xC8, 0x63, 0xE3, 0x52, 0x00, 0x00, 0x00, 0x62, 0x00, 0x00, 0x00, 0x10, 0x00, 0x00, 0x00, 0x4F,
  0x45, 0x42, 0x50, 0x53, 0x2F, 0x63, 0x68, 0x32, 0x33, 0x2E, 0x78, 0x68, 0x74, 0x6D, 0x6C, 0xB3,
  0xB1, 0xAF, 0xC8, 0xCD, 0x51, 0x28, 0x4B, 0x2D, 0x2A, 0xCE, 0xCC, 0xCF, 0xB3, 0x55, 0x32, 0xD4,
  0x33, 0x50, 0xB2, 0xB7, 0xB3, 0xC9, 0x28, 0xC9, 0xCD, 0xB1, 0xB3, 0x49, 0xCA, 0x4F, 0xA9, 0x04,
  0xB2, 0x0D, 0xED, 0x9C, 0x33, 0x12, 0x0B, 0x4A, 0x52, 0x8B, 0x14, 0x8C, 0x4C, 0x6C, 0xF4, 0x81,
  0x5C, 0x9B, 0x02, 0x3B, 0x27, 0xA0, 0x94, 0x42, 0x49, 0x6A, 0x45, 0x89, 0x42, 0x5A, 0x7E, 0x91,
  0x42, 0x32, 0x5C, 0x5E, 0xCF, 0x46, 0xBF, 0xC0, 0xCE, 0x46, 0x1F, 0xA2, 0x53, 0x1F, 0x6C, 0x0C,
  0x00, 0x50, 0x4B, 0x03, 0x04, 0x14, 0x00, 0x00, 0x00, 0x08, 0x00, 0x00, 0x00, 0x21, 0x5C, 0x29,
  0x0F, 0xC8, 0xEF, 0x52, 0x00, 0x00, 0x00, 0x62, 0x00, 0x00, 0x00, 0x10, 0x00, 0x00, 0x00, 0x4F,
  0x45, 0x42, 0x50, 0x53, 0x2F, 0x63, 0x68, 0x32, 0x34, 0x2E, 0x78, 0x68, 0x74, 0x6D, 0x6C, 0xB3,
  0xB1, 0xAF, 0xC8, 0xCD, 0x51, 0x28, 0x4B, 0x2D, 0x2A, 0xCE, 0xCC, 0xCF, 0xB3, 0x55, 0x32, 0xD4,
  0x33, 0x50, 0xB2, 0xB7, 0xB3, 0xC9, 0x28, 0xC9, 0xCD, 0xB1, 0xB3, 0x49, 0xCA, 0x4F, 0xA9, 0x04,
  0xB2, 0x0D, 0xED, 0x9C, 0x33, 0x12, 0x0B, 0x4A, 0x52, 0x8B, 0x14, 0x8C, 0x4C, 0x6D, 0xF4, 0x81,
  0x5C, 0x9B, 0x02, 0x3B, 0x27, 0xA0, 0x94, 0x42, 0x49, 0x6A, 0x45, 0x89, 0x42, 0x5A, 0x7E, 0x91,
  0x42, 0x32, 0x5C, 0x5E, 0xCF, 0x46, 0xBF, 0xC0, 0xCE, 0x46, 0x1F, 0xA2, 0x53, 0x1F, 0x6C, 0x0C,
  0x00, 0x50, 0x4B, 0x03, 0x04, 0x14, 0x00, 0x00, 0x00, 0x08, 0x00, 0x00, 0x00, 0x21, 0x5C, 0xF4,
  0x46, 0x34, 0xFA, 0x52, 0x00, 0x00, 0x00, 0x62, 0x00, 0x00, 0x00, 0x10, 0x00, 0x00, 0x00, 0x4F,
  0x45, 0x42, 0x50, 0x53, 0x2F, 0x63, 0x68, 0x32, 0x35, 0x2E, 0x78, 0x68, 0x74, 0x6D, 0x6C, 0xB3,
  0xB1, 0xAF, 0xC8, 0xCD, 0x51, 0x28, 0x4B, 0x2D, 0x2A, 0xCE, 0xCC, 0xCF, 0xB3, 0x55, 0x32, 0xD4,
  0x33, 0x50, 0xB2, 0xB7, 0xB3, 0xC9, 0x28, 0xC9, 0xCD, 0xB1, 0xB3, 0x49, 0xCA, 0x4F, 0xA9, 0x04,
  0xB2, 0x0D, 0xED, 0x9C, 0x33, 0x12, 0x0B, 0x4A, 0x52, 0x8B, 0x14, 0x8C, 0xCC, 0x6C, 0xF4, 0x81,
  0x5C, 0x9B, 0x02, 0x3B, 0x27, 0xA0, 0x94, 0x42, 0x49, 0x6A, 0x45, 0x89, 0x42, 0x5A, 0x7E, 0x91,
  0x42, 0x32, 0x5C, 0x5E, 0xCF, 0x46, 0xBF, 0xC0, 0xCE, 0x46, 0x1F, 0xA2, 0x53, 0x1F, 0x6C, 0x0C,
  0x00, 0x50, 0x4B, 0x03, 0x04, 0x14, 0x00, 0x00, 0x00, 0x08, 0x00, 0x00, 0x00, 0x21, 0x5C, 0xBF,
  0x81, 0x9F, 0xF6, 0x52, 0x00, 0x00, 0x00, 0x62, 0x00, 0x00, 0x00, 0x10, 0x00, 0x00, 0x00, 0x4F,
  0x45, 0x42, 0x50, 0x53, 0x2F, 0x63, 0x68, 0x32, 0x36, 0x2E, 0x78, 0x68, 0x74, 0x6D, 0x6C, 0xB3,
  0xB1, 0xAF, 0xC8, 0xCD, 0x51, 0x28, 0x4B, 0x2D, 0x2A, 0xCE, 0xCC, 0xCF, 0xB3, 0x55, 0x32, 0xD4,
  0x33, 0x50, 0xB2, 0xB7, 0xB3, 0xC9, 0x28, 0xC9, 0xCD, 0xB1, 0xB3, 0x49, 0xCA, 0x4F, 0xA9, 0x04,
  0xB2, 0x0D, 0xED, 0x9C, 0x33, 0x12, 0x0B, 0x4A, 0x52, 0x8B, 0x14, 0x8C, 0xCC, 0x6D, 0xF4, 0x81,
  0x5C, 0x9B, 0x02, 0x3B, 0x27, 0xA0, 0x94, 0x42, 0x49, 0x6A, 0x45, 0x89, 0x42, 0x5A, 0x7E, 0x91,
  0x42, 0x32, 0x5C, 0x5E, 0xCF, 0x46, 0xBF, 0xC0, 0xCE, 0x46, 0x1F, 0xA2, 0x53, 0x1F, 0x6C, 0x0C,
  0x00, 0x50, 0x4B, 0x03, 0x04, 0x14, 0x00, 0x00, 0x00, 0x08, 0x00, 0x00, 0x00, 0x21, 0x5C, 0x16,
  0xEF, 0x92, 0xB4, 0x52, 0x00, 0x00, 0x00, 0x62, 0x00, 0x00, 0x00, 0x10, 0x00, 0x00, 0x00, 0x4F,
  0x45, 0x42, 0x50, 0x53, 0x2F, 0x63, 0x68, 0x32, 0x37, 0x2E, 0x78, 0x68, 0x74, 0x6D, 0x6C, 0xB3,
  0xB1, 0xAF, 0xC8, 0xCD, 0x51, 0x28, 0x4B, 0x2D, 0x2A, 0xCE, 0xCC, 0xCF, 0xB3, 0x55, 0x32, 0xD4,
  0x33, 0x50, 0xB2, 0xB7, 0xB3, 0xC9, 0x28, 0xC9, 0xCD, 0xB1, 0xB3, 0x49, 0xCA, 0x4F, 0xA9, 0x04,
  0xB2, 0x0D, 0xED, 0x9C, 0x33, 0x12, 0x0B, 0x4A, 0x52, 0x8B, 0x14, 0x8C, 0x2C, 0x6C, 0xF4, 0x81,
  0x5C, 0x9B, 0x02, 0x3B, 0x27, 0xA0, 0x94, 0x42, 0x49, 0x6A, 0x45, 0x89, 0x42, 0x5A, 0x7E, 0x91,
  0x42, 0x32, 0x5C, 0x5E, 0xCF, 0x46, 0xBF, 0xC0, 0xCE, 0x46, 0x1F, 0xA2, 0x53, 0x1F, 0x6C, 0x0C,
  0x00, 0x50, 0x4B, 0x03, 0x04, 0x14, 0x00, 0x00, 0x00, 0x08, 0x00, 0x00, 0x00, 0x21, 0x5C, 0x5D,
  0x28, 0x39, 0xB8, 0x52, 0x00, 0x00, 0x00, 0x62, 0x00, 0x00, 0x00, 0x10, 0x00, 0x00, 0x00, 0x4F,
  0x45, 0x42, 0x50, 0x53, 0x2F, 0x63, 0x68, 0x32, 0x38, 0x2E, 0x78, 0x68, 0x74, 0x6D, 0x6C, 0xB3,
  0xB1, 0xAF, 0xC8, 0xCD, 0x51, 0x28, 0x4B, 0x2D, 0x2A, 0xCE, 0xCC, 0xCF, 0xB3, 0x55, 0x32, 0xD4,
  0x33, 0x50, 0xB2, 0xB7, 0xB3, 0xC9, 0x28, 0xC9, 0xCD, 0xB1, 0xB3, 0x49, 0xCA, 0x4F, 0xA9, 0x04,
  0xB2, 0x0D, 0xED, 0x9C, 0x33, 0x12, 0x0B, 0x4A, 0x52, 0x8B, 0x14, 0x8C, 0x2C, 0x6D, 0xF4, 0x81,
  0x5C, 0x9B, 0x02, 0x3B, 0x27, 0xA0, 0x94, 0x42, 0x49, 0x6A, 0x45, 0x89, 0x42, 0x5A, 0x7E, 0x91,
  0x42, 0x32, 0x5C, 0x5E, 0xCF, 0x46, 0xBF, 0xC0, 0xCE, 0x46, 0x1F, 0xA2, 0x53, 0x1F, 0x6C, 0x0C,
  0x00, 0x50, 0x4B, 0x03, 0x04, 0x14, 0x00, 0x00, 0x00, 0x08, 0x00, 0x00, 0x00, 0x21, 0x5C, 0x91,
  0xE6, 0xCE, 0x30, 0x52, 0x00, 0x00, 0x00, 0x62, 0x00, 0x00, 0x00, 0x10, 0x00, 0x00, 0x00, 0x4F,
  0x45, 0x42, 0x50, 0x53, 0x2F, 0x63, 0x68, 0x32, 0x39, 0x2E, 0x78, 0x68, 0x74, 0x6D, 0x6C, 0xB3,
  0xB1, 0xAF, 0xC8, 0xCD, 0x51, 0x28, 0x4B, 0x2D, 0x2A, 0xCE, 0xCC, 0xCF, 0xB3, 0x55, 0x32, 0xD4,
  0x33, 0x50, 0xB2, 0xB7, 0xB3, 0xC9, 0x28, 0xC9, 0xCD, 0xB1, 0xB3, 0x49, 0xCA, 0x4F, 0xA9, 0x04,
  0xB2, 0x0D, 0xED, 0x9C, 0x33, 0x12, 0x0B, 0x4A, 0x52, 0x8B, 0x14, 0x8C, 0x0D, 0x6C, 0xF4, 0x81,
  0x5C, 0x9B, 0x02, 0x3B, 0x27, 0xA0, 0x94, 0x42, 0x49, 0x6A, 0x45, 0x89, 0x42, 0x5A, 0x7E, 0x91,
  0x42, 0x32, 0x5C, 0x5E, 0xCF, 0x46, 0xBF, 0xC0, 0xCE, 0x46, 0x1F, 0xA2, 0x53, 0x1F, 0x6C, 0x0C,
  0x00, 0x50, 0x4B, 0x03, 0x04, 0x14, 0x00, 0x00, 0x00, 0x08, 0x00, 0x00, 0x00, 0x21, 0x5C, 0xDA,
  0x21, 0x65, 0x3C, 0x52, 0x00, 0x00, 0x00, 0x62, 0x00, 0x00, 0x00, 0x10, 0x00, 0x00, 0x00, 0x4F,
  0x45, 0x42, 0x50, 0x53, 0x2F, 0x63, 0x68, 0x33, 0x30, 0x2E, 0x78, 0x68, 0x74, 0x6D, 0x6C, 0xB3,
  0xB1, 0xAF, 0xC8, 0xCD, 0x51, 0x28, 0x4B, 0x2D, 0x2A, 0xCE, 0xCC, 0xCF, 0xB3, 0x55, 0x32, 0xD4,
  0x33, 0x50, 0xB2, 0xB7, 0xB3, 0xC9, 0x28, 0xC9, 0xCD, 0xB1, 0xB3, 0x49, 0xCA, 0x4F, 0xA9, 0x04,
  0xB2, 0x0D, 0xED, 0x9C, 0x33, 0x12, 0x0B, 0x4A, 0x52, 0x8B, 0x14, 0x8C, 0x0D, 0x6D, 0xF4, 0x81,
  0x5C, 0x9B, 0x02, 0x3B, 0x27, 0xA0, 0x94, 0x42, 0x49, 0x6A, 0x45, 0x89, 0x42, 0x5A, 0x7E, 0x91,
  0x42, 0x32, 0x5C, 0x5E, 0xCF, 0x46, 0xBF, 0xC0, 0xCE, 0x46, 0x1F, 0xA2, 0x53, 0x1F, 0x6C, 0x0C,
  0x00, 0x50, 0x4B, 0x03, 0x04, 0x14, 0x00, 0x00, 0x00, 0x08, 0x00, 0x00, 0x00, 0x21, 0x5C, 0x07,
  0x68, 0x99, 0x29, 0x52, 0x00, 0x00, 0x00, 0x62, 0x00, 0x00, 0x00, 0x10, 0x00, 0x00, 0x00, 0x4F,
  0x45, 0x42, 0x50, 0x53, 0x2F, 0x63, 0x68, 0x33, 0x31, 0x2E, 0x78, 0x68, 0x74, 0x6D, 0x6C, 0xB3,
  0xB1, 0xAF, 0xC8, 0xCD, 0x51, 0x28, 0x4B, 0x2D, 0x2A, 0xCE, 0xCC, 0xCF, 0xB3, 0x55, 0x32, 0xD4,
  0x33, 0x50, 0xB2, 0xB7, 0xB3, 0xC9, 0x28, 0xC9, 0xCD, 0xB1, 0xB3, 0x49, 0xCA, 0x4F, 0xA9, 0x04,
  0xB2, 0x0D, 0xED, 0x9C, 0x33, 0x12, 0x0B, 0x4A, 0x52, 0x8B, 0x14, 0x8C, 0x8D, 0x6C, 0xF4, 0x81,
  0x5C, 0x9B, 0x02, 0x3B, 0x27, 0xA0, 0x94, 0x42, 0x49, 0x6A, 0x45, 0x89, 0x42, 0x5A, 0x7E, 0x91,
  0x42, 0x32, 0x5C, 0x5E, 0xCF, 0x46, 0xBF, 0xC0, 0xCE, 0x46, 0x1F, 0xA2, 0x53, 0x1F, 0x6C, 0x0C,
  0x00, 0x50, 0x4B, 0x03, 0x04, 0x14, 0x00, 0x00, 0x00, 0x08, 0x00, 0x00, 0x00, 0x21, 0x5C, 0x4C,
  0xAF, 0x32, 0x25, 0x52, 0x00, 0x00, 0x00, 0x62, 0x00, 0x00, 0x00, 0x10, 0x00, 0x00, 0x00, 0x4F,
  0x45, 0x42, 0x50, 0x53, 0x2F, 0x63, 0x68, 0x33, 0x32, 0x2E, 0x78, 0x68, 0x74, 0x6D, 0x6C, 0xB3,
  0xB1, 0xAF, 0xC8, 0xCD, 0x51, 0x28, 0x4B, 0x2D, 0x2A, 0xCE, 0xCC, 0xCF, 0xB3, 0x55, 0x32, 0xD4,
  0x33, 0x50, 0xB2, 0xB7, 0xB3, 0xC9, 0x28, 0xC9, 0xCD, 0xB1, 0xB3, 0x49, 0xCA, 0x4F, 0xA9, 0x04,
  0xB2, 0x0D, 0xED, 0x9C, 0x33, 0x12, 0x0B, 0x4A, 0x52, 0x8B, 0x14, 0x8C, 0x8D, 0x6D, 0xF4, 0x81,
  0x5C, 0x9B, 0x02, 0x3B, 0x27, 0xA0, 0x94, 0x42, 0x49, 0x6A, 0x45, 0x89, 0x42, 0x5A, 0x7E, 0x91,
  0x42, 0x32, 0x5C, 0x5E, 0xCF, 0x46, 0xBF, 0xC0, 0xCE, 0x46, 0x1F, 0xA2, 0x53, 0x1F, 0x6C, 0x0C,
  0x00, 0x50, 0x4B, 0x03, 0x04, 0x14, 0x00, 0x00, 0x00, 0x08, 0x00, 0x00, 0x00, 0x21, 0x5C, 0xBD,
  0xFB, 0x61, 0x02, 0x52, 0x00, 0x00, 0x00, 0x62, 0x00, 0x00, 0x00, 0x10, 0x00, 0x00, 0x00, 0x4F,
  0x45, 0x42, 0x50, 0x53, 0x2F, 0x63, 0x68, 0x33, 0x33, 0x2E, 0x78, 0x68, 0x74, 0x6D, 0x6C, 0xB3,
  0xB1, 0xAF, 0xC8, 0xCD, 0x51, 0x28, 0x4B, 0x2D, 0x2A, 0xCE, 0xCC, 0xCF, 0xB3, 0x55, 0x32, 0xD4,
  0x33, 0x50, 0xB2, 0xB7, 0xB3, 0xC9, 0x28, 0xC9, 0xCD, 0xB1, 0xB3, 0x49, 0xCA, 0x4F, 0xA9, 0x04,
  0xB2, 0x0D, 0xED, 0x9C, 0x33, 0x12, 0x0B, 0x4A, 0x52, 0x8B, 0x14, 0x8C, 0x4D, 0x6C, 0xF4, 0x81,
  0x5C, 0x9B, 0x02, 0x3B, 0x27, 0xA0, 0x94, 0x42, 0x49, 0x6A, 0x45, 0x89, 0x42, 0x5A, 0x7E, 0x91,
  0x42, 0x32, 0x5C, 0x5E, 0xCF, 0x46, 0xBF, 0xC0, 0xCE, 0x46, 0x1F, 0xA2, 0x53, 0x1F, 0x6C, 0x0C,
  0x00, 0x50, 0x4B, 0x03, 0x04, 0x14, 0x00, 0x00, 0x00, 0x08, 0x00, 0x00, 0x00, 0x21, 0x5C, 0xF6,
  0x3C, 0xCA, 0x0E, 0x52, 0x00, 0x00, 0x00, 0x62, 0x00, 0x00, 0x00, 0x10, 0x00, 0x00, 0x00, 0x4F,
  0x45, 0x42, 0x50, 0x53, 0x2F, 0x63, 0x68, 0x33, 0x34, 0x2E, 0x78, 0x68, 0x74, 0x6D, 0x6C, 0xB3,
  0xB1, 0xAF, 0xC8, 0xCD, 0x51, 0x28, 0x4B, 0x2D, 0x2A, 0xCE, 0xCC, 0xCF, 0xB3, 0x55, 0x32, 0xD4,
  0x33, 0x50, 0xB2, 0xB7, 0xB3, 0xC9, 0x28, 0xC9, 0xCD, 0xB1, 0xB3, 0x49, 0xCA, 0x4F, 0xA9, 0x04,
  0xB2, 0x0D, 0xED, 0x9C, 0x33, 0x12, 0x0B, 0x4A, 0x52, 0x8B, 0x14, 0x8C, 0x4D, 0x6D, 0xF4, 0x81,
  0x5C, 0x9B, 0x02, 0x3B, 0x27, 0xA0, 0x94, 0x42, 0x49, 0x6A, 0x45, 0x89, 0x42, 0x5A, 0x7E, 0x91,
  0x42, 0x32, 0x5C, 0x5E, 0xCF, 0x46, 0xBF, 0xC0, 0xCE, 0x46, 0x1F, 0xA2, 0x53, 0x1F, 0x6C, 0x0C,
  0x00, 0x50, 0x4B, 0x03, 0x04, 0x14, 0x00, 0x00, 0x00, 0x08, 0x00, 0x00, 0x00, 0x21, 0x5C, 0x2B,
  0x75, 0x36, 0x1B, 0x52, 0x00, 0x00, 0x00, 0x62, 0x00, 0x00, 0x00, 0x10, 0x00, 0x00, 0x00, 0x4F,
  0x45, 0x42, 0x50, 0x53, 0x2F, 0x63, 0x68, 0x33, 0x35, 0x2E, 0x78, 0x68, 0x74, 0x6D, 0x6C, 0xB3,
  0xB1, 0xAF, 0xC8, 0xCD, 0x51, 0x28, 0x4B, 0x2D, 0x2A, 0xCE, 0xCC, 0xCF, 0xB3, 0x55, 0x32, 0xD4,
  0x33, 0x50, 0xB2, 0xB7, 0xB3, 0xC9, 0x28, 0xC9, 0xCD, 0xB1, 0xB3, 0x49, 0xCA, 0x4F, 0xA9, 0x04,
  0xB2, 0x0D, 0xED, 0x9C, 0x33, 0x12, 0x0B, 0x4A, 0x52, 0x8B, 0x14, 0x8C, 0xCD, 0x6C, 0xF4, 0x81,
  0x5C, 0x9B, 0x02, 0x3B, 0x27, 0xA0, 0x94, 0x42, 0x49, 0x6A, 0x45, 0x89, 0x42, 0x5A, 0x7E, 0x91,
  0x42, 0x32, 0x5C, 0x5E, 0xCF, 0x46, 0xBF, 0xC0, 0xCE, 0x46, 0x1F, 0xA2, 0x53, 0x1F, 0x6C, 0x0C,
  0x00, 0x50, 0x4B, 0x03, 0x04, 0x14, 0x00, 0x00, 0x00, 0x08, 0x00, 0x00, 0x00, 0x21, 0x5C, 0x60,
  0xB2, 0x9D, 0x17, 0x52, 0x00, 0x00, 0x00, 0x62, 0x00, 0x00, 0x00, 0x10, 0x00, 0x00, 0x00, 0x4F,
  0x45, 0x42, 0x50, 0x53, 0x2F, 0x63, 0x68, 0x33, 0x36, 0x2E, 0x78, 0x68, 0x74, 0x6D, 0x6C, 0xB3,
  0xB1, 0xAF, 0xC8, 0xCD, 0x51, 0x28, 0x4B, 0x2D, 0x2A, 0xCE, 0xCC, 0xCF, 0xB3, 0x55, 0x32, 0xD4,
  0x33, 0x50, 0xB2, 0xB7, 0xB3, 0xC9, 0x28, 0xC9, 0xCD, 0xB1, 0xB3, 0x49, 0xCA, 0x4F, 0xA9, 0x04,
  0xB2, 0x0D, 0xED, 0x9C, 0x33, 0x12, 0x0B, 0x4A, 0x52, 0x8B, 0x14, 0x8C, 0xCD, 0x6D, 0xF4, 0x81,
  0x5C, 0x9B, 0x02, 0x3B, 0x27, 0xA0, 0x94, 0x42, 0x49, 0x6A, 0x45, 0x89, 0x42, 0x5A, 0x7E, 0x91,
  0x42, 0x32, 0x5C, 0x5E, 0xCF, 0x46, 0xBF, 0xC0, 0xCE, 0x46, 0x1F, 0xA2, 0x53, 0x1F, 0x6C, 0x0C,
  0x00, 0x50, 0x4B, 0x03, 0x04, 0x14, 0x00, 0x00, 0x00, 0x08, 0x00, 0x00, 0x00, 0x21, 0x5C, 0xC9,
  0xDC, 0x90, 0x55, 0x52, 0x00, 0x00, 0x00, 0x62, 0x00, 0x00, 0x00, 0x10, 0x00, 0x00, 0x00, 0x4F,
  0x45, 0x42, 0x50, 0x53, 0x2F, 0x63, 0x68, 0x33, 0x37, 0x2E, 0x78, 0x68, 0x74, 0x6D, 0x6C, 0xB3,
  0xB1, 0xAF, 0xC8, 0xCD, 0x51, 0x28, 0x4B, 0x2D, 0x2A, 0xCE, 0xCC, 0xCF, 0xB3, 0x55, 0x32, 0xD4,
  0x33, 0x50, 0xB2, 0xB7, 0xB3, 0xC9, 0x28, 0xC9, 0xCD, 0xB1, 0xB3, 0x49, 0xCA, 0x4F, 0xA9, 0x04,
  0xB2, 0x0D, 0xED, 0x9C, 0x33, 0x12, 0x0B, 0x4A, 0x52, 0x8B, 0x14, 0x8C, 0x2D, 0x6C, 0xF4, 0x81,
  0x5C, 0x9B, 0x02, 0x3B, 0x27, 0xA0, 0x94, 0x42, 0x49, 0x6A, 0x45, 0x89, 0x42, 0x5A, 0x7E, 0x91,
  0x42, 0x32, 0x5C, 0x5E, 0xCF, 0x46, 0xBF, 0xC0, 0xCE, 0x46, 0x1F, 0xA2, 0x53, 0x1F, 0x6C, 0x0C,
  0x00, 0x50, 0x4B, 0x03, 0x04, 0x14, 0x00, 0x00, 0x00, 0x08, 0x00, 0x00, 0x00, 0x21, 0x5C, 0x82,
  0x1B, 0x3B, 0x59, 0x52, 0x00, 0x00, 0x00, 0x62, 0x00, 0x00, 0x00, 0x10, 0x00, 0x00, 0x00, 0x4F,
  0x45, 0x42, 0x50, 0x53, 0x2F, 0x63, 0x68, 0x33, 0x38, 0x2E, 0x78, 0x68, 0x74, 0x6D, 0x6C, 0xB3,
  0xB1, 0xAF, 0xC8, 0xCD, 0x51, 0x28, 0x4B, 0x2D, 0x2A, 0xCE, 0xCC, 0xCF, 0xB3, 0x55, 0x32, 0xD4,
  0x33, 0x50, 0xB2, 0xB7, 0xB3, 0xC9, 0x28, 0xC9, 0xCD, 0xB1, 0xB3, 0x49, 0xCA, 0x4F, 0xA9, 0x04,
  0xB2, 0x0D, 0xED, 0x9C, 0x33, 0x12, 0x0B, 0x4A, 0x52, 0x8B, 0x14, 0x8C, 0x2D, 0x6D, 0xF4, 0x81,
  0x5C, 0x9B, 0x02, 0x3B, 0x27, 0xA0, 0x94, 0x42, 0x49, 0x6A, 0x45, 0x89, 0x42, 0x5A, 0x7E, 0x91,
  0x42, 0x32, 0x5C, 0x5E, 0xCF, 0x46, 0xBF, 0xC0, 0xCE, 0x46, 0x1F, 0xA2, 0x53, 0x1F, 0x6C, 0x0C,
  0x00, 0x50, 0x4B, 0x03, 0x04, 0x14, 0x00, 0x00, 0x00, 0x08, 0x00, 0x00, 0x00, 0x21, 0x5C, 0x4F,
  0x77, 0x53, 0xFA, 0x52, 0x00, 0x00, 0x00, 0x62, 0x00, 0x00, 0x00, 0x10, 0x00, 0x00, 0x00, 0x4F,
  0x45, 0x42, 0x50, 0x53, 0x2F, 0x63, 0x68, 0x33, 0x39, 0x2E, 0x78, 0x68, 0x74, 0x6D, 0x6C, 0xB3,
  0xB1, 0xAF, 0xC8, 0xCD, 0x51, 0x28, 0x4B, 0x2D, 0x2A, 0xCE, 0xCC, 0xCF, 0xB3, 0x55, 0x32, 0xD4,
  0x33, 0x50, 0xB2, 0xB7, 0xB3, 0xC9, 0x28, 0xC9, 0xCD, 0xB1, 0xB3, 0x49, 0xCA, 0x4F, 0xA9, 0x04,
  0xB2, 0x0D, 0xED, 0x9C, 0x33, 0x12, 0x0B, 0x4A, 0x52, 0x8B, 0x14, 0x4C, 0x0C, 0x6C, 0xF4, 0x81,
  0x5C, 0x9B, 0x02, 0x3B, 0x27, 0xA0, 0x94, 0x42, 0x49, 0x6A, 0x45, 0x89, 0x42, 0x5A, 0x7E, 0x91,
  0x42, 0x32, 0x5C, 0x5E, 0xCF, 0x46, 0xBF, 0xC0, 0xCE, 0x46, 0x1F, 0xA2, 0x53, 0x1F, 0x6C, 0x0C,
  0x00, 0x50, 0x4B, 0x03, 0x04, 0x14, 0x00, 0x00, 0x00, 0x08, 0x00, 0x00, 0x00, 0x21, 0x5C, 0x04,
  0xB0, 0xF8, 0xF6, 0x52, 0x00, 0x00, 0x00, 0x62, 0x00, 0x00, 0x00, 0x10, 0x00, 0x00, 0x00, 0x4F,
  0x45, 0x42, 0x50, 0x53, 0x2F, 0x63, 0x68, 0x34, 0x30, 0x2E, 0x78, 0x68, 0x74, 0x6D, 0x6C, 0xB3,
  0xB1, 0xAF, 0xC8, 0xCD, 0x51, 0x28, 0x4B, 0x2D, 0x2A, 0xCE, 0xCC, 0xCF, 0xB3, 0x55, 0x32, 0xD4,
  0x33, 0x50, 0xB2, 0xB7, 0xB3, 0xC9, 0x28, 0xC9, 0xCD, 0xB1, 0xB3, 0x49, 0xCA, 0x4F, 0xA9, 0x04,
  0xB2, 0x0D, 0xED, 0x9C, 0x33, 0x12, 0x0B, 0x4A, 0x52, 0x8B, 0x14, 0x4C, 0x0C, 0x6D, 0xF4, 0x81,
  0x5C, 0x9B, 0x02, 0x3B, 0x27, 0xA0, 0x94, 0x42, 0x49, 0x6A, 0x45, 0x89, 0x42, 0x5A, 0x7E, 0x91,
  0x42, 0x32, 0x5C, 0x5E, 0xCF, 0x46, 0xBF, 0xC0, 0xCE, 0x46, 0x1F, 0xA2, 0x53, 0x1F, 0x6C, 0x0C,
  0x00, 0x50, 0x4B, 0x03, 0x04, 0x14, 0x00, 0x00, 0x00, 0x08, 0x00, 0x00, 0x00, 0x21, 0x5C, 0xD9,
  0xF9, 0x04, 0xE3, 0x52, 0x00, 0x00, 0x00, 0x62, 0x00, 0x00, 0x00, 0x10, 0x00, 0x00, 0x00, 0x4F,
  0x45, 0x42, 0x50, 0x53, 0x2F, 0x63, 0x68, 0x34, 0x31, 0x2E, 0x78, 0x68, 0x74, 0x6D, 0x6C, 0xB3,
  0xB1, 0xAF, 0xC8, 0xCD, 0x51, 0x28, 0x4B, 0x2D, 0x2A, 0xCE, 0xCC, 0xCF, 0xB3, 0x55, 0x32, 0xD4,
  0x33, 0x50, 0xB2, 0xB7, 0xB3, 0xC9, 0x28, 0xC9, 0xCD, 0xB1, 0xB3, 0x49, 0xCA, 0x4F, 0xA9, 0x04,
  0xB2, 0x0D, 0xED, 0x9C, 0x33, 0x12, 0x0B, 0x4A, 0x52, 0x8B, 0x14, 0x4C, 0x8C, 0x6C, 0xF4, 0x81,
  0x5C, 0x9B, 0x02, 0x3B, 0x27, 0xA0, 0x94, 0x42, 0x49, 0x6A, 0x45, 0x89, 0x42, 0x5A, 0x7E, 0x91,
  0x42, 0x32, 0x5C, 0x5E, 0xCF, 0x46, 0xBF, 0xC0, 0xCE, 0x46, 0x1F, 0xA2, 0x53, 0x1F, 0x6C, 0x0C,
  0x00, 0x50, 0x4B, 0x03, 0x04, 0x14, 0x00, 0x00, 0x00, 0x08, 0x00, 0x00, 0x00, 0x21, 0x5C, 0x92,
  0x3E, 0xAF, 0xEF, 0x52, 0x00, 0x00, 0x00, 0x62, 0x00, 0x00, 0x00, 0x10, 0x00, 0x00, 0x00, 0x4F,
  0x45, 0x42, 0x50, 0x53, 0x2F, 0x63, 0x68, 0x34, 0x32, 0x2E, 0x78, 0x68, 0x74, 0x6D, 0x6C, 0xB3,
  0xB1, 0xAF, 0xC8, 0xCD, 0x51, 0x28, 0x4B, 0x2D, 0x2A, 0xCE, 0xCC, 0xCF, 0xB3, 0x55, 0x32, 0xD4,
  0x33, 0x50, 0xB2, 0xB7, 0xB3, 0xC9, 0x28, 0xC9, 0xCD, 0xB1, 0xB3, 0x49, 0xCA, 0x4F, 0xA9, 0x04,
  0xB2, 0x0D, 0xED, 0x9C, 0x33, 0x12, 0x0B, 0x4A, 0x52, 0x8B, 0x14, 0x4C, 0x8C, 0x6D, 0xF4, 0x81,
  0x5C, 0x9B, 0x02, 0x3B, 0x27, 0xA0, 0x94, 0x42, 0x49, 0x6A, 0x45, 0x89, 0x42, 0x5A, 0x7E, 0x91,
  0x42, 0x32, 0x5C, 0x5E, 0xCF, 0x46, 0xBF, 0xC0, 0xCE, 0x46, 0x1F, 0xA2, 0x53, 0x1F, 0x6C, 0x0C,
  0x00, 0x50, 0x4B, 0x03, 0x04, 0x14, 0x00, 0x00, 0x00, 0x08, 0x00, 0x00, 0x00, 0x21, 0x5C, 0x63,
  0x6A, 0xFC, 0xC8, 0x52, 0x00, 0x00, 0x00, 0x62, 0x00, 0x00, 0x00, 0x10, 0x00, 0x00, 0x00, 0x4F,
  0x45, 0x42, 0x50, 0x53, 0x2F, 0x63, 0x68, 0x34, 0x33, 0x2E, 0x78, 0x68, 0x74, 0x6D, 0x6C, 0xB3,
  0xB1, 0xAF, 0xC8, 0xCD, 0x51, 0x28, 0x4B, 0x2D, 0x2A, 0xCE, 0xCC, 0xCF, 0xB3, 0x55, 0x32, 0xD4,
  0x33, 0x50, 0xB2, 0xB7, 0xB3, 0xC9, 0x28, 0xC9, 0xCD, 0xB1, 0xB3, 0x49, 0xCA, 0x4F, 0xA9, 0x04,
  0xB2, 0x0D, 0xED, 0x9C, 0x33, 0x12, 0x0B, 0x4A, 0x52, 0x8B, 0x14, 0x4C, 0x4C, 0x6C, 0xF4, 0x81,
  0x5C, 0x9B, 0x02, 0x3B, 0x27, 0xA0, 0x94, 0x42, 0x49, 0x6A, 0x45, 0x89, 0x42, 0x5A, 0x7E, 0x91,
  0x42, 0x32, 0x5C, 0x5E, 0xCF, 0x46, 0xBF, 0xC0, 0xCE, 0x46, 0x1F, 0xA2, 0x53, 0x1F, 0x6C, 0x0C,
  0x00, 0x50, 0x4B, 0x03, 0x04, 0x14, 0x00, 0x00, 0x00, 0x08, 0x00, 0x00, 0x00, 0x21, 0x5C, 0x28,
  0xAD, 0x57, 0xC4, 0x52, 0x00, 0x00, 0x00, 0x62, 0x00, 0x00, 0x00, 0x10, 0x00, 0x00, 0x00, 0x4F,
  0x45, 0x42, 0x50, 0x53, 0x2F, 0x63, 0x68, 0x34, 0x34, 0x2E, 0x78, 0x68, 0x74, 0x6D, 0x6C, 0xB3,
  0xB1, 0xAF, 0xC8, 0xCD, 0x51, 0x28, 0x4B, 0x2D, 0x2A, 0xCE, 0xCC, 0xCF, 0xB3, 0x55, 0x32, 0xD4,
  0x33, 0x50, 0xB2, 0xB7, 0xB3, 0xC9, 0x28, 0xC9, 0xCD, 0xB1, 0xB3, 0x49, 0xCA, 0x4F, 0xA9, 0x04,
  0xB2, 0x0D, 0xED, 0x9C, 0x33, 0x12, 0x0B, 0x4A, 0x52, 0x8B, 0x14, 0x4C, 0x4C, 0x6D, 0xF4, 0x81,
  0x5C, 0x9B, 0x02, 0x3B, 0x27, 0xA0, 0x94, 0x42, 0x49, 0x6A, 0x45, 0x89, 0x42, 0x5A, 0x7E, 0x91,
  0x42, 0x32, 0x5C, 0x5E, 0xCF, 0x46, 0xBF, 0xC0, 0xCE, 0x46, 0x1F, 0xA2, 0x53, 0x1F, 0x6C, 0x0C,
  0x00, 0x50, 0x4B, 0x03, 0x04, 0x14, 0x00, 0x00, 0x00, 0x08, 0x00, 0x00, 0x00, 0x21, 0x5C, 0xF5,
  0xE4, 0xAB, 0xD1, 0x52, 0x00, 0x00, 0x00, 0x62, 0x00, 0x00, 0x00, 0x10, 0x00, 0x00, 0x00, 0x4F,
  0x45, 0x42, 0x50, 0x53, 0x2F, 0x63, 0x68, 0x34, 0x35, 0x2E, 0x78, 0x68, 0x74, 0x6D, 0x6C, 0xB3,
  0xB1, 0xAF, 0xC8, 0xCD, 0x51, 0x28, 0x4B, 0x2D, 0x2A, 0xCE, 0xCC, 0xCF, 0xB3, 0x55, 0x32, 0xD4,
  0x33, 0x50, 0xB2, 0xB7, 0xB3, 0xC9, 0x28, 0xC9, 0xCD, 0xB1, 0xB3, 0x49, 0xCA, 0x4F, 0xA9, 0x04,
  0xB2, 0x0D, 0xED, 0x9C, 0x33, 0x12, 0x0B, 0x4A, 0x52, 0x8B, 0x14, 0x4C, 0xCC, 0x6C, 0xF4, 0x81,
  0x5C, 0x9B, 0x02, 0x3B, 0x27, 0xA0, 0x94, 0x42, 0x49, 0x6A, 0x45, 0x89, 0x42, 0x5A, 0x7E, 0x91,
  0x42, 0x32, 0x5C, 0x5E, 0xCF, 0x46, 0xBF, 0xC0, 0xCE, 0x46, 0x1F, 0xA2, 0x53, 0x1F, 0x6C, 0x0C,
  0x00, 0x50, 0x4B, 0x03, 0x04, 0x14, 0x00, 0x00, 0x00, 0x08, 0x00, 0x00, 0x00, 0x21, 0x5C, 0xBE,
  0x23, 0x00, 0xDD, 0x52, 0x00, 0x00, 0x00, 0x62, 0x00, 0x00, 0x00, 0x10, 0x00, 0x00, 0x00, 0x4F,
  0x45, 0x42, 0x50, 0x53, 0x2F, 0x63, 0x68, 0x34, 0x36, 0x2E, 0x78, 0x68, 0x74, 0x6D, 0x6C, 0xB3,
  0xB1, 0xAF, 0xC8, 0xCD, 0x51, 0x28, 0x4B, 0x2D, 0x2A, 0xCE, 0xCC, 0xCF, 0xB3, 0x55, 0x32, 0xD4,
  0x33, 0x50, 0xB2, 0xB7, 0xB3, 0xC9, 0x28, 0xC9, 0xCD, 0xB1, 0xB3, 0x49, 0xCA, 0x4F, 0xA9, 0x04,
  0xB2, 0x0D, 0xED, 0x9C, 0x33, 0x12, 0x0B, 0x4A, 0x52, 0x8B, 0x14, 0x4C, 0xCC, 0x6D, 0xF4, 0x81,
  0x5C, 0x9B, 0x02, 0x3B, 0x27, 0xA0, 0x94, 0x42, 0x49, 0x6A, 0x45, 0x89, 0x42, 0x5A, 0x7E, 0x91,
  0x42, 0x32, 0x5C, 0x5E, 0xCF, 0x46, 0xBF, 0xC0, 0xCE, 0x46, 0x1F, 0xA2, 0x53, 0x1F, 0x6C, 0x0C,
  0x00, 0x50, 0x4B, 0x03, 0x04, 0x14, 0x00, 0x00, 0x00, 0x08, 0x00, 0x00, 0x00, 0x21, 0x5C, 0x17,
  0x4D, 0x0D, 0x9F, 0x52, 0x00, 0x00, 0x00, 0x62, 0x00, 0x00, 0x00, 0x10, 0x00, 0x00, 0x00, 0x4F,
  0x45, 0x42, 0x50, 0x53, 0x2F, 0x63, 0x68, 0x34, 0x37, 0x2E, 0x78, 0x68, 0x74, 0x6D, 0x6C, 0xB3,
  0xB1, 0xAF, 0xC8, 0xCD, 0x51, 0x28, 0x4B, 0x2D, 0x2A, 0xCE, 0xCC, 0xCF, 0xB3, 0x55, 0x32, 0xD4,
  0x33, 0x50, 0xB2, 0xB7, 0xB3, 0xC9, 0x28, 0xC9, 0xCD, 0xB1, 0xB3, 0x49, 0xCA, 0x4F, 0xA9, 0x04,
  0xB2, 0x0D, 0xED, 0x9C, 0x33, 0x12, 0x0B, 0x4A, 0x52, 0x8B, 0x14, 0x4C, 0x2C, 0x6C, 0xF4, 0x81,
  0x5C, 0x9B, 0x02, 0x3B, 0x27, 0xA0, 0x94, 0x42, 0x49, 0x6A, 0x45, 0x89, 0x42, 0x5A, 0x7E, 0x91,
  0x42, 0x32, 0x5C, 0x5E, 0xCF, 0x46, 0xBF, 0xC0, 0xCE, 0x46, 0x1F, 0xA2, 0x53, 0x1F, 0x6C, 0x0C,
  0x00, 0x50, 0x4B, 0x03, 0x04, 0x14, 0x00, 0x00, 0x00, 0x08, 0x00, 0x00, 0x00, 0x21, 0x5C, 0x5C,
  0x8A, 0xA6, 0x93, 0x52, 0x00, 0x00, 0x00, 0x62, 0x00, 0x00, 0x00, 0x10, 0x00, 0x00, 0x00, 0x4F,
  0x45, 0x42, 0x50, 0x53, 0x2F, 0x63, 0x68, 0x34, 0x38, 0x2E, 0x78, 0x68, 0x74, 0x6D, 0x6C, 0xB3,
  0xB1, 0xAF, 0xC8, 0xCD, 0x51, 0x28, 0x4B, 0x2D, 0x2A, 0xCE, 0xCC, 0xCF, 0xB3, 0x55, 0x32, 0xD4,
  0x33, 0x50, 0xB2, 0xB7, 0xB3, 0xC9, 0x28, 0xC9, 0xCD, 0xB1, 0xB3, 0x49, 0xCA, 0x4F, 0xA9, 0x04,
  0xB2, 0x0D, 0xED, 0x9C, 0x33, 0x12, 0x0B, 0x4A, 0x52, 0x8B, 0x14, 0x4C, 0x2C, 0x6D, 0xF4, 0x81,
  0x5C, 0x9B, 0x02, 0x3B, 0x27, 0xA0, 0x94, 0x42, 0x49, 0x6A, 0x45, 0x89, 0x42, 0x5A, 0x7E, 0x91,
  0x42, 0x32, 0x5C, 0x5E, 0xCF, 0x46, 0xBF, 0xC0, 0xCE, 0x46, 0x1F, 0xA2, 0x53, 0x1F, 0x6C, 0x0C,
  0x00, 0x50, 0x4B, 0x03, 0x04, 0x14, 0x00, 0x00, 0x00, 0x08, 0x00, 0x00, 0x00, 0x21, 0x5C, 0x90,
  0x44, 0x51, 0x1B, 0x52, 0x00, 0x00, 0x00, 0x62, 0x00, 0x00, 0x00, 0x10, 0x00, 0x00, 0x00, 0x4F,
  0x45, 0x42, 0x50, 0x53, 0x2F, 0x63, 0x68, 0x34, 0x39, 0x2E, 0x78, 0x68, 0x74, 0x6D, 0x6C, 0xB3,
  0xB1, 0xAF, 0xC8, 0xCD, 0x51, 0x28, 0x4B, 0x2D, 0x2A, 0xCE, 0xCC, 0xCF, 0xB3, 0x55, 0x32, 0xD4,
  0x33, 0x50, 0xB2, 0xB7, 0xB3, 0xC9, 0x28, 0xC9, 0xCD, 0xB1, 0xB3, 0x49, 0xCA, 0x4F, 0xA9, 0x04,
  0xB2, 0x0D, 0xED, 0x9C, 0x33, 0x12, 0x0B, 0x4A, 0x52, 0x8B, 0x14, 0x4C, 0x0D, 0x6C, 0xF4, 0x81,
  0x5C, 0x9B, 0x02, 0x3B, 0x27, 0xA0, 0x94, 0x42, 0x49, 0x6A, 0x45, 0x89, 0x42, 0x5A, 0x7E, 0x91,
  0x42, 0x32, 0x5C, 0x5E, 0xCF, 0x46, 0xBF, 0xC0, 0xCE, 0x46, 0x1F, 0xA2, 0x53, 0x1F, 0x6C, 0x0C,
  0x00, 0x50, 0x4B, 0x03, 0x04, 0x14, 0x00, 0x00, 0x00, 0x08, 0x00, 0x00, 0x00, 0x21, 0x5C, 0xDB,
  0x83, 0xFA, 0x17, 0x52, 0x00, 0x00, 0x00, 0x62, 0x00, 0x00, 0x00, 0x10, 0x00, 0x00, 0x00, 0x4F,
  0x45, 0x42, 0x50, 0x53, 0x2F, 0x63, 0x68, 0x35, 0x30, 0x2E, 0x78, 0x68, 0x74, 0x6D, 0x6C, 0xB3,
  0xB1, 0xAF, 0xC8, 0xCD, 0x51, 0x28, 0x4B, 0x2D, 0x2A, 0xCE, 0xCC, 0xCF, 0xB3, 0x55, 0x32, 0xD4,
  0x33, 0x50, 0xB2, 0xB7, 0xB3, 0xC9, 0x28, 0xC9, 0xCD, 0xB1, 0xB3, 0x49, 0xCA, 0x4F, 0xA9, 0x04,
  0xB2, 0x0D, 0xED, 0x9C, 0x33, 0x12, 0x0B, 0x4A, 0x52, 0x8B, 0x14, 0x4C, 0x0D, 0x6D, 0xF4, 0x81,
  0x5C, 0x9B, 0x02, 0x3B, 0x27, 0xA0, 0x94, 0x42, 0x49, 0x6A, 0x45, 0x89, 0x42, 0x5A, 0x7E, 0x91,
  0x42, 0x32, 0x5C, 0x5E, 0xCF, 0x46, 0xBF, 0xC0, 0xCE, 0x46, 0x1F, 0xA2, 0x53, 0x1F, 0x6C, 0x0C,
  0x00, 0x50, 0x4B, 0x03, 0x04, 0x14, 0x00, 0x00, 0x00, 0x08, 0x00, 0x00, 0x00, 0x21, 0x5C, 0x06,
  0xCA, 0x06, 0x02, 0x52, 0x00, 0x00, 0x00, 0x62, 0x00, 0x00, 0x00, 0x10, 0x00, 0x00, 0x00, 0x4F,
  0x45, 0x42, 0x50, 0x53, 0x2F, 0x63, 0x68, 0x35, 0x31, 0x2E, 0x78, 0x68, 0x74, 0x6D, 0x6C, 0xB3,
  0xB1, 0xAF, 0xC8, 0xCD, 0x51, 0x28, 0x4B, 0x2D, 0x2A, 0xCE, 0xCC, 0xCF, 0xB3, 0x55, 0x32, 0xD4,
  0x33, 0x50, 0xB2, 0xB7, 0xB3, 0xC9, 0x28, 0xC9, 0xCD, 0xB1, 0xB3, 0x49, 0xCA, 0x4F, 0xA9, 0x04,
  0xB2, 0x0D, 0xED, 0x9C, 0x33, 0x12, 0x0B, 0x4A, 0x52, 0x8B, 0x14, 0x4C, 0x8D, 0x6C, 0xF4, 0x81,
  0x5C, 0x9B, 0x02, 0x3B, 0x27, 0xA0, 0x94, 0x42, 0x49, 0x6A, 0x45, 0x89, 0x42, 0x5A, 0x7E, 0x91,
  0x42, 0x32, 0x5C, 0x5E, 0xCF, 0x46, 0xBF, 0xC0, 0xCE, 0x46, 0x1F, 0xA2, 0x53, 0x1F, 0x6C, 0x0C,
  0x00, 0x50, 0x4B, 0x03, 0x04, 0x14, 0x00, 0x00, 0x00, 0x08, 0x00, 0x00, 0x00, 0x21, 0x5C, 0x4D,
  0x0D, 0xAD, 0x0E, 0x52, 0x00, 0x00, 0x00, 0x62, 0x00, 0x00, 0x00, 0x10, 0x00, 0x00, 0x00, 0x4F,
  0x45, 0x42, 0x50, 0x53, 0x2F, 0x63, 0x68, 0x35, 0x32, 0x2E, 0x78, 0x68, 0x74, 0x6D, 0x6C, 0xB3,
  0xB1, 0xAF, 0xC8, 0xCD, 0x51, 0x28, 0x4B, 0x2D, 0x2A, 0xCE, 0xCC, 0xCF, 0xB3, 0x55, 0x32, 0xD4,
  0x33, 0x50, 0xB2, 0xB7, 0xB3, 0xC9, 0x28, 0xC9, 0xCD, 0xB1, 0xB3, 0x49, 0xCA, 0x4F, 0xA9, 0x04,
  0xB2, 0x0D, 0xED, 0x9C, 0x33, 0x12, 0x0B, 0x4A, 0x52, 0x8B, 0x14, 0x4C, 0x8D, 0x6D, 0xF4, 0x81,
  0x5C, 0x9B, 0x02, 0x3B, 0x27, 0xA0, 0x94, 0x42, 0x49, 0x6A, 0x45, 0x89, 0x42, 0x5A, 0x7E, 0x91,
  0x42, 0x32, 0x5C, 0x5E, 0xCF, 0x46, 0xBF, 0xC0, 0xCE, 0x46, 0x1F, 0xA2, 0x53, 0x1F, 0x6C, 0x0C,
  0x00, 0x50, 0x4B, 0x03, 0x04, 0x14, 0x00, 0x00, 0x00, 0x08, 0x00, 0x00, 0x00, 0x21, 0x5C, 0xBC,
  0x59, 0xFE, 0x29, 0x52, 0x00, 0x00, 0x00, 0x62, 0x00, 0x00, 0x00, 0x10, 0x00, 0x00, 0x00, 0x4F,
  0x45, 0x42, 0x50, 0x53, 0x2F, 0x63, 0x68, 0x35, 0x33, 0x2E, 0x78, 0x68, 0x74, 0x6D, 0x6C, 0xB3,
  0xB1, 0xAF, 0xC8, 0xCD, 0x51, 0x28, 0x4B, 0x2D, 0x2A, 0xCE, 0xCC, 0xCF, 0xB3, 0x55, 0x32, 0xD4,
  0x33, 0x50, 0xB2, 0xB7, 0xB3, 0xC9, 0x28, 0xC9, 0xCD, 0xB1, 0xB3, 0x49, 0xCA, 0x4F, 0xA9, 0x04,
  0xB2, 0x0D, 0xED, 0x9C, 0x33, 0x12, 0x0B, 0x4A, 0x52, 0x8B, 0x14, 0x4C, 0x4D, 0x6C, 0xF4, 0x81,
  0x5C, 0x9B, 0x02, 0x3B, 0x27, 0xA0, 0x94, 0x42, 0x49, 0x6A, 0x45, 0x89, 0x42, 0x5A, 0x7E, 0x91,
  0x42, 0x32, 0x5C, 0x5E, 0xCF, 0x46, 0xBF, 0xC0, 0xCE, 0x46, 0x1F, 0xA2, 0x53, 0x1F, 0x6C, 0x0C,
  0x00, 0x50, 0x4B, 0x03, 0x04, 0x14, 0x00, 0x00, 0x00, 0x08, 0x00, 0x00, 0x00, 0x21, 0x5C, 0xF7,
  0x9E, 0x55, 0x25, 0x52, 0x00, 0x00, 0x00, 0x62, 0x00, 0x00, 0x00, 0x10, 0x00, 0x00, 0x00, 0x4F,
  0x45, 0x42, 0x50, 0x53, 0x2F, 0x63, 0x68, 0x35, 0x34, 0x2E, 0x78, 0x68, 0x74, 0x6D, 0x6C, 0xB3,
  0xB1, 0xAF, 0xC8, 0xCD, 0x51, 0x28, 0x4B, 0x2D, 0x2A, 0xCE, 0xCC, 0xCF, 0xB3, 0x55, 0x32, 0xD4,
  0x33, 0x50, 0xB2, 0xB7, 0xB3, 0xC9, 0x28, 0xC9, 0xCD, 0xB1, 0xB3, 0x49, 0xCA, 0x4F, 0xA9, 0x04,
  0xB2, 0x0D, 0xED, 0x9C, 0x33, 0x12, 0x0B, 0x4A, 0x52, 0x8B, 0x14, 0x4C, 0x4D, 0x6D, 0xF4, 0x81,
  0x5C, 0x9B, 0x02, 0x3B, 0x27, 0xA0, 0x94, 0x42, 0x49, 0x6A, 0x45, 0x89, 0x42, 0x5A, 0x7E, 0x91,
  0x42, 0x32, 0x5C, 0x5E, 0xCF, 0x46, 0xBF, 0xC0, 0xCE, 0x46, 0x1F, 0xA2, 0x53, 0x1F, 0x6C, 0x0C,
  0x00, 0x50, 0x4B, 0x03, 0x04, 0x14, 0x00, 0x00, 0x00, 0x08, 0x00, 0x00, 0x00, 0x21, 0x5C, 0x2A,
  0xD7, 0xA9, 0x30, 0x52, 0x00, 0x00, 0x00, 0x62, 0x00, 0x00, 0x00, 0x10, 0x00, 0x00, 0x00, 0x4F,
  0x45, 0x42, 0x50, 0x53, 0x2F, 0x63, 0x68, 0x35, 0x35, 0x2E, 0x78, 0x68, 0x74, 0x6D, 0x6C, 0xB3,
  0xB1, 0xAF, 0xC8, 0xCD, 0x51, 0x28, 0x4B, 0x2D, 0x2A, 0xCE, 0xCC, 0xCF, 0xB3, 0x55, 0x32, 0xD4,
  0x33, 0x50, 0xB2, 0xB7, 0xB3, 0xC9, 0x28, 0xC9, 0xCD, 0xB1, 0xB3, 0x49, 0xCA, 0x4F, 0xA9, 0x04,
  0xB2, 0x0D, 0xED, 0x9C, 0x33, 0x12, 0x0B, 0x4A, 0x52, 0x8B, 0x14, 0x4C, 0xCD, 0x6C, 0xF4, 0x81,
  0x5C, 0x9B, 0x02, 0x3B, 0x27, 0xA0, 0x94, 0x42, 0x49, 0x6A, 0x45, 0x89, 0x42, 0x5A, 0x7E, 0x91,
  0x42, 0x32, 0x5C, 0x5E, 0xCF, 0x46, 0xBF, 0xC0, 0xCE, 0x46, 0x1F, 0xA2, 0x53, 0x1F, 0x6C, 0x0C,
  0x00, 0x50, 0x4B, 0x03, 0x04, 0x14, 0x00, 0x00, 0x00, 0x08, 0x00, 0x00, 0x00, 0x21, 0x5C, 0x61,
  0x10, 0x02, 0x3C, 0x52, 0x00, 0x00, 0x00, 0x62, 0x00, 0x00, 0x00, 0x10, 0x00, 0x00, 0x00, 0x4F,
  0x45, 0x42, 0x50, 0x53, 0x2F, 0x63, 0x68, 0x35, 0x36, 0x2E, 0x78, 0x68, 0x74, 0x6D, 0x6C, 0xB3,
  0xB1, 0xAF, 0xC8, 0xCD, 0x51, 0x28, 0x4B, 0x2D, 0x2A, 0xCE, 0xCC, 0xCF, 0xB3, 0x55, 0x32, 0xD4,
  0x33, 0x50, 0xB2, 0xB7, 0xB3, 0xC9, 0x28, 0xC9, 0xCD, 0xB1, 0xB3, 0x49, 0xCA, 0x4F, 0xA9, 0x04,
  0xB2, 0x0D, 0xED, 0x9C, 0x33, 0x12, 0x0B, 0x4A, 0x52, 0x8B, 0x14, 0x4C, 0xCD, 0x6D, 0xF4, 0x81,
  0x5C, 0x9B, 0x02, 0x3B, 0x27, 0xA0, 0x94, 0x42, 0x49, 0x6A, 0x45, 0x89, 0x42, 0x5A, 0x7E, 0x91,
  0x42, 0x32, 0x5C, 0x5E, 0xCF, 0x46, 0xBF, 0xC0, 0xCE, 0x46, 0x1F, 0xA2, 0x53, 0x1F, 0x6C, 0x0C,
  0x00, 0x50, 0x4B, 0x03, 0x04, 0x14, 0x00, 0x00, 0x00, 0x08, 0x00, 0x00, 0x00, 0x21, 0x5C, 0xC8,
  0x7E, 0x0F, 0x7E, 0x52, 0x00, 0x00, 0x00, 0x62, 0x00, 0x00, 0x00, 0x10, 0x00, 0x00, 0x00, 0x4F,
  0x45, 0x42, 0x50, 0x53, 0x2F, 0x63, 0x68, 0x35, 0x37, 0x2E, 0x78, 0x68, 0x74, 0x6D, 0x6C, 0xB3,
  0xB1, 0xAF, 0xC8, 0xCD, 0x51, 0x28, 0x4B, 0x2D, 0x2A, 0xCE, 0xCC, 0xCF, 0xB3, 0x55, 0x32, 0xD4,
  0x33, 0x50, 0xB2, 0xB7, 0xB3, 0xC9, 0x28, 0xC9, 0xCD, 0xB1, 0xB3, 0x49, 0xCA, 0x4F, 0xA9, 0x04,
  0xB2, 0x0D, 0xED, 0x9C, 0x33, 0x12, 0x0B, 0x4A, 0x52, 0x8B, 0x14, 0x4C, 0x2D, 0x6C, 0xF4, 0x81,
  0x5C, 0x9B, 0x02, 0x3B, 0x27, 0xA0, 0x94, 0x42, 0x49, 0x6A, 0x45, 0x89, 0x42, 0x5A, 0x7E, 0x91,
  0x42, 0x32, 0x5C, 0x5E, 0xCF, 0x46, 0xBF, 0xC0, 0xCE, 0x46, 0x1F, 0xA2, 0x53, 0x1F, 0x6C, 0x0C,
  0x00, 0x50, 0x4B, 0x03, 0x04, 0x14, 0x00, 0x00, 0x00, 0x08, 0x00, 0x00, 0x00, 0x21, 0x5C, 0x83,
  0xB9, 0xA4, 0x72, 0x52, 0x00, 0x00, 0x00, 0x62, 0x00, 0x00, 0x00, 0x10, 0x00, 0x00, 0x00, 0x4F,
  0x45, 0x42, 0x50, 0x53, 0x2F, 0x63, 0x68, 0x35, 0x38, 0x2E, 0x78, 0x68, 0x74, 0x6D, 0x6C, 0xB3,
  0xB1, 0xAF, 0xC8, 0xCD, 0x51, 0x28, 0x4B, 0x2D, 0x2A, 0xCE, 0xCC, 0xCF, 0xB3, 0x55, 0x32, 0xD4,
  0x33, 0x50, 0xB2, 0xB7, 0xB3, 0xC9, 0x28, 0xC9, 0xCD, 0xB1, 0xB3, 0x49, 0xCA, 0x4F, 0xA9, 0x04,
  0xB2, 0x0D, 0xED, 0x9C, 0x33, 0x12, 0x0B, 0x4A, 0x52, 0x8B, 0x14, 0x4C, 0x2D, 0x6D, 0xF4, 0x81,
  0x5C, 0x9B, 0x02, 0x3B, 0x27, 0xA0, 0x94, 0x42, 0x49, 0x6A, 0x45, 0x89, 0x42, 0x5A, 0x7E, 0x91,
  0x42, 0x32, 0x5C, 0x5E, 0xCF, 0x46, 0xBF, 0xC0, 0xCE, 0x46, 0x1F, 0xA2, 0x53, 0x1F, 0x6C, 0x0C,
  0x00, 0x50, 0x4B, 0x03, 0x04, 0x14, 0x00, 0x00, 0x00, 0x08, 0x00, 0x00, 0x00, 0x21, 0x5C, 0xB0,
  0x16, 0x26, 0xE3, 0x52, 0x00, 0x00, 0x00, 0x62, 0x00, 0x00, 0x00, 0x10, 0x00, 0x00, 0x00, 0x4F,
  0x45, 0x42, 0x50, 0x53, 0x2F, 0x63, 0x68, 0x35, 0x39, 0x2E, 0x78, 0x68, 0x74, 0x6D, 0x6C, 0xB3,
  0xB1, 0xAF, 0xC8, 0xCD, 0x51, 0x28, 0x4B, 0x2D, 0x2A, 0xCE, 0xCC, 0xCF, 0xB3, 0x55, 0x32, 0xD4,
  0x33, 0x50, 0xB2, 0xB7, 0xB3, 0xC9, 0x28, 0xC9, 0xCD, 0xB1, 0xB3, 0x49, 0xCA, 0x4F, 0xA9, 0x04,
  0xB2, 0x0D, 0xED, 0x9C, 0x33, 0x12, 0x0B, 0x4A, 0x52, 0x8B, 0x14, 0xCC, 0x0C, 0x6C, 0xF4, 0x81,
  0x5C, 0x9B, 0x02, 0x3B, 0x27, 0xA0, 0x94, 0x42, 0x49, 0x6A, 0x45, 0x89, 0x42, 0x5A, 0x7E, 0x91,
  0x42, 0x32, 0x5C, 0x5E, 0xCF, 0x46, 0xBF, 0xC0, 0xCE, 0x46, 0x1F, 0xA2, 0x53, 0x1F, 0x6C, 0x0C,
  0x00, 0x50, 0x4B, 0x03, 0x04, 0x14, 0x00, 0x00, 0x00, 0x08, 0x00, 0x00, 0x00, 0x21, 0x5C, 0xEC,
  0x13, 0xFC, 0xCB, 0x15, 0x00, 0x00, 0x00, 0x13, 0x00, 0x00, 0x00, 0x0E, 0x00, 0x00, 0x00, 0x4F,
  0x45, 0x42, 0x50, 0x53, 0x2F, 0x72, 0x65, 0x73, 0x30, 0x2E, 0x63, 0x73, 0x73, 0xD3, 0x4B, 0x36,
  0x50, 0xA8, 0x56, 0xC8, 0x4D, 0x2C, 0x4A, 0xCF, 0xCC, 0xB3, 0x52, 0x30, 0xB0, 0x56, 0xA8, 0xE5,
  0x02, 0x00, 0x50, 0x4B, 0x03, 0x04, 0x14, 0x00, 0x00, 0x00, 0x08, 0x00, 0x00, 0x00, 0x21, 0x5C,
  0xAF, 0xD8, 0x5A, 0x4C, 0x15, 0x00, 0x00, 0x00, 0x13, 0x00, 0x00, 0x00, 0x0E, 0x00, 0x00, 0x00,
  0x4F, 0x45, 0x42, 0x50, 0x53, 0x2F, 0x72, 0x65, 0x73, 0x31, 0x2E, 0x63, 0x73, 0x73, 0xD3, 0x4B,
  0x36, 0x54, 0xA8, 0x56, 0xC8, 0x4D, 0x2C, 0x4A, 0xCF, 0xCC, 0xB3, 0x52, 0x30, 0xB0, 0x56, 0xA8,
  0xE5, 0x02, 0x00, 0x50, 0x4B, 0x03, 0x04, 0x14, 0x00, 0x00, 0x00, 0x08, 0x00, 0x00, 0x00, 0x21,
  0x5C, 0x2B, 0x83, 0xC0, 0x1F, 0x15, 0x00, 0x00, 0x00, 0x13, 0x00, 0x00, 0x00, 0x0E, 0x00, 0x00,
  0x00, 0x4F, 0x45, 0x42, 0x50, 0x53, 0x2F, 0x72, 0x65, 0x73, 0x32, 0x2E, 0x63, 0x73, 0x73, 0xD3,
  0x4B, 0x36, 0x52, 0xA8, 0x56, 0xC8, 0x4D, 0x2C, 0x4A, 0xCF, 0xCC, 0xB3, 0x52, 0x30, 0xB0, 0x56,
  0xA8, 0xE5, 0x02, 0x00, 0x50, 0x4B, 0x03, 0x04, 0x14, 0x00, 0x00, 0x00, 0x08, 0x00, 0x00, 0x00,
  0x21, 0x5C, 0x68, 0x48, 0x66, 0x98, 0x15, 0x00, 0x00, 0x00, 0x13, 0x00, 0x00, 0x00, 0x0E, 0x00,
  0x00, 0x00, 0x4F, 0x45, 0x42, 0x50, 0x53, 0x2F, 0x72, 0x65, 0x73, 0x33, 0x2E, 0x63, 0x73, 0x73,
  0xD3, 0x4B, 0x36, 0x56, 0xA8, 0x56, 0xC8, 0x4D, 0x2C, 0x4A, 0xCF, 0xCC, 0xB3, 0x52, 0x30, 0xB0,
  0x56, 0xA8, 0xE5, 0x02, 0x00, 0x50, 0x4B, 0x03, 0x04, 0x14, 0x00, 0x00, 0x00, 0x08, 0x00, 0x00,
  0x00, 0x21, 0x5C, 0x23, 0x34, 0xF4, 0xB8, 0x15, 0x00, 0x00, 0x00, 0x13, 0x00, 0x00, 0x00, 0x0E,
  0x00, 0x00, 0x00, 0x4F, 0x45, 0x42, 0x50, 0x53, 0x2F, 0x72, 0x65, 0x73, 0x34, 0x2E, 0x63, 0x73,
  0x73, 0xD3, 0x4B, 0x36, 0x51, 0xA8, 0x56, 0xC8, 0x4D, 0x2C, 0x4A, 0xCF, 0xCC, 0xB3, 0x52, 0x30,
  0xB0, 0x56, 0xA8, 0xE5, 0x02, 0x00, 0x50, 0x4B, 0x03, 0x04, 0x14, 0x00, 0x00, 0x00, 0x08, 0x00,
  0x00, 0x00, 0x21, 0x5C, 0x60, 0xFF, 0x52, 0x3F, 0x15, 0x00, 0x00, 0x00, 0x13, 0x00, 0x00, 0x00,
  0x0E, 0x00, 0x00, 0x00, 0x4F, 0x45, 0x42, 0x50, 0x53, 0x2F, 0x72, 0x65, 0x73, 0x35, 0x2E, 0x63,
  0x73, 0x73, 0xD3, 0x4B, 0x36, 0x55, 0xA8, 0x56, 0xC8, 0x4D, 0x2C, 0x4A, 0xCF, 0xCC, 0xB3, 0x52,
  0x30, 0xB0, 0x56, 0xA8, 0xE5, 0x02, 0x00, 0x50, 0x4B, 0x03, 0x04, 0x14, 0x00, 0x00, 0x00, 0x08,
  0x00, 0x00, 0x00, 0x21, 0x5C, 0xE4, 0xA4, 0xC8, 0x6C, 0x15, 0x00, 0x00, 0x00, 0x13, 0x00, 0x00,
  0x00, 0x0E, 0x00, 0x00, 0x00, 0x4F, 0x45, 0x42, 0x50, 0x53, 0x2F, 0x72, 0x65, 0x73, 0x36, 0x2E,
  0x63, 0x73, 0x73, 0xD3, 0x4B, 0x36, 0x53, 0xA8, 0x56, 0xC8, 0x4D, 0x2C, 0x4A, 0xCF, 0xCC, 0xB3,
  0x52, 0x30, 0xB0, 0x56, 0xA8, 0xE5, 0x02, 0x00, 0x50, 0x4B, 0x03, 0x04, 0x14, 0x00, 0x00, 0x00,
  0x08, 0x00, 0x00, 0x00, 0x21, 0x5C, 0xA7, 0x6F, 0x6E, 0xEB, 0x15, 0x00, 0x00, 0x00, 0x13, 0x00,
  0x00, 0x00, 0x0E, 0x00, 0x00, 0x00, 0x4F, 0x45, 0x42, 0x50, 0x53, 0x2F, 0x72, 0x65, 0x73, 0x37,
  0x2E, 0x63, 0x73, 0x73, 0xD3, 0x4B, 0x36, 0x57, 0xA8, 0x56, 0xC8, 0x4D, 0x2C, 0x4A, 0xCF, 0xCC,
  0xB3, 0x52, 0x30, 0xB0, 0x56, 0xA8, 0xE5, 0x02, 0x00, 0x50, 0x4B, 0x03, 0x04, 0x14, 0x00, 0x00,
  0x00, 0x08, 0x00, 0x00, 0x00, 0x21, 0x5C, 0x72, 0x5C, 0xEC, 0x2D, 0x15, 0x00, 0x00, 0x00, 0x13,
  0x00, 0x00, 0x00, 0x0E, 0x00, 0x00, 0x00, 0x4F, 0x45, 0x42, 0x50, 0x53, 0x2F, 0x72, 0x65, 0x73,
  0x38, 0x2E, 0x63, 0x73, 0x73, 0xD3, 0x4B, 0xB6, 0x50, 0xA8, 0x56, 0xC8, 0x4D, 0x2C, 0x4A, 0xCF,
  0xCC, 0xB3, 0x52, 0x30, 0xB0, 0x56, 0xA8, 0xE5, 0x02, 0x00, 0x50, 0x4B, 0x03, 0x04, 0x14, 0x00,
  0x00, 0x00, 0x08, 0x00, 0x00, 0x00, 0x21, 0x5C, 0x31, 0x97, 0x4A, 0xAA, 0x15, 0x00, 0x00, 0x00,
  0x13, 0x00, 0x00, 0x00, 0x0E, 0x00, 0x00, 0x00, 0x4F, 0x45, 0x42, 0x50, 0x53, 0x2F, 0x72, 0x65,
  0x73, 0x39, 0x2E, 0x63, 0x73, 0x73, 0xD3, 0x4B, 0xB6, 0x54, 0xA8, 0x56, 0xC8, 0x4D, 0x2C, 0x4A,
  0xCF, 0xCC, 0xB3, 0x52, 0x30, 0xB0, 0x56, 0xA8, 0xE5, 0x02, 0x00, 0x50, 0x4B, 0x03, 0x04, 0x14,
  0x00, 0x00, 0x00, 0x08, 0x00, 0x00, 0x00, 0x21, 0x5C, 0x8E, 0x61, 0xFC, 0xF6, 0x16, 0x00, 0x00,
  0x00, 0x14, 0x00, 0x00, 0x00, 0x0F, 0x00, 0x00, 0x00, 0x4F, 0x45, 0x42, 0x50, 0x53, 0x2F, 0x72,
  0x65, 0x73, 0x31, 0x30, 0x2E, 0x63, 0x73, 0x73, 0xD3, 0x4B, 0x36, 0x34, 0x50, 0xA8, 0x56, 0xC8,
  0x4D, 0x2C, 0x4A, 0xCF, 0xCC, 0xB3, 0x52, 0x30, 0xB0, 0x56, 0xA8, 0xE5, 0x02, 0x00, 0x50, 0x4B,
  0x03, 0x04, 0x14, 0x00, 0x00, 0x00, 0x08, 0x00, 0x00, 0x00, 0x21, 0x5C, 0xCD, 0xAA, 0x5A, 0x71,
  0x16, 0x00, 0x00, 0x00, 0x14, 0x00, 0x00, 0x00, 0x0F, 0x00, 0x00, 0x00, 0x4F, 0x45, 0x42, 0x50,
  0x53, 0x2F, 0x72, 0x65, 0x73, 0x31, 0x31, 0x2E, 0x63, 0x73, 0x73, 0xD3, 0x4B, 0x36, 0x34, 0x54,
  0xA8, 0x56, 0xC8, 0x4D, 0x2C, 0x4A, 0xCF, 0xCC, 0xB3, 0x52, 0x30, 0xB0, 0x56, 0xA8, 0xE5, 0x02,
  0x00, 0x50, 0x4B, 0x03, 0x04, 0x14, 0x00, 0x00, 0x00, 0x08, 0x00, 0x00, 0x00, 0x21, 0x5C, 0x49,
  0xF1, 0xC0, 0x22, 0x16, 0x00, 0x00, 0x00, 0x14, 0x00, 0x00, 0x00, 0x0F, 0x00, 0x00, 0x00, 0x4F,
  0x45, 0x42, 0x50, 0x53, 0x2F, 0x72, 0x65, 0x73, 0x31, 0x32, 0x2E, 0x63, 0x73, 0x73, 0xD3, 0x4B,
  0x36, 0x34, 0x52, 0xA8, 0x56, 0xC8, 0x4D, 0x2C, 0x4A, 0xCF, 0xCC, 0xB3, 0x52, 0x30, 0xB0, 0x56,
  0xA8, 0xE5, 0x02, 0x00, 0x50, 0x4B, 0x03, 0x04, 0x14, 0x00, 0x00, 0x00, 0x08, 0x00, 0x00, 0x00,
  0x21, 0x5C, 0x0A, 0x3A, 0x66, 0xA5, 0x16, 0x00, 0x00, 0x00, 0x14, 0x00, 0x00, 0x00, 0x0F, 0x00,
  0x00, 0x00, 0x4F, 0x45, 0x42, 0x50, 0x53, 0x2F, 0x72, 0x65, 0x73, 0x31, 0x33, 0x2E, 0x63, 0x73,
  0x73, 0xD3, 0x4B, 0x36, 0x34, 0x56, 0xA8, 0x56, 0xC8, 0x4D, 0x2C, 0x4A, 0xCF, 0xCC, 0xB3, 0x52,
  0x30, 0xB0, 0x56, 0xA8, 0xE5, 0x02, 0x00, 0x50, 0x4B, 0x03, 0x04, 0x14, 0x00, 0x00, 0x00, 0x08,
  0x00, 0x00, 0x00, 0x21, 0x5C, 0x41, 0x46, 0xF4, 0x85, 0x16, 0x00, 0x00, 0x00, 0x14, 0x00, 0x00,
  0x00, 0x0F, 0x00, 0x00, 0x00, 0x4F, 0x45, 0x42, 0x50, 0x53, 0x2F, 0x72, 0x65, 0x73, 0x31, 0x34,
  0x2E, 0x63, 0x73, 0x73, 0xD3, 0x4B, 0x36, 0x34, 0x51, 0xA8, 0x56, 0xC8, 0x4D, 0x2C, 0x4A, 0xCF,
  0xCC, 0xB3, 0x52, 0x30, 0xB0, 0x56, 0xA8, 0xE5, 0x02, 0x00, 0x50, 0x4B, 0x03, 0x04, 0x14, 0x00,
  0x00, 0x00, 0x08, 0x00, 0x00, 0x00, 0x21, 0x5C, 0x02, 0x8D, 0x52, 0x02, 0x16, 0x00, 0x00, 0x00,
  0x14, 0x00, 0x00, 0x00, 0x0F, 0x00, 0x00, 0x00, 0x4F, 0x45, 0x42, 0x50, 0x53, 0x2F, 0x72, 0x65,
  0x73, 0x31, 0x35, 0x2E, 0x63, 0x73, 0x73, 0xD3, 0x4B, 0x36, 0x34, 0x55, 0xA8, 0x56, 0xC8, 0x4D,
  0x2C, 0x4A, 0xCF, 0xCC, 0xB3, 0x52, 0x30, 0xB0, 0x56, 0xA8, 0xE5, 0x02, 0x00, 0x50, 0x4B, 0x03,
  0x04, 0x14, 0x00, 0x00, 0x00, 0x08, 0x00, 0x00, 0x00, 0x21, 0x5C, 0x86, 0xD6, 0xC8, 0x51, 0x16,
  0x00, 0x00, 0x00, 0x14, 0x00, 0x00, 0x00, 0x0F, 0x00, 0x00, 0x00, 0x4F, 0x45, 0x42, 0x50, 0x53,
  0x2F, 0x72, 0x65, 0x73, 0x31, 0x36, 0x2E, 0x63, 0x73, 0x73, 0xD3, 0x4B, 0x36, 0x34, 0x53, 0xA8,
  0x56, 0xC8, 0x4D, 0x2C, 0x4A, 0xCF, 0xCC, 0xB3, 0x52, 0x30, 0xB0, 0x56, 0xA8, 0xE5, 0x02, 0x00,
  0x50, 0x4B, 0x03, 0x04, 0x14, 0x00, 0x00, 0x00, 0x08, 0x00, 0x00, 0x00, 0x21, 0x5C, 0xC5, 0x1D,
  0x6E, 0xD6, 0x16, 0x00, 0x00, 0x00, 0x14, 0x00, 0x00, 0x00, 0x0F, 0x00, 0x00, 0x00, 0x4F, 0x45,
  0x42, 0x50, 0x53, 0x2F, 0x72, 0x65, 0x73, 0x31, 0x37, 0x2E, 0x63, 0x73, 0x73, 0xD3, 0x4B, 0x36,
  0x34, 0x57, 0xA8, 0x56, 0xC8, 0x4D, 0x2C, 0x4A, 0xCF, 0xCC, 0xB3, 0x52, 0x30, 0xB0, 0x56, 0xA8,
  0xE5, 0x02, 0x00, 0x50, 0x4B, 0x03, 0x04, 0x14, 0x00, 0x00, 0x00, 0x08, 0x00, 0x00, 0x00, 0x21,
  0x5C, 0x10, 0x2E, 0xEC, 0x10, 0x16, 0x00, 0x00, 0x00, 0x14, 0x00, 0x00, 0x00, 0x0F, 0x00, 0x00,
  0x00, 0x4F, 0x45, 0x42, 0x50, 0x53, 0x2F, 0x72, 0x65, 0x73, 0x31, 0x38, 0x2E, 0x63, 0x73, 0x73,
  0xD3, 0x4B, 0x36, 0xB4, 0x50, 0xA8, 0x56, 0xC8, 0x4D, 0x2C, 0x4A, 0xCF, 0xCC, 0xB3, 0x52, 0x30,
  0xB0, 0x56, 0xA8, 0xE5, 0x02, 0x00, 0x50, 0x4B, 0x03, 0x04, 0x14, 0x00, 0x00, 0x00, 0x08, 0x00,
  0x00, 0x00, 0x21, 0x5C, 0x53, 0xE5, 0x4A, 0x97, 0x16, 0x00, 0x00, 0x00, 0x14, 0x00, 0x00, 0x00,
  0x0F, 0x00, 0x00, 0x00, 0x4F, 0x45, 0x42, 0x50, 0x53, 0x2F, 0x72, 0x65, 0x73, 0x31, 0x39, 0x2E,
  0x63, 0x73, 0x73, 0xD3, 0x4B, 0x36, 0xB4, 0x54, 0xA8, 0x56, 0xC8, 0x4D, 0x2C, 0x4A, 0xCF, 0xCC,
  0xB3, 0x52, 0x30, 0xB0, 0x56, 0xA8, 0xE5, 0x02, 0x00, 0x50, 0x4B, 0x03, 0x04, 0x14, 0x00, 0x00,
  0x00, 0x08, 0x00, 0x00, 0x00, 0x21, 0x5C, 0xEC, 0xBC, 0x7A, 0x1C, 0x16, 0x00, 0x00, 0x00, 0x14,
  0x00, 0x00, 0x00, 0x0F, 0x00, 0x00, 0x00, 0x4F, 0x45, 0x42, 0x50, 0x53, 0x2F, 0x72, 0x65, 0x73,
  0x32, 0x30, 0x2E, 0x63, 0x73, 0x73, 0xD3, 0x4B, 0x36, 0x32, 0x50, 0xA8, 0x56, 0xC8, 0x4D, 0x2C,
  0x4A, 0xCF, 0xCC, 0xB3, 0x52, 0x30, 0xB0, 0x56, 0xA8, 0xE5, 0x02, 0x00, 0x50, 0x4B, 0x03, 0x04,
  0x14, 0x00, 0x00, 0x00, 0x08, 0x00, 0x00, 0x00, 0x21, 0x5C, 0xAF, 0x77, 0xDC, 0x9B, 0x16, 0x00,
  0x00, 0x00, 0x14, 0x00, 0x00, 0x00, 0x0F, 0x00, 0x00, 0x00, 0x4F, 0x45, 0x42, 0x50, 0x53, 0x2F,
  0x72, 0x65, 0x73, 0x32, 0x31, 0x2E, 0x63, 0x73, 0x73, 0xD3, 0x4B, 0x36, 0x32, 0x54, 0xA8, 0x56,
  0xC8, 0x4D, 0x2C, 0x4A, 0xCF, 0xCC, 0xB3, 0x52, 0x30, 0xB0, 0x56, 0xA8, 0xE5, 0x02, 0x00, 0x50,
  0x4B, 0x03, 0x04, 0x14, 0x00, 0x00, 0x00, 0x08, 0x00, 0x00, 0x00, 0x21, 0x5C, 0x2B, 0x2C, 0x46,
  0xC8, 0x16, 0x00, 0x00, 0x00, 0x14, 0x00, 0x00, 0x00, 0x0F, 0x00, 0x00, 0x00, 0x4F, 0x45, 0x42,
  0x50, 0x53, 0x2F, 0x72, 0x65, 0x73, 0x32, 0x32, 0x2E, 0x63, 0x73, 0x73, 0xD3, 0x4B, 0x36, 0x32,
  0x52, 0xA8, 0x56, 0xC8, 0x4D, 0x2C, 0x4A, 0xCF, 0xCC, 0xB3, 0x52, 0x30, 0xB0, 0x56, 0xA8, 0xE5,
  0x02, 0x00, 0x50, 0x4B, 0x03, 0x04, 0x14, 0x00, 0x00, 0x00, 0x08, 0x00, 0x00, 0x00, 0x21, 0x5C,
  0x68, 0xE7, 0xE0, 0x4F, 0x16, 0x00, 0x00, 0x00, 0x14, 0x00, 0x00, 0x00, 0x0F, 0x00, 0x00, 0x00,
  0x4F, 0x45, 0x42, 0x50, 0x53, 0x2F, 0x72, 0x65, 0x73, 0x32, 0x33, 0x2E, 0x63, 0x73, 0x73, 0xD3,
  0x4B, 0x36, 0x32, 0x56, 0xA8, 0x56, 0xC8, 0x4D, 0x2C, 0x4A, 0xCF, 0xCC, 0xB3, 0x52, 0x30, 0xB0,
  0x56, 0xA8, 0xE5, 0x02, 0x00, 0x50, 0x4B, 0x03, 0x04, 0x14, 0x00, 0x00, 0x00, 0x08, 0x00, 0x00,
  0x00, 0x21, 0x5C, 0x23, 0x9B, 0x72, 0x6F, 0x16, 0x00, 0x00, 0x00, 0x14, 0x00, 0x00, 0x00, 0x0F,
  0x00, 0x00, 0x00, 0x4F, 0x45, 0x42, 0x50, 0x53, 0x2F, 0x72, 0x65, 0x73, 0x32, 0x34, 0x2E, 0x63,
  0x73, 0x73, 0xD3, 0x4B, 0x36, 0x32, 0x51, 0xA8, 0x56, 0xC8, 0x4D, 0x2C, 0x4A, 0xCF, 0xCC, 0xB3,
  0x52, 0x30, 0xB0, 0x56, 0xA8, 0xE5, 0x02, 0x00, 0x50, 0x4B, 0x03, 0x04, 0x14, 0x00, 0x00, 0x00,
  0x08, 0x00, 0x00, 0x00, 0x21, 0x5C, 0x60, 0x50, 0xD4, 0xE8, 0x16, 0x00, 0x00, 0x00, 0x14, 0x00,
  0x00, 0x00, 0x0F, 0x00, 0x00, 0x00, 0x4F, 0x45, 0x42, 0x50, 0x53, 0x2F, 0x72, 0x65, 0x73, 0x32,
  0x35, 0x2E, 0x63, 0x73, 0x73, 0xD3, 0x4B, 0x36, 0x32, 0x55, 0xA8, 0x56, 0xC8, 0x4D, 0x2C, 0x4A,
  0xCF, 0xCC, 0xB3, 0x52, 0x30, 0xB0, 0x56, 0xA8, 0xE5, 0x02, 0x00, 0x50, 0x4B, 0x03, 0x04, 0x14,
  0x00, 0x00, 0x00, 0x08, 0x00, 0x00, 0x00, 0x21, 0x5C, 0xE4, 0x0B, 0x4E, 0xBB, 0x16, 0x00, 0x00,
  0x00, 0x14, 0x00, 0x00, 0x00, 0x0F, 0x00, 0x00, 0x00, 0x4F, 0x45, 0x42, 0x50, 0x53, 0x2F, 0x72,
  0x65, 0x73, 0x32, 0x36, 0x2E, 0x63, 0x73, 0x73, 0xD3, 0x4B, 0x36, 0x32, 0x53, 0xA8, 0x56, 0xC8,
  0x4D, 0x2C, 0x4A, 0xCF, 0xCC, 0xB3, 0x52, 0x30, 0xB0, 0x56, 0xA8, 0xE5, 0x02, 0x00, 0x50, 0x4B,
  0x03, 0x04, 0x14, 0x00, 0x00, 0x00, 0x08, 0x00, 0x00, 0x00, 0x21, 0x5C, 0xA7, 0xC0, 0xE8, 0x3C,
  0x16, 0x00, 0x00, 0x00, 0x14, 0x00, 0x00, 0x00, 0x0F, 0x00, 0x00, 0x00, 0x4F, 0x45, 0x42, 0x50,
  0x53, 0x2F, 0x72, 0x65, 0x73, 0x32, 0x37, 0x2E, 0x63, 0x73, 0x73, 0xD3, 0x4B, 0x36, 0x32, 0x57,
  0xA8, 0x56, 0xC8, 0x4D, 0x2C, 0x4A, 0xCF, 0xCC, 0xB3, 0x52, 0x30, 0xB0, 0x56, 0xA8, 0xE5, 0x02,
  0x00, 0x50, 0x4B, 0x03, 0x04, 0x14, 0x00, 0x00, 0x00, 0x08, 0x00, 0x00, 0x00, 0x21, 0x5C, 0x72,
  0xF3, 0x6A, 0xFA, 0x16, 0x00, 0x00, 0x00, 0x14, 0x00, 0x00, 0x00, 0x0F, 0x00, 0x00, 0x00, 0x4F,
  0x45, 0x42, 0x50, 0x53, 0x2F, 0x72, 0x65, 0x73, 0x32, 0x38, 0x2E, 0x63, 0x73, 0x73, 0xD3, 0x4B,
  0x36, 0xB2, 0x50, 0xA8, 0x56, 0xC8, 0x4D, 0x2C, 0x4A, 0xCF, 0xCC, 0xB3, 0x52, 0x30, 0xB0, 0x56,
  0xA8, 0xE5, 0x02, 0x00, 0x50, 0x4B, 0x03, 0x04, 0x14, 0x00, 0x00, 0x00, 0x08, 0x00, 0x00, 0x00,
  0x21, 0x5C, 0x31, 0x38, 0xCC, 0x7D, 0x16, 0x00, 0x00, 0x00, 0x14, 0x00, 0x00, 0x00, 0x0F, 0x00,
  0x00, 0x00, 0x4F, 0x45, 0x42, 0x50, 0x53, 0x2F, 0x72, 0x65, 0x73, 0x32, 0x39, 0x2E, 0x63, 0x73,
  0x73, 0xD3, 0x4B, 0x36, 0xB2, 0x54, 0xA8, 0x56, 0xC8, 0x4D, 0x2C, 0x4A, 0xCF, 0xCC, 0xB3, 0x52,
  0x30, 0xB0, 0x56, 0xA8, 0xE5, 0x02, 0x00, 0x50, 0x4B, 0x03, 0x04, 0x14, 0x00, 0x00, 0x00, 0x08,
  0x00, 0x00, 0x00, 0x21, 0x5C, 0x0D, 0x0A, 0x28, 0xF3, 0x16, 0x00, 0x00, 0x00, 0x14, 0x00, 0x00,
  0x00, 0x0F, 0x00, 0x00, 0x00, 0x4F, 0x45, 0x42, 0x50, 0x53, 0x2F, 0x72, 0x65, 0x73, 0x33, 0x30,
  0x2E, 0x63, 0x73, 0x73, 0xD3, 0x4B, 0x36, 0x36, 0x50, 0xA8, 0x56, 0xC8, 0x4D, 0x2C, 0x4A, 0xCF,
  0xCC, 0xB3, 0x52, 0x30, 0xB0, 0x56, 0xA8, 0xE5, 0x02, 0x00, 0x50, 0x4B, 0x03, 0x04, 0x14, 0x00,
  0x00, 0x00, 0x08, 0x00, 0x00, 0x00, 0x21, 0x5C, 0x4E, 0xC1, 0x8E, 0x74, 0x16, 0x00, 0x00, 0x00,
  0x14, 0x00, 0x00, 0x00, 0x0F, 0x00, 0x00, 0x00, 0x4F, 0x45, 0x42, 0x50, 0x53, 0x2F, 0x72, 0x65,
  0x73, 0x33, 0x31, 0x2E, 0x63, 0x73, 0x73, 0xD3, 0x4B, 0x36, 0x36, 0x54, 0xA8, 0x56, 0xC8, 0x4D,
  0x2C, 0x4A, 0xCF, 0xCC, 0xB3, 0x52, 0x30, 0xB0, 0x56, 0xA8, 0xE5, 0x02, 0x00, 0x50, 0x4B, 0x03,
  0x04, 0x14, 0x00, 0x00, 0x00, 0x08, 0x00, 0x00, 0x00, 0x21, 0x5C, 0xCA, 0x9A, 0x14, 0x27, 0x16,
  0x00, 0x00, 0x00, 0x14, 0x00, 0x00, 0x00, 0x0F, 0x00, 0x00, 0x00, 0x4F, 0x45, 0x42, 0x50, 0x53,
  0x2F, 0x72, 0x65, 0x73, 0x33, 0x32, 0x2E, 0x63, 0x73, 0x73, 0xD3, 0x4B, 0x36, 0x36, 0x52, 0xA8,
  0x56, 0xC8, 0x4D, 0x2C, 0x4A, 0xCF, 0xCC, 0xB3, 0x52, 0x30, 0xB0, 0x56, 0xA8, 0xE5, 0x02, 0x00,
  0x50, 0x4B, 0x03, 0x04, 0x14, 0x00, 0x00, 0x00, 0x08, 0x00, 0x00, 0x00, 0x21, 0x5C, 0x89, 0x51,
  0xB2, 0xA0, 0x16, 0x00, 0x00, 0x00, 0x14, 0x00, 0x00, 0x00, 0x0F, 0x00, 0x00, 0x00, 0x4F, 0x45,
  0x42, 0x50, 0x53, 0x2F, 0x72, 0x65, 0x73, 0x33, 0x33, 0x2E, 0x63, 0x73, 0x73, 0xD3, 0x4B, 0x36,
  0x36, 0x56, 0xA8, 0x56, 0xC8, 0x4D, 0x2C, 0x4A, 0xCF, 0xCC, 0xB3, 0x52, 0x30, 0xB0, 0x56, 0xA8,
  0xE5, 0x02, 0x00, 0x50, 0x4B, 0x03, 0x04, 0x14, 0x00, 0x00, 0x00, 0x08, 0x00, 0x00, 0x00, 0x21,
  0x5C, 0xC2, 0x2D, 0x20, 0x80, 0x16, 0x00, 0x00, 0x00, 0x14, 0x00, 0x00, 0x00, 0x0F, 0x00, 0x00,
  0x00, 0x4F, 0x45, 0x42, 0x50, 0x53, 0x2F, 0x72, 0x65, 0x73, 0x33, 0x34, 0x2E, 0x63, 0x73, 0x73,
  0xD3, 0x4B, 0x36, 0x36, 0x51, 0xA8, 0x56, 0xC8, 0x4D, 0x2C, 0x4A, 0xCF, 0xCC, 0xB3, 0x52, 0x30,
  0xB0, 0x56, 0xA8, 0xE5, 0x02, 0x00, 0x50, 0x4B, 0x03, 0x04, 0x14, 0x00, 0x00, 0x00, 0x08, 0x00,
  0x00, 0x00, 0x21, 0x5C, 0x81, 0xE6, 0x86, 0x07, 0x16, 0x00, 0x00, 0x00, 0x14, 0x00, 0x00, 0x00,
  0x0F, 0x00, 0x00, 0x00, 0x4F, 0x45, 0x42, 0x50, 0x53, 0x2F, 0x72, 0x65, 0x73, 0x33, 0x35, 0x2E,
  0x63, 0x73, 0x73, 0xD3, 0x4B, 0x36, 0x36, 0x55, 0xA8, 0x56, 0xC8, 0x4D, 0x2C, 0x4A, 0xCF, 0xCC,
  0xB3, 0x52, 0x30, 0xB0, 0x56, 0xA8, 0xE5, 0x02, 0x00, 0x50, 0x4B, 0x03, 0x04, 0x14, 0x00, 0x00,
  0x00, 0x08, 0x00, 0x00, 0x00, 0x21, 0x5C, 0x05, 0xBD, 0x1C, 0x54, 0x16, 0x00, 0x00, 0x00, 0x14,
  0x00, 0x00, 0x00, 0x0F, 0x00, 0x00, 0x00, 0x4F, 0x45, 0x42, 0x50, 0x53, 0x2F, 0x72, 0x65, 0x73,
  0x33, 0x36, 0x2E, 0x63, 0x73, 0x73, 0xD3, 0x4B, 0x36, 0x36, 0x53, 0xA8, 0x56, 0xC8, 0x4D, 0x2C,
  0x4A, 0xCF, 0xCC, 0xB3, 0x52, 0x30, 0xB0, 0x56, 0xA8, 0xE5, 0x02, 0x00, 0x50, 0x4B, 0x03, 0x04,
  0x14, 0x00, 0x00, 0x00, 0x08, 0x00, 0x00, 0x00, 0x21, 0x5C, 0x46, 0x76, 0xBA, 0xD3, 0x16, 0x00,
  0x00, 0x00, 0x14, 0x00, 0x00, 0x00, 0x0F, 0x00, 0x00, 0x00, 0x4F, 0x45, 0x42, 0x50, 0x53, 0x2F,
  0x72, 0x65, 0x73, 0x33, 0x37, 0x2E, 0x63, 0x73, 0x73, 0xD3, 0x4B, 0x36, 0x36, 0x57, 0xA8, 0x56,
  0xC8, 0x4D, 0x2C, 0x4A, 0xCF, 0xCC, 0xB3, 0x52, 0x30, 0xB0, 0x56, 0xA8, 0xE5, 0x02, 0x00, 0x50,
  0x4B, 0x03, 0x04, 0x14, 0x00, 0x00, 0x00, 0x08, 0x00, 0x00, 0x00, 0x21, 0x5C, 0x93, 0x45, 0x38,
  0x15, 0x16, 0x00, 0x00, 0x00, 0x14, 0x00, 0x00, 0x00, 0x0F, 0x00, 0x00, 0x00, 0x4F, 0x45, 0x42,
  0x50, 0x53, 0x2F, 0x72, 0x65, 0x73, 0x33, 0x38, 0x2E, 0x63, 0x73, 0x73, 0xD3, 0x4B, 0x36, 0xB6,
  0x50, 0xA8, 0x56, 0xC8, 0x4D, 0x2C, 0x4A, 0xCF, 0xCC, 0xB3, 0x52, 0x30, 0xB0, 0x56, 0xA8, 0xE5,
  0x02, 0x00, 0x50, 0x4B, 0x03, 0x04, 0x14, 0x00, 0x00, 0x00, 0x08, 0x00, 0x00, 0x00, 0x21, 0x5C,
  0xD0, 0x8E, 0x9E, 0x92, 0x16, 0x00, 0x00, 0x00, 0x14, 0x00, 0x00, 0x00, 0x0F, 0x00, 0x00, 0x00,
  0x4F, 0x45, 0x42, 0x50, 0x53, 0x2F, 0x72, 0x65, 0x73, 0x33, 0x39, 0x2E, 0x63, 0x73, 0x73, 0xD3,
  0x4B, 0x36, 0xB6, 0x54, 0xA8, 0x56, 0xC8, 0x4D, 0x2C, 0x4A, 0xCF, 0xCC, 0xB3, 0x52, 0x30, 0xB0,
  0x56, 0xA8, 0xE5, 0x02, 0x00, 0x50, 0x4B, 0x03, 0x04, 0x14, 0x00, 0x00, 0x00, 0x08, 0x00, 0x00,
  0x00, 0x21, 0x5C, 0x69, 0x00, 0x06, 0x12, 0x16, 0x00, 0x00, 0x00, 0x14, 0x00, 0x00, 0x00, 0x0F,
  0x00, 0x00, 0x00, 0x4F, 0x45, 0x42, 0x50, 0x53, 0x2F, 0x72, 0x65, 0x73, 0x34, 0x30, 0x2E, 0x63,
  0x73, 0x73, 0xD3, 0x4B, 0x36, 0x31, 0x50, 0xA8, 0x56, 0xC8, 0x4D, 0x2C, 0x4A, 0xCF, 0xCC, 0xB3,
  0x52, 0x30, 0xB0, 0x56, 0xA8, 0xE5, 0x02, 0x00, 0x50, 0x4B, 0x03, 0x04, 0x14, 0x00, 0x00, 0x00,
  0x08, 0x00, 0x00, 0x00, 0x21, 0x5C, 0x2A, 0xCB, 0xA0, 0x95, 0x16, 0x00, 0x00, 0x00, 0x14, 0x00,
  0x00, 0x00, 0x0F, 0x00, 0x00, 0x00, 0x4F, 0x45, 0x42, 0x50, 0x53, 0x2F, 0x72, 0x65, 0x73, 0x34,
  0x31, 0x2E, 0x63, 0x73, 0x73, 0xD3, 0x4B, 0x36, 0x31, 0x54, 0xA8, 0x56, 0xC8, 0x4D, 0x2C, 0x4A,
  0xCF, 0xCC, 0xB3, 0x52, 0x30, 0xB0, 0x56, 0xA8, 0xE5, 0x02, 0x00, 0x50, 0x4B, 0x03, 0x04, 0x14,
  0x00, 0x00, 0x00, 0x08, 0x00, 0x00, 0x00, 0x21, 0x5C, 0xAE, 0x90, 0x3A, 0xC6, 0x16, 0x00, 0x00,
  0x00, 0x14, 0x00, 0x00, 0x00, 0x0F, 0x00, 0x00, 0x00, 0x4F, 0x45, 0x42, 0x50, 0x53, 0x2F, 0x72,
  0x65, 0x73, 0x34, 0x32, 0x2E, 0x63, 0x73, 0x73, 0xD3, 0x4B, 0x36, 0x31, 0x52, 0xA8, 0x56, 0xC8,
  0x4D, 0x2C, 0x4A, 0xCF, 0xCC, 0xB3, 0x52, 0x30, 0xB0, 0x56, 0xA8, 0xE5, 0x02, 0x00, 0x50, 0x4B,
  0x03, 0x04, 0x14, 0x00, 0x00, 0x00, 0x08, 0x00, 0x00, 0x00, 0x21, 0x5C, 0xED, 0x5B, 0x9C, 0x41,
  0x16, 0x00, 0x00, 0x00, 0x14, 0x00, 0x00, 0x00, 0x0F, 0x00, 0x00, 0x00, 0x4F, 0x45, 0x42, 0x50,
  0x53, 0x2F, 0x72, 0x65, 0x73, 0x34, 0x33, 0x2E, 0x63, 0x73, 0x73, 0xD3, 0x4B, 0x36, 0x31, 0x56,
  0xA8, 0x56, 0xC8, 0x4D, 0x2C, 0x4A, 0xCF, 0xCC, 0xB3, 0x52, 0x30, 0xB0, 0x56, 0xA8, 0xE5, 0x02,
  0x00, 0x50, 0x4B, 0x03, 0x04, 0x14, 0x00, 0x00, 0x00, 0x08, 0x00, 0x00, 0x00, 0x21, 0x5C, 0xA6,
  0x27, 0x0E, 0x61, 0x16, 0x00, 0x00, 0x00, 0x14, 0x00, 0x00, 0x00, 0x0F, 0x00, 0x00, 0x00, 0x4F,
  0x45, 0x42, 0x50, 0x53, 0x2F, 0x72, 0x65, 0x73, 0x34, 0x34, 0x2E, 0x63, 0x73, 0x73, 0xD3, 0x4B,
  0x36, 0x31, 0x51, 0xA8, 0x56, 0xC8, 0x4D, 0x2C, 0x4A, 0xCF, 0xCC, 0xB3, 0x52, 0x30, 0xB0, 0x56,
  0xA8, 0xE5, 0x02, 0x00, 0x50, 0x4B, 0x03, 0x04, 0x14, 0x00, 0x00, 0x00, 0x08, 0x00, 0x00, 0x00,
  0x21, 0x5C, 0xE5, 0xEC, 0xA8, 0xE6, 0x16, 0x00, 0x00, 0x00, 0x14, 0x00, 0x00, 0x00, 0x0F, 0x00,
  0x00, 0x00, 0x4F, 0x45, 0x42, 0x50, 0x53, 0x2F, 0x72, 0x65, 0x73, 0x34, 0x35, 0x2E, 0x63, 0x73,
  0x73, 0xD3, 0x4B, 0x36, 0x31, 0x55, 0xA8, 0x56, 0xC8, 0x4D, 0x2C, 0x4A, 0xCF, 0xCC, 0xB3, 0x52,
  0x30, 0xB0, 0x56, 0xA8, 0xE5, 0x02, 0x00, 0x50, 0x4B, 0x03, 0x04, 0x14, 0x00, 0x00, 0x00, 0x08,
  0x00, 0x00, 0x00, 0x21, 0x5C, 0x61, 0xB7, 0x32, 0xB5, 0x16, 0x00, 0x00, 0x00, 0x14, 0x00, 0x00,
  0x00, 0x0F, 0x00, 0x00, 0x00, 0x4F, 0x45, 0x42, 0x50, 0x53, 0x2F, 0x72, 0x65, 0x73, 0x34, 0x36,
  0x2E, 0x63, 0x73, 0x73, 0xD3, 0x4B, 0x36, 0x31, 0x53, 0xA8, 0x56, 0xC8, 0x4D, 0x2C, 0x4A, 0xCF,
  0xCC, 0xB3, 0x52, 0x30, 0xB0, 0x56, 0xA8, 0xE5, 0x02, 0x00, 0x50, 0x4B, 0x03, 0x04, 0x14, 0x00,
  0x00, 0x00, 0x08, 0x00, 0x00, 0x00, 0x21, 0x5C, 0x22, 0x7C, 0x94, 0x32, 0x16, 0x00, 0x00, 0x00,
  0x14, 0x00, 0x00, 0x00, 0x0F, 0x00, 0x00, 0x00, 0x4F, 0x45, 0x42, 0x50, 0x53, 0x2F, 0x72, 0x65,
  0x73, 0x34, 0x37, 0x2E, 0x63, 0x73, 0x73, 0xD3, 0x4B, 0x36, 0x31, 0x57, 0xA8, 0x56, 0xC8, 0x4D,
  0x2C, 0x4A, 0xCF, 0xCC, 0xB3, 0x52, 0x30, 0xB0, 0x56, 0xA8, 0xE5, 0x02, 0x00, 0x50, 0x4B, 0x03,
  0x04, 0x14, 0x00, 0x00, 0x00, 0x08, 0x00, 0x00, 0x00, 0x21, 0x5C, 0xF7, 0x4F, 0x16, 0xF4, 0x16,
  0x00, 0x00, 0x00, 0x14, 0x00, 0x00, 0x00, 0x0F, 0x00, 0x00, 0x00, 0x4F, 0x45, 0x42, 0x50, 0x53,
  0x2F, 0x72, 0x65, 0x73, 0x34, 0x38, 0x2E, 0x63, 0x73, 0x73, 0xD3, 0x4B, 0x36, 0xB1, 0x50, 0xA8,
  0x56, 0xC8, 0x4D, 0x2C, 0x4A, 0xCF, 0xCC, 0xB3, 0x52, 0x30, 0xB0, 0x56, 0xA8, 0xE5, 0x02, 0x00,
  0x50, 0x4B, 0x03, 0x04, 0x14, 0x00, 0x00, 0x00, 0x08, 0x00, 0x00, 0x00, 0x21, 0x5C, 0xB4, 0x84,
  0xB0, 0x73, 0x16, 0x00, 0x00, 0x00, 0x14, 0x00, 0x00, 0x00, 0x0F, 0x00, 0x00, 0x00, 0x4F, 0x45,
  0x42, 0x50, 0x53, 0x2F, 0x72, 0x65, 0x73, 0x34, 0x39, 0x2E, 0x63, 0x73, 0x73, 0xD3, 0x4B, 0x36,
  0xB1, 0x54, 0xA8, 0x56, 0xC8, 0x4D, 0x2C, 0x4A, 0xCF, 0xCC, 0xB3, 0x52, 0x30, 0xB0, 0x56, 0xA8,
  0xE5, 0x02, 0x00, 0x50, 0x4B, 0x03, 0x04, 0x14, 0x00, 0x00, 0x00, 0x08, 0x00, 0x00, 0x00, 0x21,
  0x5C, 0x88, 0xB6, 0x54, 0xFD, 0x16, 0x00, 0x00, 0x00, 0x14, 0x00, 0x00, 0x00, 0x0F, 0x00, 0x00,
  0x00, 0x4F, 0x45, 0x42, 0x50, 0x53, 0x2F, 0x72, 0x65, 0x73, 0x35, 0x30, 0x2E, 0x63, 0x73, 0x73,
  0xD3, 0x4B, 0x36, 0x35, 0x50, 0xA8, 0x56, 0xC8, 0x4D, 0x2C, 0x4A, 0xCF, 0xCC, 0xB3, 0x52, 0x30,
  0xB0, 0x56, 0xA8, 0xE5, 0x02, 0x00, 0x50, 0x4B, 0x03, 0x04, 0x14, 0x00, 0x00, 0x00, 0x08, 0x00,
  0x00, 0x00, 0x21, 0x5C, 0xCB, 0x7D, 0xF2, 0x7A, 0x16, 0x00, 0x00, 0x00, 0x14, 0x00, 0x00, 0x00,
  0x0F, 0x00, 0x00, 0x00, 0x4F, 0x45, 0x42, 0x50, 0x53, 0x2F, 0x72, 0x65, 0x73, 0x35, 0x31, 0x2E,
  0x63, 0x73, 0x73, 0xD3, 0x4B, 0x36, 0x35, 0x54, 0xA8, 0x56, 0xC8, 0x4D, 0x2C, 0x4A, 0xCF, 0xCC,
  0xB3, 0x52, 0x30, 0xB0, 0x56, 0xA8, 0xE5, 0x02, 0x00, 0x50, 0x4B, 0x03, 0x04, 0x14, 0x00, 0x00,
  0x00, 0x08, 0x00, 0x00, 0x00, 0x21, 0x5C, 0x4F, 0x26, 0x68, 0x29, 0x16, 0x00, 0x00, 0x00, 0x14,
  0x00, 0x00, 0x00, 0x0F, 0x00, 0x00, 0x00, 0x4F, 0x45, 0x42, 0x50, 0x53, 0x2F, 0x72, 0x65, 0x73,
  0x35, 0x32, 0x2E, 0x63, 0x73, 0x73, 0xD3, 0x4B, 0x36, 0x35, 0x52, 0xA8, 0x56, 0xC8, 0x4D, 0x2C,
  0x4A, 0xCF, 0xCC, 0xB3, 0x52, 0x30, 0xB0, 0x56, 0xA8, 0xE5, 0x02, 0x00, 0x50, 0x4B, 0x03, 0x04,
  0x14, 0x00, 0x00, 0x00, 0x08, 0x00, 0x00, 0x00, 0x21, 0x5C, 0x0C, 0xED, 0xCE, 0xAE, 0x16, 0x00,
  0x00, 0x00, 0x14, 0x00, 0x00, 0x00, 0x0F, 0x00, 0x00, 0x00, 0x4F, 0x45, 0x42, 0x50, 0x53, 0x2F,
  0x72, 0x65, 0x73, 0x35, 0x33, 0x2E, 0x63, 0x73, 0x73, 0xD3, 0x4B, 0x36, 0x35, 0x56, 0xA8, 0x56,
  0xC8, 0x4D, 0x2C, 0x4A, 0xCF, 0xCC, 0xB3, 0x52, 0x30, 0xB0, 0x56, 0xA8, 0xE5, 0x02, 0x00, 0x50,
  0x4B, 0x03, 0x04, 0x14, 0x00, 0x00, 0x00, 0x08, 0x00, 0x00, 0x00, 0x21, 0x5C, 0x47, 0x91, 0x5C,
  0x8E, 0x16, 0x00, 0x00, 0x00, 0x14, 0x00, 0x00, 0x00, 0x0F, 0x00, 0x00, 0x00, 0x4F, 0x45, 0x42,
  0x50, 0x53, 0x2F, 0x72, 0x65, 0x73, 0x35, 0x34, 0x2E, 0x63, 0x73, 0x73, 0xD3, 0x4B, 0x36, 0x35,
  0x51, 0xA8, 0x56, 0xC8, 0x4D, 0x2C, 0x4A, 0xCF, 0xCC, 0xB3, 0x52, 0x30, 0xB0, 0x56, 0xA8, 0xE5,
  0x02, 0x00, 0x50, 0x4B, 0x03, 0x04, 0x14, 0x00, 0x00, 0x00, 0x08, 0x00, 0x00, 0x00, 0x21, 0x5C,
  0x04, 0x5A, 0xFA, 0x09, 0x16, 0x00, 0x00, 0x00, 0x14, 0x00, 0x00, 0x00, 0x0F, 0x00, 0x00, 0x00,
  0x4F, 0x45, 0x42, 0x50, 0x53, 0x2F, 0x72, 0x65, 0x73, 0x35, 0x35, 0x2E, 0x63, 0x73, 0x73, 0xD3,
  0x4B, 0x36, 0x35, 0x55, 0xA8, 0x56, 0xC8, 0x4D, 0x2C, 0x4A, 0xCF, 0xCC, 0xB3, 0x52, 0x30, 0xB0,
  0x56, 0xA8, 0xE5, 0x02, 0x00, 0x50, 0x4B, 0x03, 0x04, 0x14, 0x00, 0x00, 0x00, 0x08, 0x00, 0x00,
  0x00, 0x21, 0x5C, 0x80, 0x01, 0x60, 0x5A, 0x16, 0x00, 0x00, 0x00, 0x14, 0x00, 0x00, 0x00, 0x0F,
  0x00, 0x00, 0x00, 0x4F, 0x45, 0x42, 0x50, 0x53, 0x2F, 0x72, 0x65, 0x73, 0x35, 0x36, 0x2E, 0x63,
  0x73, 0x73, 0xD3, 0x4B, 0x36, 0x35, 0x53, 0xA8, 0x56, 0xC8, 0x4D, 0x2C, 0x4A, 0xCF, 0xCC, 0xB3,
  0x52, 0x30, 0xB0, 0x56, 0xA8, 0xE5, 0x02, 0x00, 0x50, 0x4B, 0x03, 0x04, 0x14, 0x00, 0x00, 0x00,
  0x08, 0x00, 0x00, 0x00, 0x21, 0x5C, 0xC3, 0xCA, 0xC6, 0xDD, 0x16, 0x00, 0x00, 0x00, 0x14, 0x00,
  0x00, 0x00, 0x0F, 0x00, 0x00, 0x00, 0x4F, 0x45, 0x42, 0x50, 0x53, 0x2F, 0x72, 0x65, 0x73, 0x35,
  0x37, 0x2E, 0x63, 0x73, 0x73, 0xD3, 0x4B, 0x36, 0x35, 0x57, 0xA8, 0x56, 0xC8, 0x4D, 0x2C, 0x4A,
  0xCF, 0xCC, 0xB3, 0x52, 0x30, 0xB0, 0x56, 0xA8, 0xE5, 0x02, 0x00, 0x50, 0x4B, 0x03, 0x04, 0x14,
  0x00, 0x00, 0x00, 0x08, 0x00, 0x00, 0x00, 0x21, 0x5C, 0x16, 0xF9, 0x44, 0x1B, 0x16, 0x00, 0x00,
  0x00, 0x14, 0x00, 0x00, 0x00, 0x0F, 0x00, 0x00, 0x00, 0x4F, 0x45, 0x42, 0x50, 0x53, 0x2F, 0x72,
  0x65, 0x73, 0x35, 0x38, 0x2E, 0x63, 0x73, 0x73, 0xD3, 0x4B, 0x36, 0xB5, 0x50, 0xA8, 0x56, 0xC8,
  0x4D, 0x2C, 0x4A, 0xCF, 0xCC, 0xB3, 0x52, 0x30, 0xB0, 0x56, 0xA8, 0xE5, 0x02, 0x00, 0x50, 0x4B,
  0x03, 0x04, 0x14, 0x00, 0x00, 0x00, 0x08, 0x00, 0x00, 0x00, 0x21, 0x5C, 0x55, 0x32, 0xE2, 0x9C,
  0x16, 0x00, 0x00, 0x00, 0x14, 0x00, 0x00, 0x00, 0x0F, 0x00, 0x00, 0x00, 0x4F, 0x45, 0x42, 0x50,
  0x53, 0x2F, 0x72, 0x65, 0x73, 0x35, 0x39, 0x2E, 0x63, 0x73, 0x73, 0xD3, 0x4B, 0x36, 0xB5, 0x54,
  0xA8, 0x56, 0xC8, 0x4D, 0x2C, 0x4A, 0xCF, 0xCC, 0xB3, 0x52, 0x30, 0xB0, 0x56, 0xA8, 0xE5, 0x02,
  0x00, 0x50, 0x4B, 0x01, 0x02, 0x14, 0x03, 0x14, 0x00, 0x00, 0x00, 0x00, 0x00, 0x00, 0x00, 0x21,
  0x5C, 0x6F, 0x61, 0xAB, 0x2C, 0x14, 0x00, 0x00, 0x00, 0x14, 0x00, 0x00, 0x00, 0x08, 0x00, 0x00,
  0x00, 0x00, 0x00, 0x00, 0x00, 0x00, 0x00, 0x00, 0x00, 0x80, 0x01, 0x00, 0x00, 0x00, 0x00, 0x6D,
  0x69, 0x6D, 0x65, 0x74, 0x79, 0x70, 0x65, 0x50, 0x4B, 0x01, 0x02, 0x14, 0x03, 0x14, 0x00, 0x00,
  0x00, 0x08, 0x00, 0x00, 0x00, 0x21, 0x5C, 0x6C, 0x8C, 0x39, 0xF4, 0xA0, 0x00, 0x00, 0x00, 0xEB,
  0x00, 0x00, 0x00, 0x16, 0x00, 0x00, 0x00, 0x00, 0x00, 0x00, 0x00, 0x00, 0x00, 0x00, 0x00, 0x80,
  0x01, 0x3A, 0x00, 0x00, 0x00, 0x4D, 0x45, 0x54, 0x41, 0x2D, 0x49, 0x4E, 0x46, 0x2F, 0x63, 0x6F,
  0x6E, 0x74, 0x61, 0x69, 0x6E, 0x65, 0x72, 0x2E, 0x78, 0x6D, 0x6C, 0x50, 0x4B, 0x01, 0x02, 0x14,
  0x03, 0x14, 0x00, 0x00, 0x00, 0x08, 0x00, 0x00, 0x00, 0x21, 0x5C, 0x50, 0xBB, 0x77, 0xD1, 0xB4,
  0x04, 0x00, 0x00, 0x08, 0x29, 0x00, 0x00, 0x11, 0x00, 0x00, 0x00, 0x00, 0x00, 0x00, 0x00, 0x00,
  0x00, 0x00, 0x00, 0x80, 0x01, 0x0E, 0x01, 0x00, 0x00, 0x4F, 0x45, 0x42, 0x50, 0x53, 0x2F, 0x63,
  0x6F, 0x6E, 0x74, 0x65, 0x6E, 0x74, 0x2E, 0x6F, 0x70, 0x66, 0x50, 0x4B, 0x01, 0x02, 0x14, 0x03,
  0x14, 0x00, 0x00, 0x00, 0x08, 0x00, 0x00, 0x00, 0x21, 0x5C, 0x46, 0xB0, 0xA1, 0x4B, 0x95, 0x03,
  0x00, 0x00, 0xE9, 0x21, 0x00, 0x00, 0x0D, 0x00, 0x00, 0x00, 0x00, 0x00, 0x00, 0x00, 0x00, 0x00,
  0x00, 0x00, 0x80, 0x01, 0xF1, 0x05, 0x00, 0x00, 0x4F, 0x45, 0x42, 0x50, 0x53, 0x2F, 0x74, 0x6F,
  0x63, 0x2E, 0x6E, 0x63, 0x78, 0x50, 0x4B, 0x01, 0x02, 0x14, 0x03, 0x14, 0x00, 0x00, 0x00, 0x00,
  0x00, 0x00, 0x00, 0x21, 0x5C, 0xEF, 0x1E, 0x03, 0x1C, 0x46, 0x00, 0x00, 0x00, 0x46, 0x00, 0x00,
  0x00, 0x0F, 0x00, 0x00, 0x00, 0x00, 0x00, 0x00, 0x00, 0x00, 0x00, 0x00, 0x00, 0x80, 0x01, 0xB1,
  0x09, 0x00, 0x00, 0x4F, 0x45, 0x42, 0x50, 0x53, 0x2F, 0x63, 0x6F, 0x76, 0x65, 0x72, 0x2E, 0x70,
  0x6E, 0x67, 0x50, 0x4B, 0x01, 0x02, 0x14, 0x03, 0x14, 0x00, 0x00, 0x00, 0x08, 0x00, 0x00, 0x00,
  0x21, 0x5C, 0x1A, 0xDE, 0xE9, 0x91, 0x51, 0x00, 0x00, 0x00, 0x60, 0x00, 0x00, 0x00, 0x0F, 0x00,
  0x00, 0x00, 0x00, 0x00, 0x00, 0x00, 0x00, 0x00, 0x00, 0x00, 0x80, 0x01, 0x24, 0x0A, 0x00, 0x00,
  0x4F, 0x45, 0x42, 0x50, 0x53, 0x2F, 0x63, 0x68, 0x30, 0x2E, 0x78, 0x68, 0x74, 0x6D, 0x6C, 0x50,
  0x4B, 0x01, 0x02, 0x14, 0x03, 0x14, 0x00, 0x00, 0x00, 0x08, 0x00, 0x00, 0x00, 0x21, 0x5C, 0x24,
  0x81, 0x72, 0xBB, 0x51, 0x00, 0x00, 0x00, 0x60, 0x00, 0x00, 0x00, 0x0F, 0x00, 0x00, 0x00, 0x00,
  0x00, 0x00, 0x00, 0x00, 0x00, 0x00, 0x00, 0x80, 0x01, 0xA2, 0x0A, 0x00, 0x00, 0x4F, 0x45, 0x42,
  0x50, 0x53, 0x2F, 0x63, 0x68, 0x31, 0x2E, 0x78, 0x68, 0x74, 0x6D, 0x6C, 0x50, 0x4B, 0x01, 0x02,
  0x14, 0x03, 0x14, 0x00, 0x00, 0x00, 0x08, 0x00, 0x00, 0x00, 0x21, 0x5C, 0xF1, 0x49, 0x2B, 0x14,
  0x51, 0x00, 0x00, 0x00, 0x60, 0x00, 0x00, 0x00, 0x0F, 0x00, 0x00, 0x00, 0x00, 0x00, 0x00, 0x00,
  0x00, 0x00, 0x00, 0x00, 0x80, 0x01, 0x20, 0x0B, 0x00, 0x00, 0x4F, 0x45, 0x42, 0x50, 0x53, 0x2F,
  0x63, 0x68, 0x32, 0x2E, 0x78, 0x68, 0x74, 0x6D, 0x6C, 0x50, 0x4B, 0x01, 0x02, 0x14, 0x03, 0x14,
  0x00, 0x00, 0x00, 0x08, 0x00, 0x00, 0x00, 0x21, 0x5C, 0x58, 0x3F, 0x44, 0xEE, 0x51, 0x00, 0x00,
  0x00, 0x60, 0x00, 0x00, 0x00, 0x0F, 0x00, 0x00, 0x00, 0x00, 0x00, 0x00, 0x00, 0x00, 0x00, 0x00,
  0x00, 0x80, 0x01, 0x9E, 0x0B, 0x00, 0x00, 0x4F, 0x45, 0x42, 0x50, 0x53, 0x2F, 0x63, 0x68, 0x33,
  0x2E, 0x78, 0x68, 0x74, 0x6D, 0x6C, 0x50, 0x4B, 0x01, 0x02, 0x14, 0x03, 0x14, 0x00, 0x00, 0x00,
  0x08, 0x00, 0x00, 0x00, 0x21, 0x5C, 0x8D, 0xF7, 0x1D, 0x41, 0x51, 0x00, 0x00, 0x00, 0x60, 0x00,
  0x00, 0x00, 0x0F, 0x00, 0x00, 0x00, 0x00, 0x00, 0x00, 0x00, 0x00, 0x00, 0x00, 0x00, 0x80, 0x01,
  0x1C, 0x0C, 0x00, 0x00, 0x4F, 0x45, 0x42, 0x50, 0x53, 0x2F, 0x63, 0x68, 0x34, 0x2E, 0x78, 0x68,
  0x74, 0x6D, 0x6C, 0x50, 0x4B, 0x01, 0x02, 0x14, 0x03, 0x14, 0x00, 0x00, 0x00, 0x08, 0x00, 0x00,
  0x00, 0x21, 0x5C, 0xB3, 0xA8, 0x86, 0x6B, 0x51, 0x00, 0x00, 0x00, 0x60, 0x00, 0x00, 0x00, 0x0F,
  0x00, 0x00, 0x00, 0x00, 0x00, 0x00, 0x00, 0x00, 0x00, 0x00, 0x00, 0x80, 0x01, 0x9A, 0x0C, 0x00,
  0x00, 0x4F, 0x45, 0x42, 0x50, 0x53, 0x2F, 0x63, 0x68, 0x35, 0x2E, 0x78, 0x68, 0x74, 0x6D, 0x6C,
  0x50, 0x4B, 0x01, 0x02, 0x14, 0x03, 0x14, 0x00, 0x00, 0x00, 0x08, 0x00, 0x00, 0x00, 0x21, 0x5C,
  0x66, 0x60, 0xDF, 0xC4, 0x51, 0x00, 0x00, 0x00, 0x60, 0x00, 0x00, 0x00, 0x0F, 0x00, 0x00, 0x00,
  0x00, 0x00, 0x00, 0x00, 0x00, 0x00, 0x00, 0x00, 0x80, 0x01, 0x18, 0x0D, 0x00, 0x00, 0x4F, 0x45,
  0x42, 0x50, 0x53, 0x2F, 0x63, 0x68, 0x36, 0x2E, 0x78, 0x68, 0x74, 0x6D, 0x6C, 0x50, 0x4B, 0x01,
  0x02, 0x14, 0x03, 0x14, 0x00, 0x00, 0x00, 0x08, 0x00, 0x00, 0x00, 0x21, 0x5C, 0xA0, 0x43, 0x29,
  0x44, 0x51, 0x00, 0x00, 0x00, 0x60, 0x00, 0x00, 0x00, 0x0F, 0x00, 0x00, 0x00, 0x00, 0x00, 0x00,
  0x00, 0x00, 0x00, 0x00, 0x00, 0x80, 0x01, 0x96, 0x0D, 0x00, 0x00, 0x4F, 0x45, 0x42, 0x50, 0x53,
  0x2F, 0x63, 0x68, 0x37, 0x2E, 0x78, 0x68, 0x74, 0x6D, 0x6C, 0x50, 0x4B, 0x01, 0x02, 0x14, 0x03,
  0x14, 0x00, 0x00, 0x00, 0x08, 0x00, 0x00, 0x00, 0x21, 0x5C, 0x75, 0x8B, 0x70, 0xEB, 0x51, 0x00,
  0x00, 0x00, 0x60, 0x00, 0x00, 0x00, 0x0F, 0x00, 0x00, 0x00, 0x00, 0x00, 0x00, 0x00, 0x00, 0x00,
  0x00, 0x00, 0x80, 0x01, 0x14, 0x0E, 0x00, 0x00, 0x4F, 0x45, 0x42, 0x50, 0x53, 0x2F, 0x63, 0x68,
  0x38, 0x2E, 0x78, 0x68, 0x74, 0x6D, 0x6C, 0x50, 0x4B, 0x01, 0x02, 0x14, 0x03, 0x14, 0x00, 0x00,
  0x00, 0x08, 0x00, 0x00, 0x00, 0x21, 0x5C, 0x6E, 0x87, 0xBB, 0x29, 0x52, 0x00, 0x00, 0x00, 0x62,
  0x00, 0x00, 0x00, 0x0F, 0x00, 0x00, 0x00, 0x00, 0x00, 0x00, 0x00, 0x00, 0x00, 0x00, 0x00, 0x80,
  0x01, 0x92, 0x0E, 0x00, 0x00, 0x4F, 0x45, 0x42, 0x50, 0x53, 0x2F, 0x63, 0x68, 0x39, 0x2E, 0x78,
  0x68, 0x74, 0x6D, 0x6C, 0x50, 0x4B, 0x01, 0x02, 0x14, 0x03, 0x14, 0x00, 0x00, 0x00, 0x08, 0x00,
  0x00, 0x00, 0x21, 0x5C, 0x25, 0x40, 0x10, 0x25, 0x52, 0x00, 0x00, 0x00, 0x62, 0x00, 0x00, 0x00,
  0x10, 0x00, 0x00, 0x00, 0x00, 0x00, 0x00, 0x00, 0x00, 0x00, 0x00, 0x00, 0x80, 0x01, 0x11, 0x0F,
  0x00, 0x00, 0x4F, 0x45, 0x42, 0x50, 0x53, 0x2F, 0x63, 0x68, 0x31, 0x30, 0x2E, 0x78, 0x68, 0x74,
  0x6D, 0x6C, 0x50, 0x4B, 0x01, 0x02, 0x14, 0x03, 0x14, 0x00, 0x00, 0x00, 0x08, 0x00, 0x00, 0x00,
  0x21, 0x5C, 0xF8, 0x09, 0xEC, 0x30, 0x52, 0x00, 0x00, 0x00, 0x62, 0x00, 0x00, 0x00, 0x10, 0x00,
  0x00, 0x00, 0x00, 0x00, 0x00, 0x00, 0x00, 0x00, 0x00, 0x00, 0x80, 0x01, 0x91, 0x0F, 0x00, 0x00,
  0x4F, 0x45, 0x42, 0x50, 0x53, 0x2F, 0x63, 0x68, 0x31, 0x31, 0x2E, 0x78, 0x68, 0x74, 0x6D, 0x6C,
  0x50, 0x4B, 0x01, 0x02, 0x14, 0x03, 0x14, 0x00, 0x00, 0x00, 0x08, 0x00, 0x00, 0x00, 0x21, 0x5C,
  0xB3, 0xCE, 0x47, 0x3C, 0x52, 0x00, 0x00, 0x00, 0x62, 0x00, 0x00, 0x00, 0x10, 0x00, 0x00, 0x00,
  0x00, 0x00, 0x00, 0x00, 0x00, 0x00, 0x00, 0x00, 0x80, 0x01, 0x11, 0x10, 0x00, 0x00, 0x4F, 0x45,
  0x42, 0x50, 0x53, 0x2F, 0x63, 0x68, 0x31, 0x32, 0x2E, 0x78, 0x68, 0x74, 0x6D, 0x6C, 0x50, 0x4B,
  0x01, 0x02, 0x14, 0x03, 0x14, 0x00, 0x00, 0x00, 0x08, 0x00, 0x00, 0x00, 0x21, 0x5C, 0x42, 0x9A,
  0x14, 0x1B, 0x52, 0x00, 0x00, 0x00, 0x62, 0x00, 0x00, 0x00, 0x10, 0x00, 0x00, 0x00, 0x00, 0x00,
  0x00, 0x00, 0x00, 0x00, 0x00, 0x00, 0x80, 0x01, 0x91, 0x10, 0x00, 0x00, 0x4F, 0x45, 0x42, 0x50,
  0x53, 0x2F, 0x63, 0x68, 0x31, 0x33, 0x2E, 0x78, 0x68, 0x74, 0x6D, 0x6C, 0x50, 0x4B, 0x01, 0x02,
  0x14, 0x03, 0x14, 0x00, 0x00, 0x00, 0x08, 0x00, 0x00, 0x00, 0x21, 0x5C, 0x09, 0x5D, 0xBF, 0x17,
  0x52, 0x00, 0x00, 0x00, 0x62, 0x00, 0x00, 0x00, 0x10, 0x00, 0x00, 0x00, 0x00, 0x00, 0x00, 0x00,
  0x00, 0x00, 0x00, 0x00, 0x80, 0x01, 0x11, 0x11, 0x00, 0x00, 0x4F, 0x45, 0x42, 0x50, 0x53, 0x2F,
  0x63, 0x68, 0x31, 0x34, 0x2E, 0x78, 0x68, 0x74, 0x6D, 0x6C, 0x50, 0x4B, 0x01, 0x02, 0x14, 0x03,
  0x14, 0x00, 0x00, 0x00, 0x08, 0x00, 0x00, 0x00, 0x21, 0x5C, 0xD4, 0x14, 0x43, 0x02, 0x52, 0x00,
  0x00, 0x00, 0x62, 0x00, 0x00, 0x00, 0x10, 0x00, 0x00, 0x00, 0x00, 0x00, 0x00, 0x00, 0x00, 0x00,
  0x00, 0x00, 0x80, 0x01, 0x91, 0x11, 0x00, 0x00, 0x4F, 0x45, 0x42, 0x50, 0x53, 0x2F, 0x63, 0x68,
  0x31, 0x35, 0x2E, 0x78, 0x68, 0x74, 0x6D, 0x6C, 0x50, 0x4B, 0x01, 0x02, 0x14, 0x03, 0x14, 0x00,
  0x00, 0x00, 0x08, 0x00, 0x00, 0x00, 0x21, 0x5C, 0x9F, 0xD3, 0xE8, 0x0E, 0x52, 0x00, 0x00, 0x00,
  0x62, 0x00, 0x00, 0x00, 0x10, 0x00, 0x00, 0x00, 0x00, 0x00, 0x00, 0x00, 0x00, 0x00, 0x00, 0x00,
  0x80, 0x01, 0x11, 0x12, 0x00, 0x00, 0x4F, 0x45, 0x42, 0x50, 0x53, 0x2F, 0x63, 0x68, 0x31, 0x36,
  0x2E, 0x78, 0x68, 0x74, 0x6D, 0x6C, 0x50, 0x4B, 0x01, 0x02, 0x14, 0x03, 0x14, 0x00, 0x00, 0x00,
  0x08, 0x00, 0x00, 0x00, 0x21, 0x5C, 0x36, 0xBD, 0xE5, 0x4C, 0x52, 0x00, 0x00, 0x00, 0x62, 0x00,
  0x00, 0x00, 0x10, 0x00, 0x00, 0x00, 0x00, 0x00, 0x00, 0x00, 0x00, 0x00, 0x00, 0x00, 0x80, 0x01,
  0x91, 0x12, 0x00, 0x00, 0x4F, 0x45, 0x42, 0x50, 0x53, 0x2F, 0x63, 0x68, 0x31, 0x37, 0x2E, 0x78,
  0x68, 0x74, 0x6D, 0x6C, 0x50, 0x4B, 0x01, 0x02, 0x14, 0x03, 0x14, 0x00, 0x00, 0x00, 0x08, 0x00,
  0x00, 0x00, 0x21, 0x5C, 0x7D, 0x7A, 0x4E, 0x40, 0x52, 0x00, 0x00, 0x00, 0x62, 0x00, 0x00, 0x00,
  0x10, 0x00, 0x00, 0x00, 0x00, 0x00, 0x00, 0x00, 0x00, 0x00, 0x00, 0x00, 0x80, 0x01, 0x11, 0x13,
  0x00, 0x00, 0x4F, 0x45, 0x42, 0x50, 0x53, 0x2F, 0x63, 0x68, 0x31, 0x38, 0x2E, 0x78, 0x68, 0x74,
  0x6D, 0x6C, 0x50, 0x4B, 0x01, 0x02, 0x14, 0x03, 0x14, 0x00, 0x00, 0x00, 0x08, 0x00, 0x00, 0x00,
  0x21, 0x5C, 0x4E, 0xD5, 0xCC, 0xD1, 0x52, 0x00, 0x00, 0x00, 0x62, 0x00, 0x00, 0x00, 0x10, 0x00,
  0x00, 0x00, 0x00, 0x00, 0x00, 0x00, 0x00, 0x00, 0x00, 0x00, 0x80, 0x01, 0x91, 0x13, 0x00, 0x00,
  0x4F, 0x45, 0x42, 0x50, 0x53, 0x2F, 0x63, 0x68, 0x31, 0x39, 0x2E, 0x78, 0x68, 0x74, 0x6D, 0x6C,
  0x50, 0x4B, 0x01, 0x02, 0x14, 0x03, 0x14, 0x00, 0x00, 0x00, 0x08, 0x00, 0x00, 0x00, 0x21, 0x5C,
  0x05, 0x12, 0x67, 0xDD, 0x52, 0x00, 0x00, 0x00, 0x62, 0x00, 0x00, 0x00, 0x10, 0x00, 0x00, 0x00,
  0x00, 0x00, 0x00, 0x00, 0x00, 0x00, 0x00, 0x00, 0x80, 0x01, 0x11, 0x14, 0x00, 0x00, 0x4F, 0x45,
  0x42, 0x50, 0x53, 0x2F, 0x63, 0x68, 0x32, 0x30, 0x2E, 0x78, 0x68, 0x74, 0x6D, 0x6C, 0x50, 0x4B,
  0x01, 0x02, 0x14, 0x03, 0x14, 0x00, 0x00, 0x00, 0x08, 0x00, 0x00, 0x00, 0x21, 0x5C, 0xD8, 0x5B,
  0x9B, 0xC8, 0x52, 0x00, 0x00, 0x00, 0x62, 0x00, 0x00, 0x00, 0x10, 0x00, 0x00, 0x00, 0x00, 0x00,
  0x00, 0x00, 0x00, 0x00, 0x00, 0x00, 0x80, 0x01, 0x91, 0x14, 0x00, 0x00, 0x4F, 0x45, 0x42, 0x50,
  0x53, 0x2F, 0x63, 0x68, 0x32, 0x31, 0x2E, 0x78, 0x68, 0x74, 0x6D, 0x6C, 0x50, 0x4B, 0x01, 0x02,
  0x14, 0x03, 0x14, 0x00, 0x00, 0x00, 0x08, 0x00, 0x00, 0x00, 0x21, 0x5C, 0x93, 0x9C, 0x30, 0xC4,
  0x52, 0x00, 0x00, 0x00, 0x62, 0x00, 0x00, 0x00, 0x10, 0x00, 0x00, 0x00, 0x00, 0x00, 0x00, 0x00,
  0x00, 0x00, 0x00, 0x00, 0x80, 0x01, 0x11, 0x15, 0x00, 0x00, 0x4F, 0x45, 0x42, 0x50, 0x53, 0x2F,
  0x63, 0x68, 0x32, 0x32, 0x2E, 0x78, 0x68, 0x74, 0x6D, 0x6C, 0x50, 0x4B, 0x01, 0x02, 0x14, 0x03,
  0x14, 0x00, 0x00, 0x00, 0x08, 0x00, 0x00, 0x00, 0x21, 0x5C, 0x62, 0xC8, 0x63, 0xE3, 0x52, 0x00,
  0x00, 0x00, 0x62, 0x00, 0x00, 0x00, 0x10, 0x00, 0x00, 0x00, 0x00, 0x00, 0x00, 0x00, 0x00, 0x00,
  0x00, 0x00, 0x80, 0x01, 0x91, 0x15, 0x00, 0x00, 0x4F, 0x45, 0x42, 0x50, 0x53, 0x2F, 0x63, 0x68,
  0x32, 0x33, 0x2E, 0x78, 0x68, 0x74, 0x6D, 0x6C, 0x50, 0x4B, 0x01, 0x02, 0x14, 0x03, 0x14, 0x00,
  0x00, 0x00, 0x08, 0x00, 0x00, 0x00, 0x21, 0x5C, 0x29, 0x0F, 0xC8, 0xEF, 0x52, 0x00, 0x00, 0x00,
  0x62, 0x00, 0x00, 0x00, 0x10, 0x00, 0x00, 0x00, 0x00, 0x00, 0x00, 0x00, 0x00, 0x00, 0x00, 0x00,
  0x80, 0x01, 0x11, 0x16, 0x00, 0x00, 0x4F, 0x45, 0x42, 0x50, 0x53, 0x2F, 0x63, 0x68, 0x32, 0x34,
  0x2E, 0x78, 0x68, 0x74, 0x6D, 0x6C, 0x50, 0x4B, 0x01, 0x02, 0x14, 0x03, 0x14, 0x00, 0x00, 0x00,
  0x08, 0x00, 0x00, 0x00, 0x21, 0x5C, 0xF4, 0x46, 0x34, 0xFA, 0x52, 0x00, 0x00, 0x00, 0x62, 0x00,
  0x00, 0x00, 0x10, 0x00, 0x00, 0x00, 0x00, 0x00, 0x00, 0x00, 0x00, 0x00, 0x00, 0x00, 0x80, 0x01,
  0x91, 0x16, 0x00, 0x00, 0x4F, 0x45, 0x42, 0x50, 0x53, 0x2F, 0x63, 0x68, 0x32, 0x35, 0x2E, 0x78,
  0x68, 0x74, 0x6D, 0x6C, 0x50, 0x4B, 0x01, 0x02, 0x14, 0x03, 0x14, 0x00, 0x00, 0x00, 0x08, 0x00,
  0x00, 0x00, 0x21, 0x5C, 0xBF, 0x81, 0x9F, 0xF6, 0x52, 0x00, 0x00, 0x00, 0x62, 0x00, 0x00, 0x00,
  0x10, 0x00, 0x00, 0x00, 0x00, 0x00, 0x00, 0x00, 0x00, 0x00, 0x00, 0x00, 0x80, 0x01, 0x11, 0x17,
  0x00, 0x00, 0x4F, 0x45, 0x42, 0x50, 0x53, 0x2F, 0x63, 0x68, 0x32, 0x36, 0x2E, 0x78, 0x68, 0x74,
  0x6D, 0x6C, 0x50, 0x4B, 0x01, 0x02, 0x14, 0x03, 0x14, 0x00, 0x00, 0x00, 0x08, 0x00, 0x00, 0x00,
  0x21, 0x5C, 0x16, 0xEF, 0x92, 0xB4, 0x52, 0x00, 0x00, 0x00, 0x62, 0x00, 0x00, 0x00, 0x10, 0x00,
  0x00, 0x00, 0x00, 0x00, 0x00, 0x00, 0x00, 0x00, 0x00, 0x00, 0x80, 0x01, 0x91, 0x17, 0x00, 0x00,
  0x4F, 0x45, 0x42, 0x50, 0x53, 0x2F, 0x63, 0x68, 0x32, 0x37, 0x2E, 0x78, 0x68, 0x74, 0x6D, 0x6C,
  0x50, 0x4B, 0x01, 0x02, 0x14, 0x03, 0x14, 0x00, 0x00, 0x00, 0x08, 0x00, 0x00, 0x00, 0x21, 0x5C,
  0x5D, 0x28, 0x39, 0xB8, 0x52, 0x00, 0x00, 0x00, 0x62, 0x00, 0x00, 0x00, 0x10, 0x00, 0x00, 0x00,
  0x00, 0x00, 0x00, 0x00, 0x00, 0x00, 0x00, 0x00, 0x80, 0x01, 0x11, 0x18, 0x00, 0x00, 0x4F, 0x45,
  0x42, 0x50, 0x53, 0x2F, 0x63, 0x68, 0x32, 0x38, 0x2E, 0x78, 0x68, 0x74, 0x6D, 0x6C, 0x50, 0x4B,
  0x01, 0x02, 0x14, 0x03, 0x14, 0x00, 0x00, 0x00, 0x08, 0x00, 0x00, 0x00, 0x21, 0x5C, 0x91, 0xE6,
  0xCE, 0x30, 0x52, 0x00, 0x00, 0x00, 0x62, 0x00, 0x00, 0x00, 0x10, 0x00, 0x00, 0x00, 0x00, 0x00,
  0x00, 0x00, 0x00, 0x00, 0x00, 0x00, 0x80, 0x01, 0x91, 0x18, 0x00, 0x00, 0x4F, 0x45, 0x42, 0x50,
  0x53, 0x2F, 0x63, 0x68, 0x32, 0x39, 0x2E, 0x78, 0x68, 0x74, 0x6D, 0x6C, 0x50, 0x4B, 0x01, 0x02,
  0x14, 0x03, 0x14, 0x00, 0x00, 0x00, 0x08, 0x00, 0x00, 0x00, 0x21, 0x5C, 0xDA, 0x21, 0x65, 0x3C,
  0x52, 0x00, 0x00, 0x00, 0x62, 0x00, 0x00, 0x00, 0x10, 0x00, 0x00, 0x00, 0x00, 0x00, 0x00, 0x00,
  0x00, 0x00, 0x00, 0x00, 0x80, 0x01, 0x11, 0x19, 0x00, 0x00, 0x4F, 0x45, 0x42, 0x50, 0x53, 0x2F,
  0x63, 0x68, 0x33, 0x30, 0x2E, 0x78, 0x68, 0x74, 0x6D, 0x6C, 0x50, 0x4B, 0x01, 0x02, 0x14, 0x03,
  0x14, 0x00, 0x00, 0x00, 0x08, 0x00, 0x00, 0x00, 0x21, 0x5C, 0x07, 0x68, 0x99, 0x29, 0x52, 0x00,
  0x00, 0x00, 0x62, 0x00, 0x00, 0x00, 0x10, 0x00, 0x00, 0x00, 0x00, 0x00, 0x00, 0x00, 0x00, 0x00,
  0x00, 0x00, 0x80, 0x01, 0x91, 0x19, 0x00, 0x00, 0x4F, 0x45, 0x42, 0x50, 0x53, 0x2F, 0x63, 0x68,
  0x33, 0x31, 0x2E, 0x78, 0x68, 0x74, 0x6D, 0x6C, 0x50, 0x4B, 0x01, 0x02, 0x14, 0x03, 0x14, 0x00,
  0x00, 0x00, 0x08, 0x00, 0x00, 0x00, 0x21, 0x5C, 0x4C, 0xAF, 0x32, 0x25, 0x52, 0x00, 0x00, 0x00,
  0x62, 0x00, 0x00, 0x00, 0x10, 0x00, 0x00, 0x00, 0x00, 0x00, 0x00, 0x00, 0x00, 0x00, 0x00, 0x00,
  0x80, 0x01, 0x11, 0x1A, 0x00, 0x00, 0x4F, 0x45, 0x42, 0x50, 0x53, 0x2F, 0x63, 0x68, 0x33, 0x32,
  0x2E, 0x78, 0x68, 0x74, 0x6D, 0x6C, 0x50, 0x4B, 0x01, 0x02, 0x14, 0x03, 0x14, 0x00, 0x00, 0x00,
  0x08, 0x00, 0x00, 0x00, 0x21, 0x5C, 0xBD, 0xFB, 0x61, 0x02, 0x52, 0x00, 0x00, 0x00, 0x62, 0x00,
  0x00, 0x00, 0x10, 0x00, 0x00, 0x00, 0x00, 0x00, 0x00, 0x00, 0x00, 0x00, 0x00, 0x00, 0x80, 0x01,
  0x91, 0x1A, 0x00, 0x00, 0x4F, 0x45, 0x42, 0x50, 0x53, 0x2F, 0x63, 0x68, 0x33, 0x33, 0x2E, 0x78,
  0x68, 0x74, 0x6D, 0x6C, 0x50, 0x4B, 0x01, 0x02, 0x14, 0x03, 0x14, 0x00, 0x00, 0x00, 0x08, 0x00,
  0x00, 0x00, 0x21, 0x5C, 0xF6, 0x3C, 0xCA, 0x0E, 0x52, 0x00, 0x00, 0x00, 0x62, 0x00, 0x00, 0x00,
  0x10, 0x00, 0x00, 0x00, 0x00, 0x00, 0x00, 0x00, 0x00, 0x00, 0x00, 0x00, 0x80, 0x01, 0x11, 0x1B,
  0x00, 0x00, 0x4F, 0x45, 0x42, 0x50, 0x53, 0x2F, 0x63, 0x68, 0x33, 0x34, 0x2E, 0x78, 0x68, 0x74,
  0x6D, 0x6C, 0x50, 0x4B, 0x01, 0x02, 0x14, 0x03, 0x14, 0x00, 0x00, 0x00, 0x08, 0x00, 0x00, 0x00,
  0x21, 0x5C, 0x2B, 0x75, 0x36, 0x1B, 0x52, 0x00, 0x00, 0x00, 0x62, 0x00, 0x00, 0x00, 0x10, 0x00,
  0x00, 0x00, 0x00, 0x00, 0x00, 0x00, 0x00, 0x00, 0x00, 0x00, 0x80, 0x01, 0x91, 0x1B, 0x00, 0x00,
  0x4F, 0x45, 0x42, 0x50, 0x53, 0x2F, 0x63, 0x68, 0x33, 0x35, 0x2E, 0x78, 0x68, 0x74, 0x6D, 0x6C,
  0x50, 0x4B, 0x01, 0x02, 0x14, 0x03, 0x14, 0x00, 0x00, 0x00, 0x08, 0x00, 0x00, 0x00, 0x21, 0x5C,
  0x60, 0xB2, 0x9D, 0x17, 0x52, 0x00, 0x00, 0x00, 0x62, 0x00, 0x00, 0x00, 0x10, 0x00, 0x00, 0x00,
  0x00, 0x00, 0x00, 0x00, 0x00, 0x00, 0x00, 0x00, 0x80, 0x01, 0x11, 0x1C, 0x00, 0x00, 0x4F, 0x45,
  0x42, 0x50, 0x53, 0x2F, 0x63, 0x68, 0x33, 0x36, 0x2E, 0x78, 0x68, 0x74, 0x6D, 0x6C, 0x50, 0x4B,
  0x01, 0x02, 0x14, 0x03, 0x14, 0x00, 0x00, 0x00, 0x08, 0x00, 0x00, 0x00, 0x21, 0x5C, 0xC9, 0xDC,
  0x90, 0x55, 0x52, 0x00, 0x00, 0x00, 0x62, 0x00, 0x00, 0x00, 0x10, 0x00, 0x00, 0x00, 0x00, 0x00,
  0x00, 0x00, 0x00, 0x00, 0x00, 0x00, 0x80, 0x01, 0x91, 0x1C, 0x00, 0x00, 0x4F, 0x45, 0x42, 0x50,
  0x53, 0x2F, 0x63, 0x68, 0x33, 0x37, 0x2E, 0x78, 0x68, 0x74, 0x6D, 0x6C, 0x50, 0x4B, 0x01, 0x02,
  0x14, 0x03, 0x14, 0x00, 0x00, 0x00, 0x08, 0x00, 0x00, 0x00, 0x21, 0x5C, 0x82, 0x1B, 0x3B, 0x59,
  0x52, 0x00, 0x00, 0x00, 0x62, 0x00, 0x00, 0x00, 0x10, 0x00, 0x00, 0x00, 0x00, 0x00, 0x00, 0x00,
  0x00, 0x00, 0x00, 0x00, 0x80, 0x01, 0x11, 0x1D, 0x00, 0x00, 0x4F, 0x45, 0x42, 0x50, 0x53, 0x2F,
  0x63, 0x68, 0x33, 0x38, 0x2E, 0x78, 0x68, 0x74, 0x6D, 0x6C, 0x50, 0x4B, 0x01, 0x02, 0x14, 0x03,
  0x14, 0x00, 0x00, 0x00, 0x08, 0x00, 0x00, 0x00, 0x21, 0x5C, 0x4F, 0x77, 0x53, 0xFA, 0x52, 0x00,
  0x00, 0x00, 0x62, 0x00, 0x00, 0x00, 0x10, 0x00, 0x00, 0x00, 0x00, 0x00, 0x00, 0x00, 0x00, 0x00,
  0x00, 0x00, 0x80, 0x01, 0x91, 0x1D, 0x00, 0x00, 0x4F, 0x45, 0x42, 0x50, 0x53, 0x2F, 0x63, 0x68,
  0x33, 0x39, 0x2E, 0x78, 0x68, 0x74, 0x6D, 0x6C, 0x50, 0x4B, 0x01, 0x02, 0x14, 0x03, 0x14, 0x00,
  0x00, 0x00, 0x08, 0x00, 0x00, 0x00, 0x21, 0x5C, 0x04, 0xB0, 0xF8, 0xF6, 0x52, 0x00, 0x00, 0x00,
  0x62, 0x00, 0x00, 0x00, 0x10, 0x00, 0x00, 0x00, 0x00, 0x00, 0x00, 0x00, 0x00, 0x00, 0x00, 0x00,
  0x80, 0x01, 0x11, 0x1E, 0x00, 0x00, 0x4F, 0x45, 0x42, 0x50, 0x53, 0x2F, 0x63, 0x68, 0x34, 0x30,
  0x2E, 0x78, 0x68, 0x74, 0x6D, 0x6C, 0x50, 0x4B, 0x01, 0x02, 0x14, 0x03, 0x14, 0x00, 0x00, 0x00,
  0x08, 0x00, 0x00, 0x00, 0x21, 0x5C, 0xD9, 0xF9, 0x04, 0xE3, 0x52, 0x00, 0x00, 0x00, 0x62, 0x00,
  0x00, 0x00, 0x10, 0x00, 0x00, 0x00, 0x00, 0x00, 0x00, 0x00, 0x00, 0x00, 0x00, 0x00, 0x80, 0x01,
  0x91, 0x1E, 0x00, 0x00, 0x4F, 0x45, 0x42, 0x50, 0x53, 0x2F, 0x63, 0x68, 0x34, 0x31, 0x2E, 0x78,
  0x68, 0x74, 0x6D, 0x6C, 0x50, 0x4B, 0x01, 0x02, 0x14, 0x03, 0x14, 0x00, 0x00, 0x00, 0x08, 0x00,
  0x00, 0x00, 0x21, 0x5C, 0x92, 0x3E, 0xAF, 0xEF, 0x52, 0x00, 0x00, 0x00, 0x62, 0x00, 0x00, 0x00,
  0x10, 0x00, 0x00, 0x00, 0x00, 0x00, 0x00, 0x00, 0x00, 0x00, 0x00, 0x00, 0x80, 0x01, 0x11, 0x1F,
  0x00, 0x00, 0x4F, 0x45, 0x42, 0x50, 0x53, 0x2F, 0x63, 0x68, 0x34, 0x32, 0x2E, 0x78, 0x68, 0x74,
  0x6D, 0x6C, 0x50, 0x4B, 0x01, 0x02, 0x14, 0x03, 0x14, 0x00, 0x00, 0x00, 0x08, 0x00, 0x00, 0x00,
  0x21, 0x5C, 0x63, 0x6A, 0xFC, 0xC8, 0x52, 0x00, 0x00, 0x00, 0x62, 0x00, 0x00, 0x00, 0x10, 0x00,
  0x00, 0x00, 0x00, 0x00, 0x00, 0x00, 0x00, 0x00, 0x00, 0x00, 0x80, 0x01, 0x91, 0x1F, 0x00, 0x00,
  0x4F, 0x45, 0x42, 0x50, 0x53, 0x2F, 0x63, 0x68, 0x34, 0x33, 0x2E, 0x78, 0x68, 0x74, 0x6D, 0x6C,
  0x50, 0x4B, 0x01, 0x02, 0x14, 0x03, 0x14, 0x00, 0x00, 0x00, 0x08, 0x00, 0x00, 0x00, 0x21, 0x5C,
  0x28, 0xAD, 0x57, 0xC4, 0x52, 0x00, 0x00, 0x00, 0x62, 0x00, 0x00, 0x00, 0x10, 0x00, 0x00, 0x00,
  0x00, 0x00, 0x00, 0x00, 0x00, 0x00, 0x00, 0x00, 0x80, 0x01, 0x11, 0x20, 0x00, 0x00, 0x4F, 0x45,
  0x42, 0x50, 0x53, 0x2F, 0x63, 0x68, 0x34, 0x34, 0x2E, 0x78, 0x68, 0x74, 0x6D, 0x6C, 0x50, 0x4B,
  0x01, 0x02, 0x14, 0x03, 0x14, 0x00, 0x00, 0x00, 0x08, 0x00, 0x00, 0x00, 0x21, 0x5C, 0xF5, 0xE4,
  0xAB, 0xD1, 0x52, 0x00, 0x00, 0x00, 0x62, 0x00, 0x00, 0x00, 0x10, 0x00, 0x00, 0x00, 0x00, 0x00,
  0x00, 0x00, 0x00, 0x00, 0x00, 0x00, 0x80, 0x01, 0x91, 0x20, 0x00, 0x00, 0x4F, 0x45, 0x42, 0x50,
  0x53, 0x2F, 0x63, 0x68, 0x34, 0x35, 0x2E, 0x78, 0x68, 0x74, 0x6D, 0x6C, 0x50, 0x4B, 0x01, 0x02,
  0x14, 0x03, 0x14, 0x00, 0x00, 0x00, 0x08, 0x00, 0x00, 0x00, 0x21, 0x5C, 0xBE, 0x23, 0x00, 0xDD,
  0x52, 0x00, 0x00, 0x00, 0x62, 0x00, 0x00, 0x00, 0x10, 0x00, 0x00, 0x00, 0x00, 0x00, 0x00, 0x00,
  0x00, 0x00, 0x00, 0x00, 0x80, 0x01, 0x11, 0x21, 0x00, 0x00, 0x4F, 0x45, 0x42, 0x50, 0x53, 0x2F,
  0x63, 0x68, 0x34, 0x36, 0x2E, 0x78, 0x68, 0x74, 0x6D, 0x6C, 0x50, 0x4B, 0x01, 0x02, 0x14, 0x03,
  0x14, 0x00, 0x00, 0x00, 0x08, 0x00, 0x00, 0x00, 0x21, 0x5C, 0x17, 0x4D, 0x0D, 0x9F, 0x52, 0x00,
  0x00, 0x00, 0x62, 0x00, 0x00, 0x00, 0x10, 0x00, 0x00, 0x00, 0x00, 0x00, 0x00, 0x00, 0x00, 0x00,
  0x00, 0x00, 0x80, 0x01, 0x91, 0x21, 0x00, 0x00, 0x4F, 0x45, 0x42, 0x50, 0x53, 0x2F, 0x63, 0x68,
  0x34, 0x37, 0x2E, 0x78, 0x68, 0x74, 0x6D, 0x6C, 0x50, 0x4B, 0x01, 0x02, 0x14, 0x03, 0x14, 0x00,
  0x00, 0x00, 0x08, 0x00, 0x00, 0x00, 0x21, 0x5C, 0x5C, 0x8A, 0xA6, 0x93, 0x52, 0x00, 0x00, 0x00,
  0x62, 0x00, 0x00, 0x00, 0x10, 0x00, 0x00, 0x00, 0x00, 0x00, 0x00, 0x00, 0x00, 0x00, 0x00, 0x00,
  0x80, 0x01, 0x11, 0x22, 0x00, 0x00, 0x4F, 0x45, 0x42, 0x50, 0x53, 0x2F, 0x63, 0x68, 0x34, 0x38,
  0x2E, 0x78, 0x68, 0x74, 0x6D, 0x6C, 0x50, 0x4B, 0x01, 0x02, 0x14, 0x03, 0x14, 0x00, 0x00, 0x00,
  0x08, 0x00, 0x00, 0x00, 0x21, 0x5C, 0x90, 0x44, 0x51, 0x1B, 0x52, 0x00, 0x00, 0x00, 0x62, 0x00,
  0x00, 0x00, 0x10, 0x00, 0x00, 0x00, 0x00, 0x00, 0x00, 0x00, 0x00, 0x00, 0x00, 0x00, 0x80, 0x01,
  0x91, 0x22, 0x00, 0x00, 0x4F, 0x45, 0x42, 0x50, 0x53, 0x2F, 0x63, 0x68, 0x34, 0x39, 0x2E, 0x78,
  0x68, 0x74, 0x6D, 0x6C, 0x50, 0x4B, 0x01, 0x02, 0x14, 0x03, 0x14, 0x00, 0x00, 0x00, 0x08, 0x00,
  0x00, 0x00, 0x21, 0x5C, 0xDB, 0x83, 0xFA, 0x17, 0x52, 0x00, 0x00, 0x00, 0x62, 0x00, 0x00, 0x00,
  0x10, 0x00, 0x00, 0x00, 0x00, 0x00, 0x00, 0x00, 0x00, 0x00, 0x00, 0x00, 0x80, 0x01, 0x11, 0x23,
  0x00, 0x00, 0x4F, 0x45, 0x42, 0x50, 0x53, 0x2F, 0x63, 0x68, 0x35, 0x30, 0x2E, 0x78, 0x68, 0x74,
  0x6D, 0x6C, 0x50, 0x4B, 0x01, 0x02, 0x14, 0x03, 0x14, 0x00, 0x00, 0x00, 0x08, 0x00, 0x00, 0x00,
  0x21, 0x5C, 0x06, 0xCA, 0x06, 0x02, 0x52, 0x00, 0x00, 0x00, 0x62, 0x00, 0x00, 0x00, 0x10, 0x00,
  0x00, 0x00, 0x00, 0x00, 0x00, 0x00, 0x00, 0x00, 0x00, 0x00, 0x80, 0x01, 0x91, 0x23, 0x00, 0x00,
  0x4F, 0x45, 0x42, 0x50, 0x53, 0x2F, 0x63, 0x68, 0x35, 0x31, 0x2E, 0x78, 0x68, 0x74, 0x6D, 0x6C,
  0x50, 0x4B, 0x01, 0x02, 0x14, 0x03, 0x14, 0x00, 0x00, 0x00, 0x08, 0x00, 0x00, 0x00, 0x21, 0x5C,
  0x4D, 0x0D, 0xAD, 0x0E, 0x52, 0x00, 0x00, 0x00, 0x62, 0x00, 0x00, 0x00, 0x10, 0x00, 0x00, 0x00,
  0x00, 0x00, 0x00, 0x00, 0x00, 0x00, 0x00, 0x00, 0x80, 0x01, 0x11, 0x24, 0x00, 0x00, 0x4F, 0x45,
  0x42, 0x50, 0x53, 0x2F, 0x63, 0x68, 0x35, 0x32, 0x2E, 0x78, 0x68, 0x74, 0x6D, 0x6C, 0x50, 0x4B,
  0x01, 0x02, 0x14, 0x03, 0x14, 0x00, 0x00, 0x00, 0x08, 0x00, 0x00, 0x00, 0x21, 0x5C, 0xBC, 0x59,
  0xFE, 0x29, 0x52, 0x00, 0x00, 0x00, 0x62, 0x00, 0x00, 0x00, 0x10, 0x00, 0x00, 0x00, 0x00, 0x00,
  0x00, 0x00, 0x00, 0x00, 0x00, 0x00, 0x80, 0x01, 0x91, 0x24, 0x00, 0x00, 0x4F, 0x45, 0x42, 0x50,
  0x53, 0x2F, 0x63, 0x68, 0x35, 0x33, 0x2E, 0x78, 0x68, 0x74, 0x6D, 0x6C, 0x50, 0x4B, 0x01, 0x02,
  0x14, 0x03, 0x14, 0x00, 0x00, 0x00, 0x08, 0x00, 0x00, 0x00, 0x21, 0x5C, 0xF7, 0x9E, 0x55, 0x25,
  0x52, 0x00, 0x00, 0x00, 0x62, 0x00, 0x00, 0x00, 0x10, 0x00, 0x00, 0x00, 0x00, 0x00, 0x00, 0x00,
  0x00, 0x00, 0x00, 0x00, 0x80, 0x01, 0x11, 0x25, 0x00, 0x00, 0x4F, 0x45, 0x42, 0x50, 0x53, 0x2F,
  0x63, 0x68, 0x35, 0x34, 0x2E, 0x78, 0x68, 0x74, 0x6D, 0x6C, 0x50, 0x4B, 0x01, 0x02, 0x14, 0x03,
  0x14, 0x00, 0x00, 0x00, 0x08, 0x00, 0x00, 0x00, 0x21, 0x5C, 0x2A, 0xD7, 0xA9, 0x30, 0x52, 0x00,
  0x00, 0x00, 0x62, 0x00, 0x00, 0x00, 0x10, 0x00, 0x00, 0x00, 0x00, 0x00, 0x00, 0x00, 0x00, 0x00,
  0x00, 0x00, 0x80, 0x01, 0x91, 0x25, 0x00, 0x00, 0x4F, 0x45, 0x42, 0x50, 0x53, 0x2F, 0x63, 0x68,
  0x35, 0x35, 0x2E, 0x78, 0x68, 0x74, 0x6D, 0x6C, 0x50, 0x4B, 0x01, 0x02, 0x14, 0x03, 0x14, 0x00,
  0x00, 0x00, 0x08, 0x00, 0x00, 0x00, 0x21, 0x5C, 0x61, 0x10, 0x02, 0x3C, 0x52, 0x00, 0x00, 0x00,
  0x62, 0x00, 0x00, 0x00, 0x10, 0x00, 0x00, 0x00, 0x00, 0x00, 0x00, 0x00, 0x00, 0x00, 0x00, 0x00,
  0x80, 0x01, 0x11, 0x26, 0x00, 0x00, 0x4F, 0x45, 0x42, 0x50, 0x53, 0x2F, 0x63, 0x68, 0x35, 0x36,
  0x2E, 0x78, 0x68, 0x74, 0x6D, 0x6C, 0x50, 0x4B, 0x01, 0x02, 0x14, 0x03, 0x14, 0x00, 0x00, 0x00,
  0x08, 0x00, 0x00, 0x00, 0x21, 0x5C, 0xC8, 0x7E, 0x0F, 0x7E, 0x52, 0x00, 0x00, 0x00, 0x62, 0x00,
  0x00, 0x00, 0x10, 0x00, 0x00, 0x00, 0x00, 0x00, 0x00, 0x00, 0x00, 0x00, 0x00, 0x00, 0x80, 0x01,
  0x91, 0x26, 0x00, 0x00, 0x4F, 0x45, 0x42, 0x50, 0x53, 0x2F, 0x63, 0x68, 0x35, 0x37, 0x2E, 0x78,
  0x68, 0x74, 0x6D, 0x6C, 0x50, 0x4B, 0x01, 0x02, 0x14, 0x03, 0x14, 0x00, 0x00, 0x00, 0x08, 0x00,
  0x00, 0x00, 0x21, 0x5C, 0x83, 0xB9, 0xA4, 0x72, 0x52, 0x00, 0x00, 0x00, 0x62, 0x00, 0x00, 0x00,
  0x10, 0x00, 0x00, 0x00, 0x00, 0x00, 0x00, 0x00, 0x00, 0x00, 0x00, 0x00, 0x80, 0x01, 0x11, 0x27,
  0x00, 0x00, 0x4F, 0x45, 0x42, 0x50, 0x53, 0x2F, 0x63, 0x68, 0x35, 0x38, 0x2E, 0x78, 0x68, 0x74,
  0x6D, 0x6C, 0x50, 0x4B, 0x01, 0x02, 0x14, 0x03, 0x14, 0x00, 0x00, 0x00, 0x08, 0x00, 0x00, 0x00,
  0x21, 0x5C, 0xB0, 0x16, 0x26, 0xE3, 0x52, 0x00, 0x00, 0x00, 0x62, 0x00, 0x00, 0x00, 0x10, 0x00,
  0x00, 0x00, 0x00, 0x00, 0x00, 0x00, 0x00, 0x00, 0x00, 0x00, 0x80, 0x01, 0x91, 0x27, 0x00, 0x00,
  0x4F, 0x45, 0x42, 0x50, 0x53, 0x2F, 0x63, 0x68, 0x35, 0x39, 0x2E, 0x78, 0x68, 0x74, 0x6D, 0x6C,
  0x50, 0x4B, 0x01, 0x02, 0x14, 0x03, 0x14, 0x00, 0x00, 0x00, 0x08, 0x00, 0x00, 0x00, 0x21, 0x5C,
  0xEC, 0x13, 0xFC, 0xCB, 0x15, 0x00, 0x00, 0x00, 0x13, 0x00, 0x00, 0x00, 0x0E, 0x00, 0x00, 0x00,
  0x00, 0x00, 0x00, 0x00, 0x00, 0x00, 0x00, 0x00, 0x80, 0x01, 0x11, 0x28, 0x00, 0x00, 0x4F, 0x45,
  0x42, 0x50, 0x53, 0x2F, 0x72, 0x65, 0x73, 0x30, 0x2E, 0x63, 0x73, 0x73, 0x50, 0x4B, 0x01, 0x02,
  0x14, 0x03, 0x14, 0x00, 0x00, 0x00, 0x08, 0x00, 0x00, 0x00, 0x21, 0x5C, 0xAF, 0xD8, 0x5A, 0x4C,
  0x15, 0x00, 0x00, 0x00, 0x13, 0x00, 0x00, 0x00, 0x0E, 0x00, 0x00, 0x00, 0x00, 0x00, 0x00, 0x00,
  0x00, 0x00, 0x00, 0x00, 0x80, 0x01, 0x52, 0x28, 0x00, 0x00, 0x4F, 0x45, 0x42, 0x50, 0x53, 0x2F,
  0x72, 0x65, 0x73, 0x31, 0x2E, 0x63, 0x73, 0x73, 0x50, 0x4B, 0x01, 0x02, 0x14, 0x03, 0x14, 0x00,
  0x00, 0x00, 0x08, 0x00, 0x00, 0x00, 0x21, 0x5C, 0x2B, 0x83, 0xC0, 0x1F, 0x15, 0x00, 0x00, 0x00,
  0x13, 0x00, 0x00, 0x00, 0x0E, 0x00, 0x00, 0x00, 0x00, 0x00, 0x00, 0x00, 0x00, 0x00, 0x00, 0x00,
  0x80, 0x01, 0x93, 0x28, 0x00, 0x00, 0x4F, 0x45, 0x42, 0x50, 0x53, 0x2F, 0x72, 0x65, 0x73, 0x32,
  0x2E, 0x63, 0x73, 0x73, 0x50, 0x4B, 0x01, 0x02, 0x14, 0x03, 0x14, 0x00, 0x00, 0x00, 0x08, 0x00,
  0x00, 0x00, 0x21, 0x5C, 0x68, 0x48, 0x66, 0x98, 0x15, 0x00, 0x00, 0x00, 0x13, 0x00, 0x00, 0x00,
  0x0E, 0x00, 0x00, 0x00, 0x00, 0x00, 0x00, 0x00, 0x00, 0x00, 0x00, 0x00, 0x80, 0x01, 0xD4, 0x28,
  0x00, 0x00, 0x4F, 0x45, 0x42, 0x50, 0x53, 0x2F, 0x72, 0x65, 0x73, 0x33, 0x2E, 0x63, 0x73, 0x73,
  0x50, 0x4B, 0x01, 0x02, 0x14, 0x03, 0x14, 0x00, 0x00, 0x00, 0x08, 0x00, 0x00, 0x00, 0x21, 0x5C,
  0x23, 0x34, 0xF4, 0xB8, 0x15, 0x00, 0x00, 0x00, 0x13, 0x00, 0x00, 0x00, 0x0E, 0x00, 0x00, 0x00,
  0x00, 0x00, 0x00, 0x00, 0x00, 0x00, 0x00, 0x00, 0x80, 0x01, 0x15, 0x29, 0x00, 0x00, 0x4F, 0x45,
  0x42, 0x50, 0x53, 0x2F, 0x72, 0x65, 0x73, 0x34, 0x2E, 0x63, 0x73, 0x73, 0x50, 0x4B, 0x01, 0x02,
  0x14, 0x03, 0x14, 0x00, 0x00, 0x00, 0x08, 0x00, 0x00, 0x00, 0x21, 0x5C, 0x60, 0xFF, 0x52, 0x3F,
  0x15, 0x00, 0x00, 0x00, 0x13, 0x00, 0x00, 0x00, 0x0E, 0x00, 0x00, 0x00, 0x00, 0x00, 0x00, 0x00,
  0x00, 0x00, 0x00, 0x00, 0x80, 0x01, 0x56, 0x29, 0x00, 0x00, 0x4F, 0x45, 0x42, 0x50, 0x53, 0x2F,
  0x72, 0x65, 0x73, 0x35, 0x2E, 0x63, 0x73, 0x73, 0x50, 0x4B, 0x01, 0x02, 0x14, 0x03, 0x14, 0x00,
  0x00, 0x00, 0x08, 0x00, 0x00, 0x00, 0x21, 0x5C, 0xE4, 0xA4, 0xC8, 0x6C, 0x15, 0x00, 0x00, 0x00,
  0x13, 0x00, 0x00, 0x00, 0x0E, 0x00, 0x00, 0x00, 0x00, 0x00, 0x00, 0x00, 0x00, 0x00, 0x00, 0x00,
  0x80, 0x01, 0x97, 0x29, 0x00, 0x00, 0x4F, 0x45, 0x42, 0x50, 0x53, 0x2F, 0x72, 0x65, 0x73, 0x36,
  0x2E, 0x63, 0x73, 0x73, 0x50, 0x4B, 0x01, 0x02, 0x14, 0x03, 0x14, 0x00, 0x00, 0x00, 0x08, 0x00,
  0x00, 0x00, 0x21, 0x5C, 0xA7, 0x6F, 0x6E, 0xEB, 0x15, 0x00, 0x00, 0x00, 0x13, 0x00, 0x00, 0x00,
  0x0E, 0x00, 0x00, 0x00, 0x00, 0x00, 0x00, 0x00, 0x00, 0x00, 0x00, 0x00, 0x80, 0x01, 0xD8, 0x29,
  0x00, 0x00, 0x4F, 0x45, 0x42, 0x50, 0x53, 0x2F, 0x72, 0x65, 0x73, 0x37, 0x2E, 0x63, 0x73, 0x73,
  0x50, 0x4B, 0x01, 0x02, 0x14, 0x03, 0x14, 0x00, 0x00, 0x00, 0x08, 0x00, 0x00, 0x00, 0x21, 0x5C,
  0x72, 0x5C, 0xEC, 0x2D, 0x15, 0x00, 0x00, 0x00, 0x13, 0x00, 0x00, 0x00, 0x0E, 0x00, 0x00, 0x00,
  0x00, 0x00, 0x00, 0x00, 0x00, 0x00, 0x00, 0x00, 0x80, 0x01, 0x19, 0x2A, 0x00, 0x00, 0x4F, 0x45,
  0x42, 0x50, 0x53, 0x2F, 0x72, 0x65, 0x73, 0x38, 0x2E, 0x63, 0x73, 0x73, 0x50, 0x4B, 0x01, 0x02,
  0x14, 0x03, 0x14, 0x00, 0x00, 0x00, 0x08, 0x00, 0x00, 0x00, 0x21, 0x5C, 0x31, 0x97, 0x4A, 0xAA,
  0x15, 0x00, 0x00, 0x00, 0x13, 0x00, 0x00, 0x00, 0x0E, 0x00, 0x00, 0x00, 0x00, 0x00, 0x00, 0x00,
  0x00, 0x00, 0x00, 0x00, 0x80, 0x01, 0x5A, 0x2A, 0x00, 0x00, 0x4F, 0x45, 0x42, 0x50, 0x53, 0x2F,
  0x72, 0x65, 0x73, 0x39, 0x2E, 0x63, 0x73, 0x73, 0x50, 0x4B, 0x01, 0x02, 0x14, 0x03, 0x14, 0x00,
  0x00, 0x00, 0x08, 0x00, 0x00, 0x00, 0x21, 0x5C, 0x8E, 0x61, 0xFC, 0xF6, 0x16, 0x00, 0x00, 0x00,
  0x14, 0x00, 0x00, 0x00, 0x0F, 0x00, 0x00, 0x00, 0x00, 0x00, 0x00, 0x00, 0x00, 0x00, 0x00, 0x00,
  0x80, 0x01, 0x9B, 0x2A, 0x00, 0x00, 0x4F, 0x45, 0x42, 0x50, 0x53, 0x2F, 0x72, 0x65, 0x73, 0x31,
  0x30, 0x2E, 0x63, 0x73, 0x73, 0x50, 0x4B, 0x01, 0x02, 0x14, 0x03, 0x14, 0x00, 0x00, 0x00, 0x08,
  0x00, 0x00, 0x00, 0x21, 0x5C, 0xCD, 0xAA, 0x5A, 0x71, 0x16, 0x00, 0x00, 0x00, 0x14, 0x00, 0x00,
  0x00, 0x0F, 0x00, 0x00, 0x00, 0x00, 0x00, 0x00, 0x00, 0x00, 0x00, 0x00, 0x00, 0x80, 0x01, 0xDE,
  0x2A, 0x00, 0x00, 0x4F, 0x45, 0x42, 0x50, 0x53, 0x2F, 0x72, 0x65, 0x73, 0x31, 0x31, 0x2E, 0x63,
  0x73, 0x73, 0x50, 0x4B, 0x01, 0x02, 0x14, 0x03, 0x14, 0x00, 0x00, 0x00, 0x08, 0x00, 0x00, 0x00,
  0x21, 0x5C, 0x49, 0xF1, 0xC0, 0x22, 0x16, 0x00, 0x00, 0x00, 0x14, 0x00, 0x00, 0x00, 0x0F, 0x00,
  0x00, 0x00, 0x00, 0x00, 0x00, 0x00, 0x00, 0x00, 0x00, 0x00, 0x80, 0x01, 0x21, 0x2B, 0x00, 0x00,
  0x4F, 0x45, 0x42, 0x50, 0x53, 0x2F, 0x72, 0x65, 0x73, 0x31, 0x32, 0x2E, 0x63, 0x73, 0x73, 0x50,
  0x4B, 0x01, 0x02, 0x14, 0x03, 0x14, 0x00, 0x00, 0x00, 0x08, 0x00, 0x00, 0x00, 0x21, 0x5C, 0x0A,
  0x3A, 0x66, 0xA5, 0x16, 0x00, 0x00, 0x00, 0x14, 0x00, 0x00, 0x00, 0x0F, 0x00, 0x00, 0x00, 0x00,
  0x00, 0x00, 0x00, 0x00, 0x00, 0x00, 0x00, 0x80, 0x01, 0x64, 0x2B, 0x00, 0x00, 0x4F, 0x45, 0x42,
  0x50, 0x53, 0x2F, 0x72, 0x65, 0x73, 0x31, 0x33, 0x2E, 0x63, 0x73, 0x73, 0x50, 0x4B, 0x01, 0x02,
  0x14, 0x03, 0x14, 0x00, 0x00, 0x00, 0x08, 0x00, 0x00, 0x00, 0x21, 0x5C, 0x41, 0x46, 0xF4, 0x85,
  0x16, 0x00, 0x00, 0x00, 0x14, 0x00, 0x00, 0x00, 0x0F, 0x00, 0x00, 0x00, 0x00, 0x00, 0x00, 0x00,
  0x00, 0x00, 0x00, 0x00, 0x80, 0x01, 0xA7, 0x2B, 0x00, 0x00, 0x4F, 0x45, 0x42, 0x50, 0x53, 0x2F,
  0x72, 0x65, 0x73, 0x31, 0x34, 0x2E, 0x63, 0x73, 0x73, 0x50, 0x4B, 0x01, 0x02, 0x14, 0x03, 0x14,
  0x00, 0x00, 0x00, 0x08, 0x00, 0x00, 0x00, 0x21, 0x5C, 0x02, 0x8D, 0x52, 0x02, 0x16, 0x00, 0x00,
  0x00, 0x14, 0x00, 0x00, 0x00, 0x0F, 0x00, 0x00, 0x00, 0x00, 0x00, 0x00, 0x00, 0x00, 0x00, 0x00,
  0x00, 0x80, 0x01, 0xEA, 0x2B, 0x00, 0x00, 0x4F, 0x45, 0x42, 0x50, 0x53, 0x2F, 0x72, 0x65, 0x73,
  0x31, 0x35, 0x2E, 0x63, 0x73, 0x73, 0x50, 0x4B, 0x01, 0x02, 0x14, 0x03, 0x14, 0x00, 0x00, 0x00,
  0x08, 0x00, 0x00, 0x00, 0x21, 0x5C, 0x86, 0xD6, 0xC8, 0x51, 0x16, 0x00, 0x00, 0x00, 0x14, 0x00,
  0x00, 0x00, 0x0F, 0x00, 0x00, 0x00, 0x00, 0x00, 0x00, 0x00, 0x00, 0x00, 0x00, 0x00, 0x80, 0x01,
  0x2D, 0x2C, 0x00, 0x00, 0x4F, 0x45, 0x42, 0x50, 0x53, 0x2F, 0x72, 0x65, 0x73, 0x31, 0x36, 0x2E,
  0x63, 0x73, 0x73, 0x50, 0x4B, 0x01, 0x02, 0x14, 0x03, 0x14, 0x00, 0x00, 0x00, 0x08, 0x00, 0x00,
  0x00, 0x21, 0x5C, 0xC5, 0x1D, 0x6E, 0xD6, 0x16, 0x00, 0x00, 0x00, 0x14, 0x00, 0x00, 0x00, 0x0F,
  0x00, 0x00, 0x00, 0x00, 0x00, 0x00, 0x00, 0x00, 0x00, 0x00, 0x00, 0x80, 0x01, 0x70, 0x2C, 0x00,
  0x00, 0x4F, 0x45, 0x42, 0x50, 0x53, 0x2F, 0x72, 0x65, 0x73, 0x31, 0x37, 0x2E, 0x63, 0x73, 0x73,
  0x50, 0x4B, 0x01, 0x02, 0x14, 0x03, 0x14, 0x00, 0x00, 0x00, 0x08, 0x00, 0x00, 0x00, 0x21, 0x5C,
  0x10, 0x2E, 0xEC, 0x10, 0x16, 0x00, 0x00, 0x00, 0x14, 0x00, 0x00, 0x00, 0x0F, 0x00, 0x00, 0x00,
  0x00, 0x00, 0x00, 0x00, 0x00, 0x00, 0x00, 0x00, 0x80, 0x01, 0xB3, 0x2C, 0x00, 0x00, 0x4F, 0x45,
  0x42, 0x50, 0x53, 0x2F, 0x72, 0x65, 0x73, 0x31, 0x38, 0x2E, 0x63, 0x73, 0x73, 0x50, 0x4B, 0x01,
  0x02, 0x14, 0x03, 0x14, 0x00, 0x00, 0x00, 0x08, 0x00, 0x00, 0x00, 0x21, 0x5C, 0x53, 0xE5, 0x4A,
  0x97, 0x16, 0x00, 0x00, 0x00, 0x14, 0x00, 0x00, 0x00, 0x0F, 0x00, 0x00, 0x00, 0x00, 0x00, 0x00,
  0x00, 0x00, 0x00, 0x00, 0x00, 0x80, 0x01, 0xF6, 0x2C, 0x00, 0x00, 0x4F, 0x45, 0x42, 0x50, 0x53,
  0x2F, 0x72, 0x65, 0x73, 0x31, 0x39, 0x2E, 0x63, 0x73, 0x73, 0x50, 0x4B, 0x01, 0x02, 0x14, 0x03,
  0x14, 0x00, 0x00, 0x00, 0x08, 0x00, 0x00, 0x00, 0x21, 0x5C, 0xEC, 0xBC, 0x7A, 0x1C, 0x16, 0x00,
  0x00, 0x00, 0x14, 0x00, 0x00, 0x00, 0x0F, 0x00, 0x00, 0x00, 0x00, 0x00, 0x00, 0x00, 0x00, 0x00,
  0x00, 0x00, 0x80, 0x01, 0x39, 0x2D, 0x00, 0x00, 0x4F, 0x45, 0x42, 0x50, 0x53, 0x2F, 0x72, 0x65,
  0x73, 0x32, 0x30, 0x2E, 0x63, 0x73, 0x73, 0x50, 0x4B, 0x01, 0x02, 0x14, 0x03, 0x14, 0x00, 0x00,
  0x00, 0x08, 0x00, 0x00, 0x00, 0x21, 0x5C, 0xAF, 0x77, 0xDC, 0x9B, 0x16, 0x00, 0x00, 0x00, 0x14,
  0x00, 0x00, 0x00, 0x0F, 0x00, 0x00, 0x00, 0x00, 0x00, 0x00, 0x00, 0x00, 0x00, 0x00, 0x00, 0x80,
  0x01, 0x7C, 0x2D, 0x00, 0x00, 0x4F, 0x45, 0x42, 0x50, 0x53, 0x2F, 0x72, 0x65, 0x73, 0x32, 0x31,
  0x2E, 0x63, 0x73, 0x73, 0x50, 0x4B, 0x01, 0x02, 0x14, 0x03, 0x14, 0x00, 0x00, 0x00, 0x08, 0x00,
  0x00, 0x00, 0x21, 0x5C, 0x2B, 0x2C, 0x46, 0xC8, 0x16, 0x00, 0x00, 0x00, 0x14, 0x00, 0x00, 0x00,
  0x0F, 0x00, 0x00, 0x00, 0x00, 0x00, 0x00, 0x00, 0x00, 0x00, 0x00, 0x00, 0x80, 0x01, 0xBF, 0x2D,
  0x00, 0x00, 0x4F, 0x45, 0x42, 0x50, 0x53, 0x2F, 0x72, 0x65, 0x73, 0x32, 0x32, 0x2E, 0x63, 0x73,
  0x73, 0x50, 0x4B, 0x01, 0x02, 0x14, 0x03, 0x14, 0x00, 0x00, 0x00, 0x08, 0x00, 0x00, 0x00, 0x21,
  0x5C, 0x68, 0xE7, 0xE0, 0x4F, 0x16, 0x00, 0x00, 0x00, 0x14, 0x00, 0x00, 0x00, 0x0F, 0x00, 0x00,
  0x00, 0x00, 0x00, 0x00, 0x00, 0x00, 0x00, 0x00, 0x00, 0x80, 0x01, 0x02, 0x2E, 0x00, 0x00, 0x4F,
  0x45, 0x42, 0x50, 0x53, 0x2F, 0x72, 0x65, 0x73, 0x32, 0x33, 0x2E, 0x63, 0x73, 0x73, 0x50, 0x4B,
  0x01, 0x02, 0x14, 0x03, 0x14, 0x00, 0x00, 0x00, 0x08, 0x00, 0x00, 0x00, 0x21, 0x5C, 0x23, 0x9B,
  0x72, 0x6F, 0x16, 0x00, 0x00, 0x00, 0x14, 0x00, 0x00, 0x00, 0x0F, 0x00, 0x00, 0x00, 0x00, 0x00,
  0x00, 0x00, 0x00, 0x00, 0x00, 0x00, 0x80, 0x01, 0x45, 0x2E, 0x00, 0x00, 0x4F, 0x45, 0x42, 0x50,
  0x53, 0x2F, 0x72, 0x65, 0x73, 0x32, 0x34, 0x2E, 0x63, 0x73, 0x73, 0x50, 0x4B, 0x01, 0x02, 0x14,
  0x03, 0x14, 0x00, 0x00, 0x00, 0x08, 0x00, 0x00, 0x00, 0x21, 0x5C, 0x60, 0x50, 0xD4, 0xE8, 0x16,
  0x00, 0x00, 0x00, 0x14, 0x00, 0x00, 0x00, 0x0F, 0x00, 0x00, 0x00, 0x00, 0x00, 0x00, 0x00, 0x00,
  0x00, 0x00, 0x00, 0x80, 0x01, 0x88, 0x2E, 0x00, 0x00, 0x4F, 0x45, 0x42, 0x50, 0x53, 0x2F, 0x72,
  0x65, 0x73, 0x32, 0x35, 0x2E, 0x63, 0x73, 0x73, 0x50, 0x4B, 0x01, 0x02, 0x14, 0x03, 0x14, 0x00,
  0x00, 0x00, 0x08, 0x00, 0x00, 0x00, 0x21, 0x5C, 0xE4, 0x0B, 0x4E, 0xBB, 0x16, 0x00, 0x00, 0x00,
  0x14, 0x00, 0x00, 0x00, 0x0F, 0x00, 0x00, 0x00, 0x00, 0x00, 0x00, 0x00, 0x00, 0x00, 0x00, 0x00,
  0x80, 0x01, 0xCB, 0x2E, 0x00, 0x00, 0x4F, 0x45, 0x42, 0x50, 0x53, 0x2F, 0x72, 0x65, 0x73, 0x32,
  0x36, 0x2E, 0x63, 0x73, 0x73, 0x50, 0x4B, 0x01, 0x02, 0x14, 0x03, 0x14, 0x00, 0x00, 0x00, 0x08,
  0x00, 0x00, 0x00, 0x21, 0x5C, 0xA7, 0xC0, 0xE8, 0x3C, 0x16, 0x00, 0x00, 0x00, 0x14, 0x00, 0x00,
  0x00, 0x0F, 0x00, 0x00, 0x00, 0x00, 0x00, 0x00, 0x00, 0x00, 0x00, 0x00, 0x00, 0x80, 0x01, 0x0E,
  0x2F, 0x00, 0x00, 0x4F, 0x45, 0x42, 0x50, 0x53, 0x2F, 0x72, 0x65, 0x73, 0x32, 0x37, 0x2E, 0x63,
  0x73, 0x73, 0x50, 0x4B, 0x01, 0x02, 0x14, 0x03, 0x14, 0x00, 0x00, 0x00, 0x08, 0x00, 0x00, 0x00,
  0x21, 0x5C, 0x72, 0xF3, 0x6A, 0xFA, 0x16, 0x00, 0x00, 0x00, 0x14, 0x00, 0x00, 0x00, 0x0F, 0x00,
  0x00, 0x00, 0x00, 0x00, 0x00, 0x00, 0x00, 0x00, 0x00, 0x00, 0x80, 0x01, 0x51, 0x2F, 0x00, 0x00,
  0x4F, 0x45, 0x42, 0x50, 0x53, 0x2F, 0x72, 0x65, 0x73, 0x32, 0x38, 0x2E, 0x63, 0x73, 0x73, 0x50,
  0x4B, 0x01, 0x02, 0x14, 0x03, 0x14, 0x00, 0x00, 0x00, 0x08, 0x00, 0x00, 0x00, 0x21, 0x5C, 0x31,
  0x38, 0xCC, 0x7D, 0x16, 0x00, 0x00, 0x00, 0x14, 0x00, 0x00, 0x00, 0x0F, 0x00, 0x00, 0x00, 0x00,
  0x00, 0x00, 0x00, 0x00, 0x00, 0x00, 0x00, 0x80, 0x01, 0x94, 0x2F, 0x00, 0x00, 0x4F, 0x45, 0x42,
  0x50, 0x53, 0x2F, 0x72, 0x65, 0x73, 0x32, 0x39, 0x2E, 0x63, 0x73, 0x73, 0x50, 0x4B, 0x01, 0x02,
  0x14, 0x03, 0x14, 0x00, 0x00, 0x00, 0x08, 0x00, 0x00, 0x00, 0x21, 0x5C, 0x0D, 0x0A, 0x28, 0xF3,
  0x16, 0x00, 0x00, 0x00, 0x14, 0x00, 0x00, 0x00, 0x0F, 0x00, 0x00, 0x00, 0x00, 0x00, 0x00, 0x00,
  0x00, 0x00, 0x00, 0x00, 0x80, 0x01, 0xD7, 0x2F, 0x00, 0x00, 0x4F, 0x45, 0x42, 0x50, 0x53, 0x2F,
  0x72, 0x65, 0x73, 0x33, 0x30, 0x2E, 0x63, 0x73, 0x73, 0x50, 0x4B, 0x01, 0x02, 0x14, 0x03, 0x14,
  0x00, 0x00, 0x00, 0x08, 0x00, 0x00, 0x00, 0x21, 0x5C, 0x4E, 0xC1, 0x8E, 0x74, 0x16, 0x00, 0x00,
  0x00, 0x14, 0x00, 0x00, 0x00, 0x0F, 0x00, 0x00, 0x00, 0x00, 0x00, 0x00, 0x00, 0x00, 0x00, 0x00,
  0x00, 0x80, 0x01, 0x1A, 0x30, 0x00, 0x00, 0x4F, 0x45, 0x42, 0x50, 0x53, 0x2F, 0x72, 0x65, 0x73,
  0x33, 0x31, 0x2E, 0x63, 0x73, 0x73, 0x50, 0x4B, 0x01, 0x02, 0x14, 0x03, 0x14, 0x00, 0x00, 0x00,
  0x08, 0x00, 0x00, 0x00, 0x21, 0x5C, 0xCA, 0x9A, 0x14, 0x27, 0x16, 0x00, 0x00, 0x00, 0x14, 0x00,
  0x00, 0x00, 0x0F, 0x00, 0x00, 0x00, 0x00, 0x00, 0x00, 0x00, 0x00, 0x00, 0x00, 0x00, 0x80, 0x01,
  0x5D, 0x30, 0x00, 0x00, 0x4F, 0x45, 0x42, 0x50, 0x53, 0x2F, 0x72, 0x65, 0x73, 0x33, 0x32, 0x2E,
  0x63, 0x73, 0x73, 0x50, 0x4B, 0x01, 0x02, 0x14, 0x03, 0x14, 0x00, 0x00, 0x00, 0x08, 0x00, 0x00,
  0x00, 0x21, 0x5C, 0x89, 0x51, 0xB2, 0xA0, 0x16, 0x00, 0x00, 0x00, 0x14, 0x00, 0x00, 0x00, 0x0F,
  0x00, 0x00, 0x00, 0x00, 0x00, 0x00, 0x00, 0x00, 0x00, 0x00, 0x00, 0x80, 0x01, 0xA0, 0x30, 0x00,
  0x00, 0x4F, 0x45, 0x42, 0x50, 0x53, 0x2F, 0x72, 0x65, 0x73, 0x33, 0x33, 0x2E, 0x63, 0x73, 0x73,
  0x50, 0x4B, 0x01, 0x02, 0x14, 0x03, 0x14, 0x00, 0x00, 0x00, 0x08, 0x00, 0x00, 0x00, 0x21, 0x5C,
  0xC2, 0x2D, 0x20, 0x80, 0x16, 0x00, 0x00, 0x00, 0x14, 0x00, 0x00, 0x00, 0x0F, 0x00, 0x00, 0x00,
  0x00, 0x00, 0x00, 0x00, 0x00, 0x00, 0x00, 0x00, 0x80, 0x01, 0xE3, 0x30, 0x00, 0x00, 0x4F, 0x45,
  0x42, 0x50, 0x53, 0x2F, 0x72, 0x65, 0x73, 0x33, 0x34, 0x2E, 0x63, 0x73, 0x73, 0x50, 0x4B, 0x01,
  0x02, 0x14, 0x03, 0x14, 0x00, 0x00, 0x00, 0x08, 0x00, 0x00, 0x00, 0x21, 0x5C, 0x81, 0xE6, 0x86,
  0x07, 0x16, 0x00, 0x00, 0x00, 0x14, 0x00, 0x00, 0x00, 0x0F, 0x00, 0x00, 0x00, 0x00, 0x00, 0x00,
  0x00, 0x00, 0x00, 0x00, 0x00, 0x80, 0x01, 0x26, 0x31, 0x00, 0x00, 0x4F, 0x45, 0x42, 0x50, 0x53,
  0x2F, 0x72, 0x65, 0x73, 0x33, 0x35, 0x2E, 0x63, 0x73, 0x73, 0x50, 0x4B, 0x01, 0x02, 0x14, 0x03,
  0x14, 0x00, 0x00, 0x00, 0x08, 0x00, 0x00, 0x00, 0x21, 0x5C, 0x05, 0xBD, 0x1C, 0x54, 0x16, 0x00,
  0x00, 0x00, 0x14, 0x00, 0x00, 0x00, 0x0F, 0x00, 0x00, 0x00, 0x00, 0x00, 0x00, 0x00, 0x00, 0x00,
  0x00, 0x00, 0x80, 0x01, 0x69, 0x31, 0x00, 0x00, 0x4F, 0x45, 0x42, 0x50, 0x53, 0x2F, 0x72, 0x65,
  0x73, 0x33, 0x36, 0x2E, 0x63, 0x73, 0x73, 0x50, 0x4B, 0x01, 0x02, 0x14, 0x03, 0x14, 0x00, 0x00,
  0x00, 0x08, 0x00, 0x00, 0x00, 0x21, 0x5C, 0x46, 0x76, 0xBA, 0xD3, 0x16, 0x00, 0x00, 0x00, 0x14,
  0x00, 0x00, 0x00, 0x0F, 0x00, 0x00, 0x00, 0x00, 0x00, 0x00, 0x00, 0x00, 0x00, 0x00, 0x00, 0x80,
  0x01, 0xAC, 0x31, 0x00, 0x00, 0x4F, 0x45, 0x42, 0x50, 0x53, 0x2F, 0x72, 0x65, 0x73, 0x33, 0x37,
  0x2E, 0x63, 0x73, 0x73, 0x50, 0x4B, 0x01, 0x02, 0x14, 0x03, 0x14, 0x00, 0x00, 0x00, 0x08, 0x00,
  0x00, 0x00, 0x21, 0x5C, 0x93, 0x45, 0x38, 0x15, 0x16, 0x00, 0x00, 0x00, 0x14, 0x00, 0x00, 0x00,
  0x0F, 0x00, 0x00, 0x00, 0x00, 0x00, 0x00, 0x00, 0x00, 0x00, 0x00, 0x00, 0x80, 0x01, 0xEF, 0x31,
  0x00, 0x00, 0x4F, 0x45, 0x42, 0x50, 0x53, 0x2F, 0x72, 0x65, 0x73, 0x33, 0x38, 0x2E, 0x63, 0x73,
  0x73, 0x50, 0x4B, 0x01, 0x02, 0x14, 0x03, 0x14, 0x00, 0x00, 0x00, 0x08, 0x00, 0x00, 0x00, 0x21,
  0x5C, 0xD0, 0x8E, 0x9E, 0x92, 0x16, 0x00, 0x00, 0x00, 0x14, 0x00, 0x00, 0x00, 0x0F, 0x00, 0x00,
  0x00, 0x00, 0x00, 0x00, 0x00, 0x00, 0x00, 0x00, 0x00, 0x80, 0x01, 0x32, 0x32, 0x00, 0x00, 0x4F,
  0x45, 0x42, 0x50, 0x53, 0x2F, 0x72, 0x65, 0x73, 0x33, 0x39, 0x2E, 0x63, 0x73, 0x73, 0x50, 0x4B,
  0x01, 0x02, 0x14, 0x03, 0x14, 0x00, 0x00, 0x00, 0x08, 0x00, 0x00, 0x00, 0x21, 0x5C, 0x69, 0x00,
  0x06, 0x12, 0x16, 0x00, 0x00, 0x00, 0x14, 0x00, 0x00, 0x00, 0x0F, 0x00, 0x00, 0x00, 0x00, 0x00,
  0x00, 0x00, 0x00, 0x00, 0x00, 0x00, 0x80, 0x01, 0x75, 0x32, 0x00, 0x00, 0x4F, 0x45, 0x42, 0x50,
  0x53, 0x2F, 0x72, 0x65, 0x73, 0x34, 0x30, 0x2E, 0x63, 0x73, 0x73, 0x50, 0x4B, 0x01, 0x02, 0x14,
  0x03, 0x14, 0x00, 0x00, 0x00, 0x08, 0x00, 0x00, 0x00, 0x21, 0x5C, 0x2A, 0xCB, 0xA0, 0x95, 0x16,
  0x00, 0x00, 0x00, 0x14, 0x00, 0x00, 0x00, 0x0F, 0x00, 0x00, 0x00, 0x00, 0x00, 0x00, 0x00, 0x00,
  0x00, 0x00, 0x00, 0x80, 0x01, 0xB8, 0x32, 0x00, 0x00, 0x4F, 0x45, 0x42, 0x50, 0x53, 0x2F, 0x72,
  0x65, 0x73, 0x34, 0x31, 0x2E, 0x63, 0x73, 0x73, 0x50, 0x4B, 0x01, 0x02, 0x14, 0x03, 0x14, 0x00,
  0x00, 0x00, 0x08, 0x00, 0x00, 0x00, 0x21, 0x5C, 0xAE, 0x90, 0x3A, 0xC6, 0x16, 0x00, 0x00, 0x00,
  0x14, 0x00, 0x00, 0x00, 0x0F, 0x00, 0x00, 0x00, 0x00, 0x00, 0x00, 0x00, 0x00, 0x00, 0x00, 0x00,
  0x80, 0x01, 0xFB, 0x32, 0x00, 0x00, 0x4F, 0x45, 0x42, 0x50, 0x53, 0x2F, 0x72, 0x65, 0x73, 0x34,
  0x32, 0x2E, 0x63, 0x73, 0x73, 0x50, 0x4B, 0x01, 0x02, 0x14, 0x03, 0x14, 0x00, 0x00, 0x00, 0x08,
  0x00, 0x00, 0x00, 0x21, 0x5C, 0xED, 0x5B, 0x9C, 0x41, 0x16, 0x00, 0x00, 0x00, 0x14, 0x00, 0x00,
  0x00, 0x0F, 0x00, 0x00, 0x00, 0x00, 0x00, 0x00, 0x00, 0x00, 0x00, 0x00, 0x00, 0x80, 0x01, 0x3E,
  0x33, 0x00, 0x00, 0x4F, 0x45, 0x42, 0x50, 0x53, 0x2F, 0x72, 0x65, 0x73, 0x34, 0x33, 0x2E, 0x63,
  0x73, 0x73, 0x50, 0x4B, 0x01, 0x02, 0x14, 0x03, 0x14, 0x00, 0x00, 0x00, 0x08, 0x00, 0x00, 0x00,
  0x21, 0x5C, 0xA6, 0x27, 0x0E, 0x61, 0x16, 0x00, 0x00, 0x00, 0x14, 0x00, 0x00, 0x00, 0x0F, 0x00,
  0x00, 0x00, 0x00, 0x00, 0x00, 0x00, 0x00, 0x00, 0x00, 0x00, 0x80, 0x01, 0x81, 0x33, 0x00, 0x00,
  0x4F, 0x45, 0x42, 0x50, 0x53, 0x2F, 0x72, 0x65, 0x73, 0x34, 0x34, 0x2E, 0x63, 0x73, 0x73, 0x50,
  0x4B, 0x01, 0x02, 0x14, 0x03, 0x14, 0x00, 0x00, 0x00, 0x08, 0x00, 0x00, 0x00, 0x21, 0x5C, 0xE5,
  0xEC, 0xA8, 0xE6, 0x16, 0x00, 0x00, 0x00, 0x14, 0x00, 0x00, 0x00, 0x0F, 0x00, 0x00, 0x00, 0x00,
  0x00, 0x00, 0x00, 0x00, 0x00, 0x00, 0x00, 0x80, 0x01, 0xC4, 0x33, 0x00, 0x00, 0x4F, 0x45, 0x42,
  0x50, 0x53, 0x2F, 0x72, 0x65, 0x73, 0x34, 0x35, 0x2E, 0x63, 0x73, 0x73, 0x50, 0x4B, 0x01, 0x02,
  0x14, 0x03, 0x14, 0x00, 0x00, 0x00, 0x08, 0x00, 0x00, 0x00, 0x21, 0x5C, 0x61, 0xB7, 0x32, 0xB5,
  0x16, 0x00, 0x00, 0x00, 0x14, 0x00, 0x00, 0x00, 0x0F, 0x00, 0x00, 0x00, 0x00, 0x00, 0x00, 0x00,
  0x00, 0x00, 0x00, 0x00, 0x80, 0x01, 0x07, 0x34, 0x00, 0x00, 0x4F, 0x45, 0x42, 0x50, 0x53, 0x2F,
  0x72, 0x65, 0x73, 0x34, 0x36, 0x2E, 0x63, 0x73, 0x73, 0x50, 0x4B, 0x01, 0x02, 0x14, 0x03, 0x14,
  0x00, 0x00, 0x00, 0x08, 0x00, 0x00, 0x00, 0x21, 0x5C, 0x22, 0x7C, 0x94, 0x32, 0x16, 0x00, 0x00,
  0x00, 0x14, 0x00, 0x00, 0x00, 0x0F, 0x00, 0x00, 0x00, 0x00, 0x00, 0x00, 0x00, 0x00, 0x00, 0x00,
  0x00, 0x80, 0x01, 0x4A, 0x34, 0x00, 0x00, 0x4F, 0x45, 0x42, 0x50, 0x53, 0x2F, 0x72, 0x65, 0x73,
  0x34, 0x37, 0x2E, 0x63, 0x73, 0x73, 0x50, 0x4B, 0x01, 0x02, 0x14, 0x03, 0x14, 0x00, 0x00, 0x00,
  0x08, 0x00, 0x00, 0x00, 0x21, 0x5C, 0xF7, 0x4F, 0x16, 0xF4, 0x16, 0x00, 0x00, 0x00, 0x14, 0x00,
  0x00, 0x00, 0x0F, 0x00, 0x00, 0x00, 0x00, 0x00, 0x00, 0x00, 0x00, 0x00, 0x00, 0x00, 0x80, 0x01,
  0x8D, 0x34, 0x00, 0x00, 0x4F, 0x45, 0x42, 0x50, 0x53, 0x2F, 0x72, 0x65, 0x73, 0x34, 0x38, 0x2E,
  0x63, 0x73, 0x73, 0x50, 0x4B, 0x01, 0x02, 0x14, 0x03, 0x14, 0x00, 0x00, 0x00, 0x08, 0x00, 0x00,
  0x00, 0x21, 0x5C, 0xB4, 0x84, 0xB0, 0x73, 0x16, 0x00, 0x00, 0x00, 0x14, 0x00, 0x00, 0x00, 0x0F,
  0x00, 0x00, 0x00, 0x00, 0x00, 0x00, 0x00, 0x00, 0x00, 0x00, 0x00, 0x80, 0x01, 0xD0, 0x34, 0x00,
  0x00, 0x4F, 0x45, 0x42, 0x50, 0x53, 0x2F, 0x72, 0x65, 0x73, 0x34, 0x39, 0x2E, 0x63, 0x73, 0x73,
  0x50, 0x4B, 0x01, 0x02, 0x14, 0x03, 0x14, 0x00, 0x00, 0x00, 0x08, 0x00, 0x00, 0x00, 0x21, 0x5C,
  0x88, 0xB6, 0x54, 0xFD, 0x16, 0x00, 0x00, 0x00, 0x14, 0x00, 0x00, 0x00, 0x0F, 0x00, 0x00, 0x00,
  0x00, 0x00, 0x00, 0x00, 0x00, 0x00, 0x00, 0x00, 0x80, 0x01, 0x13, 0x35, 0x00, 0x00, 0x4F, 0x45,
  0x42, 0x50, 0x53, 0x2F, 0x72, 0x65, 0x73, 0x35, 0x30, 0x2E, 0x63, 0x73, 0x73, 0x50, 0x4B, 0x01,
  0x02, 0x14, 0x03, 0x14, 0x00, 0x00, 0x00, 0x08, 0x00, 0x00, 0x00, 0x21, 0x5C, 0xCB, 0x7D, 0xF2,
  0x7A, 0x16, 0x00, 0x00, 0x00, 0x14, 0x00, 0x00, 0x00, 0x0F, 0x00, 0x00, 0x00, 0x00, 0x00, 0x00,
  0x00, 0x00, 0x00, 0x00, 0x00, 0x80, 0x01, 0x56, 0x35, 0x00, 0x00, 0x4F, 0x45, 0x42, 0x50, 0x53,
  0x2F, 0x72, 0x65, 0x73, 0x35, 0x31, 0x2E, 0x63, 0x73, 0x73, 0x50, 0x4B, 0x01, 0x02, 0x14, 0x03,
  0x14, 0x00, 0x00, 0x00, 0x08, 0x00, 0x00, 0x00, 0x21, 0x5C, 0x4F, 0x26, 0x68, 0x29, 0x16, 0x00,
  0x00, 0x00, 0x14, 0x00, 0x00, 0x00, 0x0F, 0x00, 0x00, 0x00, 0x00, 0x00, 0x00, 0x00, 0x00, 0x00,
  0x00, 0x00, 0x80, 0x01, 0x99, 0x35, 0x00, 0x00, 0x4F, 0x45, 0x42, 0x50, 0x53, 0x2F, 0x72, 0x65,
  0x73, 0x35, 0x32, 0x2E, 0x63, 0x73, 0x73, 0x50, 0x4B, 0x01, 0x02, 0x14, 0x03, 0x14, 0x00, 0x00,
  0x00, 0x08, 0x00, 0x00, 0x00, 0x21, 0x5C, 0x0C, 0xED, 0xCE, 0xAE, 0x16, 0x00, 0x00, 0x00, 0x14,
  0x00, 0x00, 0x00, 0x0F, 0x00, 0x00, 0x00, 0x00, 0x00, 0x00, 0x00, 0x00, 0x00, 0x00, 0x00, 0x80,
  0x01, 0xDC, 0x35, 0x00, 0x00, 0x4F, 0x45, 0x42, 0x50, 0x53, 0x2F, 0x72, 0x65, 0x73, 0x35, 0x33,
  0x2E, 0x63, 0x73, 0x73, 0x50, 0x4B, 0x01, 0x02, 0x14, 0x03, 0x14, 0x00, 0x00, 0x00, 0x08, 0x00,
  0x00, 0x00, 0x21, 0x5C, 0x47, 0x91, 0x5C, 0x8E, 0x16, 0x00, 0x00, 0x00, 0x14, 0x00, 0x00, 0x00,
  0x0F, 0x00, 0x00, 0x00, 0x00, 0x00, 0x00, 0x00, 0x00, 0x00, 0x00, 0x00, 0x80, 0x01, 0x1F, 0x36,
  0x00, 0x00, 0x4F, 0x45, 0x42, 0x50, 0x53, 0x2F, 0x72, 0x65, 0x73, 0x35, 0x34, 0x2E, 0x63, 0x73,
  0x73, 0x50, 0x4B, 0x01, 0x02, 0x14, 0x03, 0x14, 0x00, 0x00, 0x00, 0x08, 0x00, 0x00, 0x00, 0x21,
  0x5C, 0x04, 0x5A, 0xFA, 0x09, 0x16, 0x00, 0x00, 0x00, 0x14, 0x00, 0x00, 0x00, 0x0F, 0x00, 0x00,
  0x00, 0x00, 0x00, 0x00, 0x00, 0x00, 0x00, 0x00, 0x00, 0x80, 0x01, 0x62, 0x36, 0x00, 0x00, 0x4F,
  0x45, 0x42, 0x50, 0x53, 0x2F, 0x72, 0x65, 0x73, 0x35, 0x35, 0x2E, 0x63, 0x73, 0x73, 0x50, 0x4B,
  0x01, 0x02, 0x14, 0x03, 0x14, 0x00, 0x00, 0x00, 0x08, 0x00, 0x00, 0x00, 0x21, 0x5C, 0x80, 0x01,
  0x60, 0x5A, 0x16, 0x00, 0x00, 0x00, 0x14, 0x00, 0x00, 0x00, 0x0F, 0x00, 0x00, 0x00, 0x00, 0x00,
  0x00, 0x00, 0x00, 0x00, 0x00, 0x00, 0x80, 0x01, 0xA5, 0x36, 0x00, 0x00, 0x4F, 0x45, 0x42, 0x50,
  0x53, 0x2F, 0x72, 0x65, 0x73, 0x35, 0x36, 0x2E, 0x63, 0x73, 0x73, 0x50, 0x4B, 0x01, 0x02, 0x14,
  0x03, 0x14, 0x00, 0x00, 0x00, 0x08, 0x00, 0x00, 0x00, 0x21, 0x5C, 0xC3, 0xCA, 0xC6, 0xDD, 0x16,
  0x00, 0x00, 0x00, 0x14, 0x00, 0x00, 0x00, 0x0F, 0x00, 0x00, 0x00, 0x00, 0x00, 0x00, 0x00, 0x00,
  0x00, 0x00, 0x00, 0x80, 0x01, 0xE8, 0x36, 0x00, 0x00, 0x4F, 0x45, 0x42, 0x50, 0x53, 0x2F, 0x72,
  0x65, 0x73, 0x35, 0x37, 0x2E, 0x63, 0x73, 0x73, 0x50, 0x4B, 0x01, 0x02, 0x14, 0x03, 0x14, 0x00,
  0x00, 0x00, 0x08, 0x00, 0x00, 0x00, 0x21, 0x5C, 0x16, 0xF9, 0x44, 0x1B, 0x16, 0x00, 0x00, 0x00,
  0x14, 0x00, 0x00, 0x00, 0x0F, 0x00, 0x00, 0x00, 0x00, 0x00, 0x00, 0x00, 0x00, 0x00, 0x00, 0x00,
  0x80, 0x01, 0x2B, 0x37, 0x00, 0x00, 0x4F, 0x45, 0x42, 0x50, 0x53, 0x2F, 0x72, 0x65, 0x73, 0x35,
  0x38, 0x2E, 0x63, 0x73, 0x73, 0x50, 0x4B, 0x01, 0x02, 0x14, 0x03, 0x14, 0x00, 0x00, 0x00, 0x08,
  0x00, 0x00, 0x00, 0x21, 0x5C, 0x55, 0x32, 0xE2, 0x9C, 0x16, 0x00, 0x00, 0x00, 0x14, 0x00, 0x00,
  0x00, 0x0F, 0x00, 0x00, 0x00, 0x00, 0x00, 0x00, 0x00, 0x00, 0x00, 0x00, 0x00, 0x80, 0x01, 0x6E,
  0x37, 0x00, 0x00, 0x4F, 0x45, 0x42, 0x50, 0x53, 0x2F, 0x72, 0x65, 0x73, 0x35, 0x39, 0x2E, 0x63,
  0x73, 0x73, 0x50, 0x4B, 0x05, 0x06, 0x00, 0x00, 0x00, 0x00, 0x7D, 0x00, 0x7D, 0x00, 0xF1, 0x1D,
  0x00, 0x00, 0xB1, 0x37, 0x00, 0x00, 0x00, 0x00,
};
/* clang-format on */
