/*
 * SPDX-License-Identifier: MIT
 * Copyright (c) 2026 Brighton Sikarskie
 */
/**
 * @file mg_page_fixture.h
 * @brief Baked demo manga page for the ereader_manga viewer (@generated).
 *
 * @details
 * One 1536x2048 8-bit grayscale PNG, larger than the 1024x600 panel, laid out
 * as a 6x8 grid of 256px tiles. Each tile is a distinct solid gray with a
 * black inner frame and a big blocky "C<col>R<row>" label, so panning the
 * viewport across the page visibly changes which labels are on screen. The
 * page is the source ra8_jof_produce() transcodes into a JOF atlas
 * at boot; it decodes to identical pixels on host, ra8_emulator and silicon.
 *
 * Regenerate: python3 scripts/gen/gen_manga_page_fixture.py
 */
#pragma once

#include <stdint.h>

/** @brief Baked 19680-byte 1536x2048 grayscale PNG page. */
static const uint8_t k_mg_png[] = {
  0x89, 0x50, 0x4E, 0x47, 0x0D, 0x0A, 0x1A, 0x0A, 0x00, 0x00, 0x00, 0x0D, 0x49, 0x48, 0x44, 0x52,
  0x00, 0x00, 0x06, 0x00, 0x00, 0x00, 0x08, 0x00, 0x08, 0x00, 0x00, 0x00, 0x00, 0xC5, 0xBA, 0xA7,
  0xEA, 0x00, 0x00, 0x4C, 0xA7, 0x49, 0x44, 0x41, 0x54, 0x78, 0xDA, 0xED, 0xDD, 0xCD, 0x91, 0x1C,
  0x45, 0x14, 0x85, 0xD1, 0x31, 0x4C, 0x26, 0x60, 0x02, 0x26, 0xC8, 0x04, 0x4C, 0xC0, 0x04, 0x4C,
  0xC0, 0x04, 0x99, 0x80, 0x09, 0x98, 0x80, 0x11, 0xAC, 0x3A, 0x42, 0xD1, 0x8A, 0x8A, 0x7C, 0x3F,
  0x99, 0x55, 0xD5, 0x59, 0xE7, 0xED, 0x80, 0xD6, 0x68, 0x46, 0x7D, 0xBF, 0x3A, 0x6C, 0x3A, 0xF4,
  0xF5, 0xE5, 0x9C, 0x73, 0xCE, 0x39, 0xE7, 0x9C, 0x73, 0xCE, 0x39, 0xE7, 0x9C, 0x73, 0xCE, 0xB9,
  0x6D, 0xEF, 0xDB, 0x43, 0xEF, 0xF5, 0xF3, 0x7F, 0x7F, 0xE8, 0xBD, 0x7E, 0xFE, 0xBF, 0x1E, 0x7A,
  0xAF, 0x9F, 0xFF, 0x9F, 0x87, 0x9E, 0xFE, 0xF5, 0x6F, 0x00, 0x06, 0x00, 0x00, 0x00, 0xE8, 0x1F,
  0x00, 0x06, 0x00, 0x00, 0x00, 0x00, 0x40, 0xFF, 0x00, 0x30, 0x00, 0x00, 0x00, 0x00, 0x00, 0xFA,
  0x07, 0x80, 0x01, 0x00, 0x00, 0x00, 0x00, 0xD0, 0x3F, 0x00, 0x0C, 0x00, 0x00, 0x00, 0x00, 0x80,
  0xFE, 0x01, 0x60, 0x00, 0x00, 0x00, 0x00, 0x00, 0xF4, 0x0F, 0x00, 0x03, 0x00, 0x00, 0x00, 0x00,
  0xA0, 0x7F, 0x00, 0x18, 0x00, 0x00, 0x00, 0x00, 0x00, 0xFD, 0x03, 0xC0, 0x00, 0x00, 0x00, 0x00,
  0x00, 0xE8, 0x1F, 0x00, 0x06, 0x00, 0x00, 0x00, 0x00, 0x40, 0xFF, 0x00, 0x30, 0x00, 0x00, 0x00,
  0x00, 0x00, 0xFA, 0x07, 0x80, 0x01, 0x00, 0x00, 0x00, 0x00, 0xD0, 0x3F, 0x00, 0x0C, 0x00, 0x00,
  0x00, 0x00, 0x80, 0xFE, 0x01, 0x60, 0x00, 0x00, 0x00, 0x00, 0x00, 0xF4, 0x0F, 0x00, 0x03, 0x00,
  0x00, 0x00, 0x00, 0xA0, 0x7F, 0x00, 0x18, 0x00, 0x00, 0x00, 0x00, 0x00, 0xFD, 0x03, 0xC0, 0x00,
  0x00, 0x00, 0x00, 0x00, 0xE8, 0x1F, 0x00, 0x06, 0x00, 0x00, 0x00, 0x00, 0x40, 0xFF, 0x00, 0x30,
  0x00, 0x00, 0x00, 0x00, 0x00, 0xFA, 0x07, 0x80, 0x01, 0x00, 0x00, 0x00, 0x00, 0xD0, 0x3F, 0x00,
  0x0C, 0x00, 0x00, 0x00, 0x00, 0x80, 0xFE, 0x01, 0x60, 0x00, 0x00, 0x00, 0x00, 0x00, 0xF4, 0x0F,
  0x00, 0x03, 0x00, 0x00, 0x00, 0x00, 0xA0, 0x7F, 0x00, 0x18, 0x00, 0x00, 0x00, 0xA0, 0x7F, 0x00,
  0x18, 0x00, 0x00, 0x00, 0x00, 0x00, 0xFD, 0x03, 0xC0, 0x00, 0x00, 0x00, 0x00, 0x00, 0xE8, 0x1F,
  0x00, 0x06, 0x00, 0x00, 0x00, 0x00, 0x40, 0xFF, 0x00, 0x30, 0x00, 0x00, 0x00, 0x00, 0x00, 0xFA,
  0x07, 0x80, 0x01, 0x00, 0x00, 0x00, 0x00, 0xD0, 0x3F, 0x00, 0x0C, 0x00, 0x00, 0x00, 0x00, 0x80,
  0xFE, 0x01, 0x60, 0x00, 0x00, 0x00, 0x00, 0x00, 0xF4, 0x0F, 0x00, 0x03, 0x00, 0x00, 0x00, 0x00,
  0xA0, 0x7F, 0x00, 0x18, 0x00, 0x00, 0x00, 0x00, 0x00, 0xFD, 0x03, 0xC0, 0x00, 0x00, 0x00, 0x00,
  0x00, 0xE8, 0x1F, 0x00, 0x06, 0x00, 0x00, 0x00, 0x00, 0x40, 0xFF, 0x00, 0x30, 0x00, 0x00, 0x00,
  0x00, 0x00, 0xFA, 0x07, 0x80, 0x01, 0x00, 0x00, 0x00, 0x00, 0xD0, 0x3F, 0x00, 0x0C, 0x00, 0x00,
  0x00, 0x00, 0x80, 0xFE, 0x01, 0x60, 0x00, 0x00, 0x00, 0x00, 0x00, 0xF4, 0x0F, 0x00, 0x03, 0x00,
  0x00, 0x00, 0x00, 0xA0, 0x7F, 0x00, 0x18, 0x00, 0x00, 0x00, 0x00, 0x00, 0xFD, 0x03, 0xC0, 0x00,
  0x00, 0x00, 0x00, 0x00, 0xE8, 0x1F, 0x00, 0x06, 0x00, 0x00, 0x00, 0x00, 0x40, 0xFF, 0x00, 0x30,
  0x00, 0x00, 0x00, 0x00, 0x00, 0xFA, 0x07, 0x80, 0x01, 0x00, 0x00, 0x00, 0x00, 0xD0, 0x3F, 0x00,
  0x0C, 0x00, 0x00, 0x00, 0x00, 0x80, 0xFE, 0x01, 0x60, 0x00, 0x00, 0x00, 0x80, 0xFE, 0xF5, 0x6F,
  0x00, 0x06, 0x00, 0x00, 0x00, 0xE8, 0x1F, 0x00, 0x06, 0x00, 0x00, 0x00, 0x00, 0x40, 0xFF, 0x00,
  0x30, 0x00, 0x00, 0x00, 0x00, 0x00, 0xFA, 0x07, 0x80, 0x01, 0x00, 0x00, 0x00, 0x00, 0xD0, 0x3F,
  0x00, 0x0C, 0x00, 0x00, 0x00, 0x00, 0x80, 0xFE, 0x01, 0x60, 0x00, 0x00, 0x00, 0x00, 0x00, 0xF4,
  0x0F, 0x00, 0x03, 0x00, 0x00, 0x00, 0x00, 0xA0, 0x7F, 0x00, 0x18, 0x00, 0x00, 0x00, 0x00, 0x00,
  0xFD, 0x03, 0xC0, 0x00, 0x00, 0x00, 0x00, 0x00, 0xE8, 0x1F, 0x00, 0x06, 0x00, 0x00, 0x00, 0x00,
  0x40, 0xFF, 0x00, 0x30, 0x00, 0x00, 0x00, 0x00, 0x00, 0xFA, 0x07, 0x80, 0x01, 0x00, 0x00, 0x00,
  0x00, 0xD0, 0x3F, 0x00, 0x0C, 0x00, 0x00, 0x00, 0x00, 0x80, 0xFE, 0x01, 0x60, 0x00, 0x00, 0x00,
  0x00, 0x00, 0xF4, 0x0F, 0x00, 0x03, 0x00, 0x00, 0x00, 0x00, 0xA0, 0x7F, 0x00, 0x18, 0x00, 0x00,
  0x00, 0x00, 0x00, 0xFD, 0x03, 0xC0, 0x00, 0x00, 0x00, 0x00, 0x00, 0xE8, 0x1F, 0x00, 0x06, 0x00,
  0x00, 0x00, 0x00, 0x40, 0xFF, 0x00, 0x30, 0x00, 0x00, 0x00, 0x00, 0x00, 0xFA, 0x07, 0x80, 0x01,
  0x00, 0x00, 0x00, 0x00, 0xD0, 0x3F, 0x00, 0x0C, 0x00, 0x00, 0x00, 0x00, 0x80, 0xFE, 0x01, 0x60,
  0x00, 0x00, 0x00, 0x00, 0x00, 0xF4, 0x0F, 0x00, 0x03, 0x00, 0x00, 0x00, 0x00, 0xA0, 0x7F, 0x00,
  0x18, 0x00, 0x00, 0x00, 0xA0, 0x7F, 0x00, 0x18, 0x00, 0x00, 0x00, 0x00, 0x00, 0xFD, 0x03, 0xC0,
  0x00, 0x00, 0x00, 0x00, 0x00, 0xE8, 0x1F, 0x00, 0x06, 0x00, 0x00, 0x00, 0x00, 0x40, 0xFF, 0x00,
  0x30, 0x00, 0x00, 0x00, 0x00, 0x00, 0xFA, 0x07, 0x80, 0x01, 0x00, 0x00, 0x00, 0x00, 0xD0, 0x3F,
  0x00, 0x0C, 0x00, 0x00, 0x00, 0x00, 0x80, 0xFE, 0x01, 0x60, 0x00, 0x00, 0x00, 0x00, 0x00, 0xF4,
  0x0F, 0x00, 0x03, 0x00, 0x00, 0x00, 0x00, 0xA0, 0x7F, 0x00, 0x18, 0x00, 0x00, 0x00, 0x00, 0x00,
  0xFD, 0x03, 0xC0, 0x00, 0x00, 0x00, 0x00, 0x00, 0xE8, 0x1F, 0x00, 0x06, 0x00, 0x00, 0x00, 0x00,
  0x40, 0xFF, 0x00, 0x30, 0x00, 0x00, 0x00, 0x00, 0x00, 0xFA, 0x07, 0x80, 0x01, 0x00, 0x00, 0x00,
  0x00, 0xD0, 0x3F, 0x00, 0x0C, 0x00, 0x00, 0x00, 0x00, 0x80, 0xFE, 0x01, 0x60, 0x00, 0x00, 0x00,
  0x00, 0x00, 0xF4, 0x0F, 0x00, 0x03, 0x00, 0x00, 0x00, 0x00, 0xA0, 0x7F, 0x00, 0x18, 0x00, 0x00,
  0x00, 0x00, 0x00, 0xFD, 0x03, 0xC0, 0x00, 0x00, 0x00, 0x00, 0x00, 0xE8, 0x1F, 0x00, 0x06, 0x00,
  0x00, 0x00, 0x00, 0x40, 0xFF, 0x00, 0x30, 0x00, 0x00, 0x00, 0x00, 0x00, 0xFA, 0x07, 0x80, 0x01,
  0x00, 0x00, 0x00, 0x00, 0xD0, 0x3F, 0x00, 0x0C, 0x00, 0x00, 0x00, 0x00, 0x80, 0xFE, 0x01, 0x60,
  0x00, 0x00, 0x00, 0x80, 0xFE, 0xF5, 0x6F, 0x00, 0x00, 0x00, 0x00, 0x00, 0xF4, 0x0F, 0x80, 0xC8,
  0x1F, 0xD6, 0xFB, 0x75, 0x5F, 0xFF, 0x35, 0xB8, 0x59, 0xDF, 0x4F, 0x77, 0x00, 0x47, 0xBF, 0x5F,
  0xF4, 0xD7, 0x65, 0xBF, 0x6E, 0xF5, 0xD7, 0xAD, 0x02, 0xE0, 0xE8, 0xF7, 0xEB, 0xBE, 0x7E, 0xF4,
  0xF3, 0xCF, 0xFA, 0x7E, 0xBA, 0x00, 0x1C, 0xFD, 0x7E, 0xD1, 0xD7, 0x1D, 0xFD, 0xBA, 0xE8, 0xEB,
  0xAA, 0xDF, 0xCF, 0x2C, 0x00, 0xBA, 0xBD, 0x3D, 0xA5, 0xFF, 0xE8, 0xFB, 0x7F, 0xA7, 0xFE, 0x01,
  0x00, 0x00, 0x00, 0x00, 0x00, 0x00, 0x00, 0x00, 0x00, 0x00, 0x00, 0x00, 0x00, 0x00, 0x00, 0x00,
  0x00, 0x00, 0x00, 0x00, 0x00, 0x00, 0x00, 0x00, 0x00, 0x00, 0x00, 0x00, 0x00, 0x00, 0x00, 0x00,
  0x00, 0x00, 0x00, 0x00, 0x00, 0x00, 0x00, 0x00, 0x00, 0x00, 0x00, 0x00, 0x00, 0x00, 0x00, 0x00,
  0x00, 0x00, 0x00, 0x00, 0x00, 0x00, 0x00, 0xB0, 0x1F, 0x00, 0xD1, 0x37, 0xE2, 0xAE, 0xAF, 0xEF,
  0x0E, 0x20, 0xFA, 0x46, 0x8C, 0xDE, 0xA0, 0x59, 0x5F, 0xBF, 0xFB, 0xF5, 0xB2, 0x00, 0x44, 0x1F,
  0xC4, 0x77, 0x7D, 0x7D, 0x17, 0x80, 0xE8, 0x83, 0x38, 0xFA, 0xB0, 0xED, 0x7E, 0xFD, 0x59, 0xDF,
  0x4F, 0x14, 0x80, 0x6E, 0x6F, 0xD1, 0xFF, 0x01, 0xDC, 0xA5, 0xFF, 0xEC, 0x83, 0xF8, 0x0E, 0xFD,
  0x03, 0x00, 0x00, 0x00, 0x00, 0x00, 0x00, 0x00, 0x00, 0x00, 0x00, 0x00, 0x00, 0x00, 0x00, 0x00,
  0x00, 0x00, 0x00, 0x00, 0x00, 0x00, 0x00, 0x00, 0x00, 0x00, 0x00, 0x00, 0x00, 0x00, 0x00, 0x00,
  0x00, 0x00, 0x00, 0x00, 0x00, 0x00, 0x00, 0x00, 0x00, 0x00, 0x00, 0x00, 0x00, 0x00, 0x00, 0x00,
  0x00, 0x00, 0x00, 0x00, 0x00, 0x00, 0x00, 0x00, 0xE0, 0x79, 0x00, 0x54, 0x3F, 0xF0, 0x31, 0x7B,
  0x00, 0x95, 0x0F, 0x84, 0xCC, 0x18, 0xC0, 0xEC, 0x37, 0xB8, 0x3A, 0x80, 0xCA, 0x07, 0x42, 0x66,
  0x00, 0x50, 0xFD, 0x4B, 0x58, 0x66, 0x03, 0x50, 0xF9, 0x40, 0xD8, 0x0C, 0x00, 0xAA, 0x0F, 0xFE,
  0xD9, 0x00, 0x54, 0x3E, 0x10, 0xB6, 0xA2, 0xFF, 0x6A, 0xB7, 0xBB, 0xF4, 0x9F, 0xFD, 0x60, 0xD7,
  0x1D, 0xFA, 0x07, 0x00, 0x00, 0x00, 0x00, 0x00, 0x00, 0x00, 0x00, 0x00, 0x00, 0x00, 0x00, 0x00,
  0x00, 0x00, 0x00, 0x00, 0x00, 0x00, 0x00, 0x00, 0x00, 0x00, 0x00, 0x00, 0x00, 0x00, 0x00, 0x00,
  0x00, 0x00, 0x00, 0x00, 0x00, 0x00, 0x00, 0x00, 0x00, 0x00, 0x00, 0x00, 0x00, 0x00, 0x00, 0x00,
  0x00, 0x00, 0x00, 0x00, 0x00, 0x00, 0x00, 0x00, 0x00, 0x00, 0x00, 0x00, 0x46, 0x6F, 0xD8, 0xD1,
  0x3F, 0x1F, 0x5D, 0xF7, 0xEB, 0x7F, 0x0A, 0x00, 0xD5, 0xC1, 0x74, 0x3E, 0x88, 0x72, 0x26, 0x00,
  0xD1, 0x07, 0xF7, 0xE8, 0x41, 0x3E, 0x02, 0xE1, 0x6E, 0x00, 0x64, 0x1F, 0xDC, 0xA3, 0x07, 0xF9,
  0x08, 0x84, 0xAB, 0x01, 0xC8, 0x3E, 0xE8, 0x77, 0xEF, 0x3F, 0xDA, 0xEF, 0x95, 0xFD, 0x03, 0x00,
  0x00, 0x00, 0x00, 0x00, 0x00, 0x00, 0x00, 0x00, 0x00, 0x00, 0x00, 0x00, 0x00, 0x00, 0x00, 0x00,
  0x00, 0x00, 0x00, 0x00, 0x00, 0x00, 0x00, 0x00, 0x00, 0x00, 0x00, 0x00, 0x00, 0x00, 0x00, 0x00,
  0x00, 0x00, 0x00, 0x00, 0x00, 0x00, 0x00, 0x00, 0x00, 0x00, 0x00, 0x00, 0x00, 0x00, 0x00, 0x00,
  0x00, 0x00, 0x00, 0x00, 0x00, 0x00, 0x00, 0x00, 0xAB, 0xDF, 0xC0, 0xEC, 0xD7, 0xFF, 0xB4, 0x0F,
  0x82, 0x65, 0xC1, 0xE8, 0x7C, 0xBF, 0x67, 0x00, 0x30, 0xEB, 0x83, 0x5E, 0xD1, 0x0F, 0x7C, 0xDD,
  0x15, 0x80, 0x59, 0x0F, 0xF0, 0x2C, 0x10, 0x57, 0x01, 0x10, 0x7D, 0xB0, 0xEF, 0xDE, 0xFF, 0xEC,
  0x07, 0xF8, 0x8A, 0xFE, 0x01, 0x00, 0x00, 0x00, 0x00, 0x00, 0x00, 0x00, 0x00, 0x00, 0x00, 0x00,
  0x00, 0x00, 0x00, 0x00, 0x00, 0x00, 0x00, 0x00, 0x00, 0x00, 0x00, 0x00, 0x00, 0x00, 0x00, 0x00,
  0x00, 0x00, 0x00, 0x00, 0x00, 0x00, 0x00, 0x00, 0x00, 0x00, 0x00, 0x00, 0x00, 0x00, 0x00, 0x00,
  0x00, 0x00, 0x00, 0x00, 0x00, 0x00, 0x00, 0x00, 0x00, 0x00, 0x00, 0x00, 0xF0, 0x3C, 0x00, 0xAA,
  0x6F, 0x60, 0xF7, 0x83, 0x23, 0x33, 0x06, 0x3B, 0x63, 0x00, 0xAB, 0xFE, 0x7B, 0xF5, 0x0D, 0x3E,
  0x1B, 0x80, 0xEE, 0x83, 0x38, 0xFB, 0xEB, 0xAB, 0xDF, 0xCF, 0x2A, 0x00, 0xAA, 0x0F, 0xF0, 0xE8,
  0x07, 0xC4, 0x66, 0xFF, 0x05, 0x33, 0xB3, 0x01, 0x88, 0xF6, 0x36, 0xAB, 0xF3, 0xBB, 0xF7, 0x3F,
  0xEB, 0xF5, 0x67, 0xF6, 0x0F, 0x00, 0x00, 0x00, 0x00, 0x00, 0x00, 0x00, 0x00, 0x00, 0x00, 0x00,
  0x00, 0x00, 0x00, 0x00, 0x00, 0x00, 0x00, 0x00, 0x00, 0x00, 0x00, 0x00, 0x00, 0x00, 0x00, 0x00,
  0x00, 0x00, 0x00, 0x00, 0x00, 0x00, 0x00, 0x00, 0x00, 0x00, 0x00, 0x00, 0x00, 0x00, 0x00, 0x00,
  0x00, 0x00, 0x00, 0x00, 0x00, 0x00, 0x00, 0x00, 0x00, 0x00, 0x00, 0x00, 0x80, 0xFD, 0x00, 0x18,
  0x7D, 0xC0, 0xA3, 0xFB, 0xFA, 0xEA, 0x1B, 0x9A, 0xFD, 0x7E, 0xAA, 0x03, 0x38, 0xFA, 0x00, 0x46,
  0xF6, 0x03, 0x1B, 0xB3, 0xDF, 0xD0, 0xEC, 0xF7, 0x53, 0x05, 0x60, 0xF4, 0x17, 0xB7, 0x64, 0xFF,
  0x82, 0x97, 0xEA, 0x07, 0xBF, 0xAA, 0xDF, 0x4F, 0x17, 0x80, 0xD1, 0x5F, 0xDC, 0xD2, 0x7D, 0x7D,
  0xF5, 0x81, 0x9E, 0xFD, 0x7E, 0xAA, 0x00, 0xCC, 0xEA, 0x4D, 0xFF, 0xF7, 0xED, 0x1F, 0x00, 0x00,
  0x00, 0x00, 0x00, 0x00, 0x00, 0x00, 0x00, 0x00, 0x00, 0x00, 0x00, 0x00, 0x00, 0x00, 0x00, 0x00,
  0x00, 0x00, 0x00, 0x00, 0x00, 0x00, 0x00, 0x00, 0x00, 0x00, 0x00, 0x00, 0x00, 0x00, 0x00, 0x00,
  0x00, 0x00, 0x00, 0x00, 0x00, 0x00, 0x00, 0x00, 0x00, 0x00, 0x00, 0x00, 0x00, 0x00, 0x00, 0x00,
  0x00, 0x00, 0x00, 0x00, 0x00, 0x00, 0xFB, 0x02, 0xB0, 0xE3, 0x55, 0xFE, 0xD0, 0x76, 0xBA, 0xCA,
  0x43, 0x73, 0xA7, 0xAB, 0x3C, 0x34, 0x77, 0x3A, 0xFD, 0xEB, 0xDF, 0x00, 0x0C, 0x00, 0x00, 0x00,
  0xD0, 0x3F, 0x00, 0x0C, 0x00, 0x00, 0x00, 0x00, 0x80, 0xFE, 0x01, 0x60, 0x00, 0x00, 0x00, 0x00,
  0x00, 0xF4, 0x0F, 0x00, 0x03, 0x00, 0x00, 0x00, 0x00, 0xA0, 0x7F, 0x00, 0x18, 0x00, 0x00, 0x00,
  0x00, 0x00, 0xFD, 0x03, 0xC0, 0x00, 0x00, 0x00, 0x00, 0x00, 0xE8, 0x1F, 0x00, 0x06, 0x00, 0x00,
  0x00, 0x00, 0x40, 0xFF, 0x00, 0x30, 0x00, 0x00, 0x00, 0x00, 0x00, 0xFA, 0x07, 0x80, 0x01, 0x00,
  0x00, 0x00, 0x00, 0xD0, 0x3F, 0x00, 0x0C, 0x00, 0x00, 0x00, 0x00, 0x80, 0xFE, 0x01, 0x60, 0x00,
  0x00, 0x00, 0x00, 0x00, 0xF4, 0x0F, 0x00, 0x03, 0x00, 0x00, 0x00, 0x00, 0xA0, 0x7F, 0x00, 0x18,
  0x00, 0x00, 0x00, 0x00, 0x00, 0xFD, 0x03, 0xC0, 0x00, 0x00, 0x00, 0x00, 0x00, 0xE8, 0x1F, 0x00,
  0x06, 0x00, 0x00, 0x00, 0x00, 0x40, 0xFF, 0x00, 0x30, 0x00, 0x00, 0x00, 0x00, 0x00, 0xFA, 0x07,
  0x80, 0x01, 0x00, 0x00, 0x00, 0x00, 0xD0, 0x3F, 0x00, 0x0C, 0x00, 0x00, 0x00, 0x00, 0x80, 0xFE,
  0x01, 0x60, 0x00, 0x00, 0x00, 0x00, 0x00, 0xF4, 0x0F, 0x00, 0x03, 0x00, 0x00, 0x00, 0x00, 0xA0,
  0x7F, 0x00, 0x18, 0x00, 0x00, 0x00, 0x00, 0x00, 0xFD, 0x03, 0xC0, 0x00, 0x00, 0x00, 0x00, 0x00,
  0xE8, 0x1F, 0x00, 0x06, 0x00, 0x00, 0x00, 0x00, 0x40, 0xFF, 0x00, 0x30, 0x00, 0x00, 0x00, 0x40,
  0xFF, 0x00, 0x30, 0x00, 0x00, 0x00, 0x00, 0x00, 0xFA, 0x07, 0x80, 0x01, 0x00, 0x00, 0x00, 0x00,
  0xD0, 0x3F, 0x00, 0x0C, 0x00, 0x00, 0x00, 0x00, 0x80, 0xFE, 0x01, 0x60, 0x00, 0x00, 0x00, 0x00,
  0x00, 0xF4, 0x0F, 0x00, 0x03, 0x00, 0x00, 0x00, 0x00, 0xA0, 0x7F, 0x00, 0x18, 0x00, 0x00, 0x00,
  0x00, 0x00, 0xFD, 0x03, 0xC0, 0x00, 0x00, 0x00, 0x00, 0x00, 0xE8, 0x1F, 0x00, 0x06, 0x00, 0x00,
  0x00, 0x00, 0x40, 0xFF, 0x00, 0x30, 0x00, 0x00, 0x00, 0x00, 0x00, 0xFA, 0x07, 0x80, 0x01, 0x00,
  0x00, 0x00, 0x00, 0xD0, 0x3F, 0x00, 0x0C, 0x00, 0x00, 0x00, 0x00, 0x80, 0xFE, 0x01, 0x60, 0x00,
  0x00, 0x00, 0x00, 0x00, 0xF4, 0x0F, 0x00, 0x03, 0x00, 0x00, 0x00, 0x00, 0xA0, 0x7F, 0x00, 0x18,
  0x00, 0x00, 0x00, 0x00, 0x00, 0xFD, 0x03, 0xC0, 0x00, 0x00, 0x00, 0x00, 0x00, 0xE8, 0x1F, 0x00,
  0x06, 0x00, 0x00, 0x00, 0x00, 0x40, 0xFF, 0x00, 0x30, 0x00, 0x00, 0x00, 0x00, 0x00, 0xFA, 0x07,
  0x80, 0x01, 0x00, 0x00, 0x00, 0x00, 0xD0, 0x3F, 0x00, 0x0C, 0x00, 0x00, 0x00, 0x00, 0x80, 0xFE,
  0x01, 0x60, 0x00, 0x00, 0x00, 0x00, 0x00, 0xF4, 0x0F, 0x00, 0x03, 0x00, 0x00, 0x00, 0x00, 0xA0,
  0x7F, 0x00, 0x18, 0x00, 0x00, 0x00, 0x00, 0x00, 0xFD, 0x03, 0xC0, 0x00, 0x00, 0x00, 0x00, 0xFD,
  0xEB, 0xDF, 0x00, 0x0C, 0x00, 0x00, 0x00, 0xD0, 0x3F, 0x00, 0x0C, 0x00, 0x00, 0x00, 0x00, 0x80,
  0xFE, 0x01, 0x60, 0x00, 0x00, 0x00, 0x00, 0x00, 0xF4, 0x0F, 0x00, 0x03, 0x00, 0x00, 0x00, 0x00,
  0xA0, 0x7F, 0x00, 0x18, 0x00, 0x00, 0x00, 0x00, 0x00, 0xFD, 0x03, 0xC0, 0x00, 0x00, 0x00, 0x00,
  0x00, 0xE8, 0x1F, 0x00, 0x06, 0x00, 0x00, 0x00, 0x00, 0x40, 0xFF, 0x00, 0x30, 0x00, 0x00, 0x00,
  0x00, 0x00, 0xFA, 0x07, 0x80, 0x01, 0x00, 0x00, 0x00, 0x00, 0xD0, 0x3F, 0x00, 0x0C, 0x00, 0x00,
  0x00, 0x00, 0x80, 0xFE, 0x01, 0x60, 0x00, 0x00, 0x00, 0x00, 0x00, 0xF4, 0x0F, 0x00, 0x03, 0x00,
  0x00, 0x00, 0x00, 0xA0, 0x7F, 0x00, 0x18, 0x00, 0x00, 0x00, 0x00, 0x00, 0xFD, 0x03, 0xC0, 0x00,
  0x00, 0x00, 0x00, 0x00, 0xE8, 0x1F, 0x00, 0x06, 0x00, 0x00, 0x00, 0x00, 0x40, 0xFF, 0x00, 0x30,
  0x00, 0x00, 0x00, 0x00, 0x00, 0xFA, 0x07, 0x80, 0x01, 0x00, 0x00, 0x00, 0x00, 0xD0, 0x3F, 0x00,
  0x0C, 0x00, 0x00, 0x00, 0x00, 0x80, 0xFE, 0x01, 0x60, 0x00, 0x00, 0x00, 0x00, 0x00, 0xF4, 0x0F,
  0x00, 0x03, 0x00, 0x00, 0x00, 0x00, 0xA0, 0x7F, 0x00, 0x18, 0x00, 0x00, 0x00, 0x00, 0x00, 0xFD,
  0x03, 0xC0, 0x00, 0x00, 0x00, 0x00, 0x00, 0xE8, 0x1F, 0x00, 0x06, 0x00, 0x00, 0x00, 0x00, 0x40,
  0xFF, 0x00, 0x30, 0x00, 0x00, 0x00, 0x40, 0xFF, 0x00, 0x30, 0x00, 0x00, 0x00, 0x00, 0x00, 0xFA,
  0x07, 0x80, 0x01, 0x00, 0x00, 0x00, 0x00, 0xD0, 0x3F, 0x00, 0x0C, 0x00, 0x00, 0x00, 0x00, 0x80,
  0xFE, 0x01, 0x60, 0x00, 0x00, 0x00, 0x00, 0x00, 0xF4, 0x0F, 0x00, 0x03, 0x00, 0x00, 0x00, 0x00,
  0xA0, 0x7F, 0x00, 0x18, 0x00, 0x00, 0x00, 0x00, 0x00, 0xFD, 0x03, 0xC0, 0x00, 0x00, 0x00, 0x00,
  0x00, 0xE8, 0x1F, 0x00, 0x06, 0x00, 0x00, 0x00, 0x00, 0x40, 0xFF, 0x00, 0x30, 0x00, 0x00, 0x00,
  0x00, 0x00, 0xFA, 0x07, 0x80, 0x01, 0x00, 0x00, 0x00, 0x00, 0xD0, 0x3F, 0x00, 0x0C, 0x00, 0x00,
  0x00, 0x00, 0x80, 0xFE, 0x01, 0x60, 0x00, 0x00, 0x00, 0x00, 0x00, 0xF4, 0x0F, 0x00, 0x03, 0x00,
  0x00, 0x00, 0x00, 0xA0, 0x7F, 0x00, 0x18, 0x00, 0x00, 0x00, 0x00, 0x00, 0xFD, 0x03, 0xC0, 0x00,
  0x00, 0x00, 0x00, 0x00, 0xE8, 0x1F, 0x00, 0x06, 0x00, 0x00, 0x00, 0x00, 0x40, 0xFF, 0x00, 0x30,
  0x00, 0x00, 0x00, 0x00, 0x00, 0xFA, 0x07, 0x80, 0x01, 0x00, 0x00, 0x00, 0x00, 0xD0, 0x3F, 0x00,
  0x0C, 0x00, 0x00, 0x00, 0x00, 0x80, 0xFE, 0x01, 0x60, 0x00, 0x00, 0x00, 0x00, 0x00, 0xF4, 0x0F,
  0x00, 0x03, 0x00, 0x00, 0x00, 0x00, 0xA0, 0x7F, 0x00, 0x18, 0x00, 0x00, 0x00, 0x00, 0x00, 0xFD,
  0x03, 0xC0, 0x00, 0x00, 0x00, 0x00, 0xFD, 0xEB, 0xDF, 0x00, 0x00, 0x00, 0x00, 0x00, 0xE8, 0xFF,
  0xB9, 0x00, 0x38, 0xE7, 0x9C, 0x73, 0xCE, 0x39, 0xE7, 0x9C, 0x73, 0xCE, 0x39, 0xE7, 0x9C, 0x73,
  0xCE, 0x39, 0xE7, 0x9C, 0x73, 0xCE, 0x39, 0xE7, 0x9C, 0x73, 0xCE, 0x39, 0xE7, 0x9C, 0x73, 0xEE,
  0x73, 0xEE, 0xCF, 0x87, 0xDE, 0xEB, 0xE7, 0xFF, 0xF1, 0xD0, 0x7B, 0xFD, 0xFC, 0xFF, 0x3D, 0xF4,
  0x5E, 0x3F, 0xFF, 0xEF, 0x0F, 0x3D, 0xFD, 0xEB, 0xDF, 0x00, 0x0C, 0x00, 0x00, 0x00, 0xD0, 0x3F,
  0x00, 0x0C, 0x00, 0x00, 0x00, 0x00, 0x80, 0xFE, 0x01, 0x60, 0x00, 0x00, 0x00, 0x00, 0x00, 0xF4,
  0x0F, 0x00, 0x03, 0x00, 0x00, 0x00, 0x00, 0xA0, 0x7F, 0x00, 0x18, 0x00, 0x00, 0x00, 0x00, 0x00,
  0xFD, 0x03, 0xC0, 0x00, 0x00, 0x00, 0x00, 0x00, 0xE8, 0x1F, 0x00, 0x06, 0x00, 0x00, 0x00, 0x00,
  0x40, 0xFF, 0x00, 0x30, 0x00, 0x00, 0x00, 0x00, 0x00, 0xFA, 0x07, 0x80, 0x01, 0x00, 0x00, 0x00,
  0x00, 0xD0, 0x3F, 0x00, 0x0C, 0x00, 0x00, 0x00, 0x00, 0x80, 0xFE, 0x01, 0x60, 0x00, 0x00, 0x00,
  0x00, 0x00, 0xF4, 0x0F, 0x00, 0x03, 0x00, 0x00, 0x00, 0x00, 0xA0, 0x7F, 0x00, 0x18, 0x00, 0x00,
  0x00, 0x00, 0x00, 0xFD, 0x03, 0xC0, 0x00, 0x00, 0x00, 0x00, 0x00, 0xE8, 0x1F, 0x00, 0x06, 0x00,
  0x00, 0x00, 0x00, 0x40, 0xFF, 0x00, 0x30, 0x00, 0x00, 0x00, 0x00, 0x00, 0xFA, 0x07, 0x80, 0x01,
  0x00, 0x00, 0x00, 0x00, 0xD0, 0x3F, 0x00, 0x0C, 0x00, 0x00, 0x00, 0x00, 0x80, 0xFE, 0x01, 0x60,
  0x00, 0x00, 0x00, 0x00, 0x00, 0xF4, 0x0F, 0x00, 0x03, 0x00, 0x00, 0x00, 0x00, 0xA0, 0x7F, 0x00,
  0x18, 0x00, 0x00, 0x00, 0x00, 0x00, 0xFD, 0x03, 0xC0, 0x00, 0x00, 0x00, 0x00, 0x00, 0xE8, 0x1F,
  0x00, 0x06, 0x00, 0x00, 0x00, 0x00, 0x40, 0xFF, 0x00, 0x30, 0x00, 0x00, 0x00, 0x40, 0xFF, 0x00,
  0x30, 0x00, 0x00, 0x00, 0x00, 0x00, 0xFA, 0x07, 0x80, 0x01, 0x00, 0x00, 0x00, 0x00, 0xD0, 0x3F,
  0x00, 0x0C, 0x00, 0x00, 0x00, 0x00, 0x80, 0xFE, 0x01, 0x60, 0x00, 0x00, 0x00, 0x00, 0x00, 0xF4,
  0x0F, 0x00, 0x03, 0x00, 0x00, 0x00, 0x00, 0xA0, 0x7F, 0x00, 0x18, 0x00, 0x00, 0x00, 0x00, 0x00,
  0xFD, 0x03, 0xC0, 0x00, 0x00, 0x00, 0x00, 0x00, 0xE8, 0x1F, 0x00, 0x06, 0x00, 0x00, 0x00, 0x00,
  0x40, 0xFF, 0x00, 0x30, 0x00, 0x00, 0x00, 0x00, 0x00, 0xFA, 0x07, 0x80, 0x01, 0x00, 0x00, 0x00,
  0x00, 0xD0, 0x3F, 0x00, 0x0C, 0x00, 0x00, 0x00, 0x00, 0x80, 0xFE, 0x01, 0x60, 0x00, 0x00, 0x00,
  0x00, 0x00, 0xF4, 0x0F, 0x00, 0x03, 0x00, 0x00, 0x00, 0x00, 0xA0, 0x7F, 0x00, 0x18, 0x00, 0x00,
  0x00, 0x00, 0x00, 0xFD, 0x03, 0xC0, 0x00, 0x00, 0x00, 0x00, 0x00, 0xE8, 0x1F, 0x00, 0x06, 0x00,
  0x00, 0x00, 0x00, 0x40, 0xFF, 0x00, 0x30, 0x00, 0x00, 0x00, 0x00, 0x00, 0xFA, 0x07, 0x80, 0x01,
  0x00, 0x00, 0x00, 0x00, 0xD0, 0x3F, 0x00, 0x0C, 0x00, 0x00, 0x00, 0x00, 0x80, 0xFE, 0x01, 0x60,
  0x00, 0x00, 0x00, 0x00, 0x00, 0xF4, 0x0F, 0x00, 0x03, 0x00, 0x00, 0x00, 0x00, 0xA0, 0x7F, 0x00,
  0x18, 0x00, 0x00, 0x00, 0x00, 0x00, 0xFD, 0x03, 0xC0, 0x00, 0x00, 0x00, 0x00, 0xFD, 0xEB, 0xDF,
  0x00, 0x0C, 0x00, 0x00, 0x00, 0xD0, 0x3F, 0x00, 0x0C, 0x00, 0x00, 0x00, 0x00, 0x80, 0xFE, 0x01,
  0x60, 0x00, 0x00, 0x00, 0x00, 0x00, 0xF4, 0x0F, 0x00, 0x03, 0x00, 0x00, 0x00, 0x00, 0xA0, 0x7F,
  0x00, 0x18, 0x00, 0x00, 0x00, 0x00, 0x00, 0xFD, 0x03, 0xC0, 0x00, 0x00, 0x00, 0x00, 0x00, 0xE8,
  0x1F, 0x00, 0x06, 0x00, 0x00, 0x00, 0x00, 0x40, 0xFF, 0x00, 0x30, 0x00, 0x00, 0x00, 0x00, 0x00,
  0xFA, 0x07, 0x80, 0x01, 0x00, 0x00, 0x00, 0x00, 0xD0, 0x3F, 0x00, 0x0C, 0x00, 0x00, 0x00, 0x00,
  0x80, 0xFE, 0x01, 0x60, 0x00, 0x00, 0x00, 0x00, 0x00, 0xF4, 0x0F, 0x00, 0x03, 0x00, 0x00, 0x00,
  0x00, 0xA0, 0x7F, 0x00, 0x18, 0x00, 0x00, 0x00, 0x00, 0x00, 0xFD, 0x03, 0xC0, 0x00, 0x00, 0x00,
  0x00, 0x00, 0xE8, 0x1F, 0x00, 0x06, 0x00, 0x00, 0x00, 0x00, 0x40, 0xFF, 0x00, 0x30, 0x00, 0x00,
  0x00, 0x00, 0x00, 0xFA, 0x07, 0x80, 0x01, 0x00, 0x00, 0x00, 0x00, 0xD0, 0x3F, 0x00, 0x0C, 0x00,
  0x00, 0x00, 0x00, 0x80, 0xFE, 0x01, 0x60, 0x00, 0x00, 0x00, 0x00, 0x00, 0xF4, 0x0F, 0x00, 0x03,
  0x00, 0x00, 0x00, 0x00, 0xA0, 0x7F, 0x00, 0x18, 0x00, 0x00, 0x00, 0x00, 0x00, 0xFD, 0x03, 0xC0,
  0x00, 0x00, 0x00, 0x00, 0x00, 0xE8, 0x1F, 0x00, 0x06, 0x00, 0x00, 0x00, 0x00, 0x40, 0xFF, 0x00,
  0x30, 0x00, 0x00, 0x00, 0x40, 0xFF, 0x00, 0x30, 0x00, 0x00, 0x00, 0x00, 0x00, 0xFA, 0x07, 0x80,
  0x01, 0x00, 0x00, 0x00, 0x00, 0xD0, 0x3F, 0x00, 0x0C, 0x00, 0x00, 0x00, 0x00, 0x80, 0xFE, 0x01,
  0x60, 0x00, 0x00, 0x00, 0x00, 0x00, 0xF4, 0x0F, 0x00, 0x03, 0x00, 0x00, 0x00, 0x00, 0xA0, 0x7F,
  0x00, 0x18, 0x00, 0x00, 0x00, 0x00, 0x00, 0xFD, 0x03, 0xC0, 0x00, 0x00, 0x00, 0x00, 0x00, 0xE8,
  0x1F, 0x00, 0x06, 0x00, 0x00, 0x00, 0x00, 0x40, 0xFF, 0x00, 0x30, 0x00, 0x00, 0x00, 0x00, 0x00,
  0xFA, 0x07, 0x80, 0x01, 0x00, 0x00, 0x00, 0x00, 0xD0, 0x3F, 0x00, 0x0C, 0x00, 0x00, 0x00, 0x00,
  0x80, 0xFE, 0x01, 0x60, 0x00, 0x00, 0x00, 0x00, 0x00, 0xF4, 0x0F, 0x00, 0x03, 0x00, 0x00, 0x00,
  0x00, 0xA0, 0x7F, 0x00, 0x18, 0x00, 0x00, 0x00, 0x00, 0x00, 0xFD, 0x03, 0xC0, 0x00, 0x00, 0x00,
  0x00, 0x00, 0xE8, 0x1F, 0x00, 0x06, 0x00, 0x00, 0x00, 0x00, 0x40, 0xFF, 0x00, 0x30, 0x00, 0x00,
  0x00, 0x00, 0x00, 0xFA, 0x07, 0x80, 0x01, 0x00, 0x00, 0x00, 0x00, 0xD0, 0x3F, 0x00, 0x0C, 0x00,
  0x00, 0x00, 0x00, 0x80, 0xFE, 0x01, 0x60, 0x00, 0x00, 0x00, 0x00, 0x00, 0xF4, 0x0F, 0x00, 0x03,
  0x00, 0x00, 0x00, 0x00, 0xA0, 0x7F, 0x00, 0x18, 0x00, 0x00, 0x00, 0x00, 0x00, 0xFD, 0x03, 0xC0,
  0x00, 0x00, 0x00, 0x00, 0xFD, 0xEB, 0xDF, 0x00, 0x00, 0x00, 0x00, 0x00, 0xE8, 0x1F, 0x00, 0x91,
  0x3F, 0xAC, 0xF7, 0xEB, 0xBE, 0xFE, 0x6B, 0x70, 0xD1, 0xEF, 0x6B, 0xF5, 0x00, 0x8E, 0xBE, 0xBF,
  0xE8, 0xAF, 0xCB, 0x7E, 0xDD, 0x59, 0x5F, 0x7F, 0x16, 0x00, 0x47, 0xDF, 0x5F, 0xF7, 0xF5, 0xA3,
  0x9F, 0x3F, 0xFA, 0x7D, 0xAD, 0x06, 0xE0, 0xE8, 0xFB, 0x8B, 0xBE, 0xEE, 0xE8, 0xD7, 0x45, 0x5F,
  0x37, 0xFA, 0xBE, 0x56, 0x03, 0x50, 0xED, 0x73, 0xD4, 0xE9, 0x6E, 0xFD, 0x47, 0xDF, 0xFF, 0x3B,
  0xF5, 0x0F, 0x00, 0x00, 0x00, 0x00, 0x00, 0x00, 0x00, 0x00, 0x00, 0x00, 0x00, 0x00, 0x00, 0x00,
  0x00, 0x00, 0x00, 0x00, 0x00, 0x00, 0x00, 0x00, 0x00, 0x00, 0x00, 0x00, 0x00, 0x00, 0x00, 0x00,
  0x00, 0x00, 0x00, 0x00, 0x00, 0x00, 0x00, 0x00, 0x00, 0x00, 0x00, 0x00, 0x00, 0x00, 0x00, 0x00,
  0x00, 0x00, 0x00, 0x00, 0x00, 0x00, 0x00, 0x00, 0x00, 0x80, 0xFD, 0x00, 0x88, 0x3E, 0xE8, 0xCF,
  0x7A, 0xFD, 0xD1, 0x70, 0x56, 0x0D, 0x20, 0xFA, 0x00, 0x1F, 0x0D, 0xE1, 0xAA, 0xAF, 0xDF, 0x05,
  0x20, 0xFA, 0xA0, 0x3F, 0xEB, 0xF5, 0x47, 0x70, 0xAC, 0x02, 0x60, 0xF4, 0x9A, 0xEE, 0x83, 0xBA,
  0xFA, 0xF5, 0xB3, 0x50, 0x54, 0x01, 0xA8, 0xF6, 0x19, 0xED, 0x74, 0xB7, 0xFE, 0xB3, 0x3D, 0xDE,
  0xA1, 0x7F, 0x00, 0x00, 0x00, 0x00, 0x00, 0x00, 0x00, 0x00, 0x00, 0x00, 0x00, 0x00, 0x00, 0x00,
  0x00, 0x00, 0x00, 0x00, 0x00, 0x00, 0x00, 0x00, 0x00, 0x00, 0x00, 0x00, 0x00, 0x00, 0x00, 0x00,
  0x00, 0x00, 0x00, 0x00, 0x00, 0x00, 0x00, 0x00, 0x00, 0x00, 0x00, 0x00, 0x00, 0x00, 0x00, 0x00,
  0x00, 0x00, 0x00, 0x00, 0x00, 0x00, 0x00, 0x00, 0x00, 0x00, 0x3C, 0x0F, 0x80, 0xEE, 0x1B, 0x36,
  0x6B, 0x60, 0x57, 0x0D, 0x60, 0xD5, 0x1B, 0x3C, 0xEB, 0xBF, 0xAF, 0x06, 0xA0, 0xFA, 0xD0, 0xED,
  0x02, 0x70, 0xD6, 0x07, 0xC1, 0x3A, 0x0F, 0xD8, 0x19, 0x80, 0xCC, 0x02, 0x68, 0x15, 0x00, 0xDD,
  0xFF, 0xD1, 0xDB, 0xAD, 0xFF, 0xEC, 0x07, 0xBB, 0xEE, 0xD0, 0x3F, 0x00, 0x00, 0x00, 0x00, 0x00,
  0x00, 0x00, 0x00, 0x00, 0x00, 0x00, 0x00, 0x00, 0x00, 0x00, 0x00, 0x00, 0x00, 0x00, 0x00, 0x00,
  0x00, 0x00, 0x00, 0x00, 0x00, 0x00, 0x00, 0x00, 0x00, 0x00, 0x00, 0x00, 0x00, 0x00, 0x00, 0x00,
  0x00, 0x00, 0x00, 0x00, 0x00, 0x00, 0x00, 0x00, 0x00, 0x00, 0x00, 0x00, 0x00, 0x00, 0x00, 0x00,
  0x00, 0x00, 0x00, 0x00, 0x30, 0x7A, 0xE3, 0x8F, 0xFE, 0xF9, 0xE8, 0xAA, 0xE0, 0x7C, 0x1A, 0x00,
  0xD1, 0xC1, 0x7C, 0x2A, 0x00, 0xD1, 0x0F, 0x74, 0x65, 0x3F, 0xE0, 0x75, 0x77, 0x00, 0xB2, 0x1F,
  0xE8, 0xCA, 0x7E, 0xC0, 0xEB, 0x6E, 0x00, 0x64, 0x1F, 0xF4, 0xBB, 0xF7, 0x1F, 0xFD, 0xE0, 0xD8,
  0x95, 0xFD, 0x03, 0x00, 0x00, 0x00, 0x00, 0x00, 0x00, 0x00, 0x00, 0x00, 0x00, 0x00, 0x00, 0x00,
  0x00, 0x00, 0x00, 0x00, 0x00, 0x00, 0x00, 0x00, 0x00, 0x00, 0x00, 0x00, 0x00, 0x00, 0x00, 0x00,
  0x00, 0x00, 0x00, 0x00, 0x00, 0x00, 0x00, 0x00, 0x00, 0x00, 0x00, 0x00, 0x00, 0x00, 0x00, 0x00,
  0x00, 0x00, 0x00, 0x00, 0x00, 0x00, 0x00, 0x00, 0x00, 0x00, 0x00, 0x00, 0xA3, 0x37, 0x30, 0x0B,
  0xC4, 0x53, 0x00, 0xE8, 0x7E, 0xF0, 0xE4, 0xAE, 0x00, 0x64, 0x3F, 0xC8, 0x95, 0xFD, 0xFD, 0x3E,
  0x05, 0x80, 0xA3, 0xAF, 0x37, 0xFA, 0xE7, 0x4F, 0x05, 0x20, 0xFA, 0x60, 0xDF, 0xBD, 0xFF, 0x6C,
  0xEF, 0x57, 0xF4, 0x0F, 0x00, 0x00, 0x00, 0x00, 0x00, 0x00, 0x00, 0x00, 0x00, 0x00, 0x00, 0x00,
  0x00, 0x00, 0x00, 0x00, 0x00, 0x00, 0x00, 0x00, 0x00, 0x00, 0x00, 0x00, 0x00, 0x00, 0x00, 0x00,
  0x00, 0x00, 0x00, 0x00, 0x00, 0x00, 0x00, 0x00, 0x00, 0x00, 0x00, 0x00, 0x00, 0x00, 0x00, 0x00,
  0x00, 0x00, 0x00, 0x00, 0x00, 0x00, 0x00, 0x00, 0x00, 0x00, 0x00, 0x80, 0xE7, 0x01, 0x90, 0x7D,
  0x03, 0xA3, 0xAF, 0xFF, 0x94, 0x0F, 0x82, 0xAC, 0xFA, 0xEF, 0x9F, 0xF2, 0x41, 0xB0, 0xD1, 0x07,
  0xBC, 0xBA, 0x1F, 0x10, 0xBB, 0x3B, 0x00, 0xD9, 0x07, 0x78, 0xF4, 0xF5, 0x9F, 0xF2, 0x41, 0xB0,
  0x6E, 0xA7, 0xBB, 0xF5, 0x3F, 0xEB, 0xF5, 0x1F, 0xF3, 0x41, 0x30, 0x00, 0x00, 0x00, 0x00, 0x00,
  0x00, 0x00, 0x00, 0x00, 0x00, 0x00, 0x00, 0x00, 0x00, 0x00, 0x00, 0x00, 0x00, 0x00, 0x00, 0x00,
  0x00, 0x00, 0x00, 0x00, 0x00, 0x00, 0x00, 0x00, 0x00, 0x00, 0x00, 0x00, 0x00, 0x00, 0x00, 0x00,
  0x00, 0x00, 0x00, 0x00, 0x00, 0x00, 0x00, 0x00, 0x00, 0x00, 0x00, 0x00, 0x00, 0x00, 0x00, 0x00,
  0x00, 0x00, 0x00, 0xDC, 0x12, 0x80, 0xD1, 0x07, 0x3C, 0xBA, 0xAF, 0xAF, 0x0E, 0x2C, 0xFB, 0xFD,
  0x54, 0x07, 0xF0, 0xCB, 0x1F, 0xD6, 0xDB, 0x75, 0x5F, 0xDF, 0x05, 0x22, 0xFA, 0xFD, 0x54, 0x01,
  0x18, 0xFD, 0xC5, 0x2D, 0xD9, 0xBF, 0xE0, 0x25, 0xFB, 0xC1, 0xAF, 0xEC, 0xEF, 0x33, 0x1B, 0x80,
  0xD1, 0x5F, 0xDC, 0xD2, 0x7D, 0x7D, 0x16, 0x8C, 0xEA, 0xF7, 0x53, 0x05, 0x60, 0x56, 0x6F, 0xFA,
  0xBF, 0x6F, 0xFF, 0x00, 0x00, 0x00, 0x00, 0x00, 0x00, 0x00, 0x00, 0x00, 0x00, 0x00, 0x00, 0x00,
  0x00, 0x00, 0x00, 0x00, 0x00, 0x00, 0x00, 0x00, 0x00, 0x00, 0x00, 0x00, 0x00, 0x00, 0x00, 0x00,
  0x00, 0x00, 0x00, 0x00, 0x00, 0x00, 0x00, 0x00, 0x00, 0x00, 0x00, 0x00, 0x00, 0x00, 0x00, 0x00,
  0x00, 0x00, 0x00, 0x00, 0x00, 0x00, 0x00, 0x00, 0x00, 0x00, 0x00, 0xD8, 0x17, 0x80, 0x1D, 0xAF,
  0xF3, 0x21, 0x8A, 0x1D, 0xAE, 0xF2, 0xD0, 0xDC, 0xE9, 0x2A, 0x0F, 0xCD, 0x9D, 0x4E, 0xFF, 0xFA,
  0x37, 0x00, 0x03, 0x00, 0x00, 0x00, 0xF4, 0x0F, 0x00, 0x03, 0x00, 0x00, 0x00, 0x00, 0xA0, 0x7F,
  0x00, 0x18, 0x00, 0x00, 0x00, 0x00, 0x00, 0xFD, 0x03, 0xC0, 0x00, 0x00, 0x00, 0x00, 0x00, 0xE8,
  0x1F, 0x00, 0x06, 0x00, 0x00, 0x00, 0x00, 0x40, 0xFF, 0x00, 0x30, 0x00, 0x00, 0x00, 0x00, 0x00,
  0xFA, 0x07, 0x80, 0x01, 0x00, 0x00, 0x00, 0x00, 0xD0, 0x3F, 0x00, 0x0C, 0x00, 0x00, 0x00, 0x00,
  0x80, 0xFE, 0x01, 0x60, 0x00, 0x00, 0x00, 0x00, 0x00, 0xF4, 0x0F, 0x00, 0x03, 0x00, 0x00, 0x00,
  0x00, 0xA0, 0x7F, 0x00, 0x18, 0x00, 0x00, 0x00, 0x00, 0x00, 0xFD, 0x03, 0xC0, 0x00, 0x00, 0x00,
  0x00, 0x00, 0xE8, 0x1F, 0x00, 0x06, 0x00, 0x00, 0x00, 0x00, 0x40, 0xFF, 0x00, 0x30, 0x00, 0x00,
  0x00, 0x00, 0x00, 0xFA, 0x07, 0x80, 0x01, 0x00, 0x00, 0x00, 0x00, 0xD0, 0x3F, 0x00, 0x0C, 0x00,
  0x00, 0x00, 0x00, 0x80, 0xFE, 0x01, 0x60, 0x00, 0x00, 0x00, 0x00, 0x00, 0xF4, 0x0F, 0x00, 0x03,
  0x00, 0x00, 0x00, 0x00, 0xA0, 0x7F, 0x00, 0x18, 0x00, 0x00, 0x00, 0x00, 0x00, 0xFD, 0x03, 0xC0,
  0x00, 0x00, 0x00, 0x00, 0x00, 0xE8, 0x1F, 0x00, 0x06, 0x00, 0x00, 0x00, 0x00, 0x40, 0xFF, 0x00,
  0x30, 0x00, 0x00, 0x00, 0x00, 0x00, 0xFA, 0x07, 0x80, 0x01, 0x00, 0x00, 0x00, 0x00, 0xD0, 0x3F,
  0x00, 0x0C, 0x00, 0x00, 0x00, 0xD0, 0x3F, 0x00, 0x0C, 0x00, 0x00, 0x00, 0x00, 0x80, 0xFE, 0x01,
  0x60, 0x00, 0x00, 0x00, 0x00, 0x00, 0xF4, 0x0F, 0x00, 0x03, 0x00, 0x00, 0x00, 0x00, 0xA0, 0x7F,
  0x00, 0x18, 0x00, 0x00, 0x00, 0x00, 0x00, 0xFD, 0x03, 0xC0, 0x00, 0x00, 0x00, 0x00, 0x00, 0xE8,
  0x1F, 0x00, 0x06, 0x00, 0x00, 0x00, 0x00, 0x40, 0xFF, 0x00, 0x30, 0x00, 0x00, 0x00, 0x00, 0x00,
  0xFA, 0x07, 0x80, 0x01, 0x00, 0x00, 0x00, 0x00, 0xD0, 0x3F, 0x00, 0x0C, 0x00, 0x00, 0x00, 0x00,
  0x80, 0xFE, 0x01, 0x60, 0x00, 0x00, 0x00, 0x00, 0x00, 0xF4, 0x0F, 0x00, 0x03, 0x00, 0x00, 0x00,
  0x00, 0xA0, 0x7F, 0x00, 0x18, 0x00, 0x00, 0x00, 0x00, 0x00, 0xFD, 0x03, 0xC0, 0x00, 0x00, 0x00,
  0x00, 0x00, 0xE8, 0x1F, 0x00, 0x06, 0x00, 0x00, 0x00, 0x00, 0x40, 0xFF, 0x00, 0x30, 0x00, 0x00,
  0x00, 0x00, 0x00, 0xFA, 0x07, 0x80, 0x01, 0x00, 0x00, 0x00, 0x00, 0xD0, 0x3F, 0x00, 0x0C, 0x00,
  0x00, 0x00, 0x00, 0x80, 0xFE, 0x01, 0x60, 0x00, 0x00, 0x00, 0x00, 0x00, 0xF4, 0x0F, 0x00, 0x03,
  0x00, 0x00, 0x00, 0x00, 0xA0, 0x7F, 0x00, 0x18, 0x00, 0x00, 0x00, 0x00, 0x00, 0xFD, 0x03, 0xC0,
  0x00, 0x00, 0x00, 0x00, 0x00, 0xE8, 0x1F, 0x00, 0x06, 0x00, 0x00, 0x00, 0x00, 0x40, 0xFF, 0x00,
  0x30, 0x00, 0x00, 0x00, 0x40, 0xFF, 0xFA, 0x37, 0x00, 0x03, 0x00, 0x00, 0x00, 0xF4, 0x0F, 0x00,
  0x03, 0x00, 0x00, 0x00, 0x00, 0xA0, 0x7F, 0x00, 0x18, 0x00, 0x00, 0x00, 0x00, 0x00, 0xFD, 0x03,
  0xC0, 0x00, 0x00, 0x00, 0x00, 0x00, 0xE8, 0x1F, 0x00, 0x06, 0x00, 0x00, 0x00, 0x00, 0x40, 0xFF,
  0x00, 0x30, 0x00, 0x00, 0x00, 0x00, 0x00, 0xFA, 0x07, 0x80, 0x01, 0x00, 0x00, 0x00, 0x00, 0xD0,
  0x3F, 0x00, 0x0C, 0x00, 0x00, 0x00, 0x00, 0x80, 0xFE, 0x01, 0x60, 0x00, 0x00, 0x00, 0x00, 0x00,
  0xF4, 0x0F, 0x00, 0x03, 0x00, 0x00, 0x00, 0x00, 0xA0, 0x7F, 0x00, 0x18, 0x00, 0x00, 0x00, 0x00,
  0x00, 0xFD, 0x03, 0xC0, 0x00, 0x00, 0x00, 0x00, 0x00, 0xE8, 0x1F, 0x00, 0x06, 0x00, 0x00, 0x00,
  0x00, 0x40, 0xFF, 0x00, 0x30, 0x00, 0x00, 0x00, 0x00, 0x00, 0xFA, 0x07, 0x80, 0x01, 0x00, 0x00,
  0x00, 0x00, 0xD0, 0x3F, 0x00, 0x0C, 0x00, 0x00, 0x00, 0x00, 0x80, 0xFE, 0x01, 0x60, 0x00, 0x00,
  0x00, 0x00, 0x00, 0xF4, 0x0F, 0x00, 0x03, 0x00, 0x00, 0x00, 0x00, 0xA0, 0x7F, 0x00, 0x18, 0x00,
  0x00, 0x00, 0x00, 0x00, 0xFD, 0x03, 0xC0, 0x00, 0x00, 0x00, 0x00, 0x00, 0xE8, 0x1F, 0x00, 0x06,
  0x00, 0x00, 0x00, 0x00, 0x40, 0xFF, 0x00, 0x30, 0x00, 0x00, 0x00, 0x00, 0x00, 0xFA, 0x07, 0x80,
  0x01, 0x00, 0x00, 0x00, 0x00, 0xD0, 0x3F, 0x00, 0x0C, 0x00, 0x00, 0x00, 0xD0, 0x3F, 0x00, 0x0C,
  0x00, 0x00, 0x00, 0x00, 0x80, 0xFE, 0x01, 0x60, 0x00, 0x00, 0x00, 0x00, 0x00, 0xF4, 0x0F, 0x00,
  0x03, 0x00, 0x00, 0x00, 0x00, 0xA0, 0x7F, 0x00, 0x18, 0x00, 0x00, 0x00, 0x00, 0x00, 0xFD, 0x03,
  0xC0, 0x00, 0x00, 0x00, 0x00, 0x00, 0xE8, 0x1F, 0x00, 0x06, 0x00, 0x00, 0x00, 0x00, 0x40, 0xFF,
  0x00, 0x30, 0x00, 0x00, 0x00, 0x00, 0x00, 0xFA, 0x07, 0x80, 0x01, 0x00, 0x00, 0x00, 0x00, 0xD0,
  0x3F, 0x00, 0x0C, 0x00, 0x00, 0x00, 0x00, 0x80, 0xFE, 0x01, 0x60, 0x00, 0x00, 0x00, 0x00, 0x00,
  0xF4, 0x0F, 0x00, 0x03, 0x00, 0x00, 0x00, 0x00, 0xA0, 0x7F, 0x00, 0x18, 0x00, 0x00, 0x00, 0x00,
  0x00, 0xFD, 0x03, 0xC0, 0x00, 0x00, 0x00, 0x00, 0x00, 0xE8, 0x1F, 0x00, 0x06, 0x00, 0x00, 0x00,
  0x00, 0x40, 0xFF, 0x00, 0x30, 0x00, 0x00, 0x00, 0x00, 0x00, 0xFA, 0x07, 0x80, 0x01, 0x00, 0x00,
  0x00, 0x00, 0xD0, 0x3F, 0x00, 0x0C, 0x00, 0x00, 0x00, 0x00, 0x80, 0xFE, 0x01, 0x60, 0x00, 0x00,
  0x00, 0x00, 0x00, 0xF4, 0x0F, 0x00, 0x03, 0x00, 0x00, 0x00, 0x00, 0xA0, 0x7F, 0x00, 0x18, 0x00,
  0x00, 0x00, 0x00, 0x00, 0xFD, 0x03, 0xC0, 0x00, 0x00, 0x00, 0x00, 0x00, 0xE8, 0x1F, 0x00, 0x06,
  0x00, 0x00, 0x00, 0x00, 0x40, 0xFF, 0x00, 0x30, 0x00, 0x00, 0x00, 0x40, 0xFF, 0xFA, 0x37, 0x00,
  0x00, 0x00, 0x00, 0x00, 0xFA, 0x7F, 0x2E, 0x00, 0xCE, 0x39, 0xE7, 0x9C, 0x73, 0xCE, 0x39, 0xE7,
  0x9C, 0x73, 0xCE, 0x39, 0xE7, 0x9C, 0x73, 0xCE, 0x39, 0xE7, 0x9C, 0x73, 0xCE, 0x39, 0xE7, 0x9C,
  0x73, 0xCE, 0x39, 0xE7, 0x9C, 0xFB, 0x9C, 0xFB, 0xF7, 0xA1, 0xF7, 0xFA, 0xF9, 0x7F, 0x7B, 0xE8,
  0xBD, 0x7E, 0xFE, 0x3F, 0x1E, 0x7A, 0xAF, 0x9F, 0xFF, 0xEF, 0x87, 0x9E, 0xFE, 0xF5, 0x6F, 0x00,
  0x06, 0x00, 0x00, 0x00, 0xE8, 0x1F, 0x00, 0x06, 0x00, 0x00, 0x00, 0x00, 0x40, 0xFF, 0x00, 0x30,
  0x00, 0x00, 0x00, 0x00, 0x00, 0xFA, 0x07, 0x80, 0x01, 0x00, 0x00, 0x00, 0x00, 0xD0, 0x3F, 0x00,
  0x0C, 0x00, 0x00, 0x00, 0x00, 0x80, 0xFE, 0x01, 0x60, 0x00, 0x00, 0x00, 0x00, 0x00, 0xF4, 0x0F,
  0x00, 0x03, 0x00, 0x00, 0x00, 0x00, 0xA0, 0x7F, 0x00, 0x18, 0x00, 0x00, 0x00, 0x00, 0x00, 0xFD,
  0x03, 0xC0, 0x00, 0x00, 0x00, 0x00, 0x00, 0xE8, 0x1F, 0x00, 0x06, 0x00, 0x00, 0x00, 0x00, 0x40,
  0xFF, 0x00, 0x30, 0x00, 0x00, 0x00, 0x00, 0x00, 0xFA, 0x07, 0x80, 0x01, 0x00, 0x00, 0x00, 0x00,
  0xD0, 0x3F, 0x00, 0x0C, 0x00, 0x00, 0x00, 0x00, 0x80, 0xFE, 0x01, 0x60, 0x00, 0x00, 0x00, 0x00,
  0x00, 0xF4, 0x0F, 0x00, 0x03, 0x00, 0x00, 0x00, 0x00, 0xA0, 0x7F, 0x00, 0x18, 0x00, 0x00, 0x00,
  0x00, 0x00, 0xFD, 0x03, 0xC0, 0x00, 0x00, 0x00, 0x00, 0x00, 0xE8, 0x1F, 0x00, 0x06, 0x00, 0x00,
  0x00, 0x00, 0x40, 0xFF, 0x00, 0x30, 0x00, 0x00, 0x00, 0x00, 0x00, 0xFA, 0x07, 0x80, 0x01, 0x00,
  0x00, 0x00, 0x00, 0xD0, 0x3F, 0x00, 0x0C, 0x00, 0x00, 0x00, 0x00, 0x80, 0xFE, 0x01, 0x60, 0x00,
  0x00, 0x00, 0x00, 0x00, 0xF4, 0x0F, 0x00, 0x03, 0x00, 0x00, 0x00, 0x00, 0xA0, 0x7F, 0x00, 0x18,
  0x00, 0x00, 0x00, 0xA0, 0x7F, 0x00, 0x18, 0x00, 0x00, 0x00, 0x00, 0x00, 0xFD, 0x03, 0xC0, 0x00,
  0x00, 0x00, 0x00, 0x00, 0xE8, 0x1F, 0x00, 0x06, 0x00, 0x00, 0x00, 0x00, 0x40, 0xFF, 0x00, 0x30,
  0x00, 0x00, 0x00, 0x00, 0x00, 0xFA, 0x07, 0x80, 0x01, 0x00, 0x00, 0x00, 0x00, 0xD0, 0x3F, 0x00,
  0x0C, 0x00, 0x00, 0x00, 0x00, 0x80, 0xFE, 0x01, 0x60, 0x00, 0x00, 0x00, 0x00, 0x00, 0xF4, 0x0F,
  0x00, 0x03, 0x00, 0x00, 0x00, 0x00, 0xA0, 0x7F, 0x00, 0x18, 0x00, 0x00, 0x00, 0x00, 0x00, 0xFD,
  0x03, 0xC0, 0x00, 0x00, 0x00, 0x00, 0x00, 0xE8, 0x1F, 0x00, 0x06, 0x00, 0x00, 0x00, 0x00, 0x40,
  0xFF, 0x00, 0x30, 0x00, 0x00, 0x00, 0x00, 0x00, 0xFA, 0x07, 0x80, 0x01, 0x00, 0x00, 0x00, 0x00,
  0xD0, 0x3F, 0x00, 0x0C, 0x00, 0x00, 0x00, 0x00, 0x80, 0xFE, 0x01, 0x60, 0x00, 0x00, 0x00, 0x00,
  0x00, 0xF4, 0x0F, 0x00, 0x03, 0x00, 0x00, 0x00, 0x00, 0xA0, 0x7F, 0x00, 0x18, 0x00, 0x00, 0x00,
  0x00, 0x00, 0xFD, 0x03, 0xC0, 0x00, 0x00, 0x00, 0x00, 0x00, 0xE8, 0x1F, 0x00, 0x06, 0x00, 0x00,
  0x00, 0x00, 0x40, 0xFF, 0x00, 0x30, 0x00, 0x00, 0x00, 0x00, 0x00, 0xFA, 0x07, 0x80, 0x01, 0x00,
  0x00, 0x00, 0x00, 0xD0, 0x3F, 0x00, 0x0C, 0x00, 0x00, 0x00, 0x00, 0x80, 0xFE, 0x01, 0x60, 0x00,
  0x00, 0x00, 0x80, 0xFE, 0xF5, 0x6F, 0x00, 0x06, 0x00, 0x00, 0x00, 0xE8, 0x1F, 0x00, 0x06, 0x00,
  0x00, 0x00, 0x00, 0x40, 0xFF, 0x00, 0x30, 0x00, 0x00, 0x00, 0x00, 0x00, 0xFA, 0x07, 0x80, 0x01,
  0x00, 0x00, 0x00, 0x00, 0xD0, 0x3F, 0x00, 0x0C, 0x00, 0x00, 0x00, 0x00, 0x80, 0xFE, 0x01, 0x60,
  0x00, 0x00, 0x00, 0x00, 0x00, 0xF4, 0x0F, 0x00, 0x03, 0x00, 0x00, 0x00, 0x00, 0xA0, 0x7F, 0x00,
  0x18, 0x00, 0x00, 0x00, 0x00, 0x00, 0xFD, 0x03, 0xC0, 0x00, 0x00, 0x00, 0x00, 0x00, 0xE8, 0x1F,
  0x00, 0x06, 0x00, 0x00, 0x00, 0x00, 0x40, 0xFF, 0x00, 0x30, 0x00, 0x00, 0x00, 0x00, 0x00, 0xFA,
  0x07, 0x80, 0x01, 0x00, 0x00, 0x00, 0x00, 0xD0, 0x3F, 0x00, 0x0C, 0x00, 0x00, 0x00, 0x00, 0x80,
  0xFE, 0x01, 0x60, 0x00, 0x00, 0x00, 0x00, 0x00, 0xF4, 0x0F, 0x00, 0x03, 0x00, 0x00, 0x00, 0x00,
  0xA0, 0x7F, 0x00, 0x18, 0x00, 0x00, 0x00, 0x00, 0x00, 0xFD, 0x03, 0xC0, 0x00, 0x00, 0x00, 0x00,
  0x00, 0xE8, 0x1F, 0x00, 0x06, 0x00, 0x00, 0x00, 0x00, 0x40, 0xFF, 0x00, 0x30, 0x00, 0x00, 0x00,
  0x00, 0x00, 0xFA, 0x07, 0x80, 0x01, 0x00, 0x00, 0x00, 0x00, 0xD0, 0x3F, 0x00, 0x0C, 0x00, 0x00,
  0x00, 0x00, 0x80, 0xFE, 0x01, 0x60, 0x00, 0x00, 0x00, 0x00, 0x00, 0xF4, 0x0F, 0x00, 0x03, 0x00,
  0x00, 0x00, 0x00, 0xA0, 0x7F, 0x00, 0x18, 0x00, 0x00, 0x00, 0xA0, 0x7F, 0x00, 0x18, 0x00, 0x00,
  0x00, 0x00, 0x00, 0xFD, 0x03, 0xC0, 0x00, 0x00, 0x00, 0x00, 0x00, 0xE8, 0x1F, 0x00, 0x06, 0x00,
  0x00, 0x00, 0x00, 0x40, 0xFF, 0x00, 0x30, 0x00, 0x00, 0x00, 0x00, 0x00, 0xFA, 0x07, 0x80, 0x01,
  0x00, 0x00, 0x00, 0x00, 0xD0, 0x3F, 0x00, 0x0C, 0x00, 0x00, 0x00, 0x00, 0x80, 0xFE, 0x01, 0x60,
  0x00, 0x00, 0x00, 0x00, 0x00, 0xF4, 0x0F, 0x00, 0x03, 0x00, 0x00, 0x00, 0x00, 0xA0, 0x7F, 0x00,
  0x18, 0x00, 0x00, 0x00, 0x00, 0x00, 0xFD, 0x03, 0xC0, 0x00, 0x00, 0x00, 0x00, 0x00, 0xE8, 0x1F,
  0x00, 0x06, 0x00, 0x00, 0x00, 0x00, 0x40, 0xFF, 0x00, 0x30, 0x00, 0x00, 0x00, 0x00, 0x00, 0xFA,
  0x07, 0x80, 0x01, 0x00, 0x00, 0x00, 0x00, 0xD0, 0x3F, 0x00, 0x0C, 0x00, 0x00, 0x00, 0x00, 0x80,
  0xFE, 0x01, 0x60, 0x00, 0x00, 0x00, 0x00, 0x00, 0xF4, 0x0F, 0x00, 0x03, 0x00, 0x00, 0x00, 0x00,
  0xA0, 0x7F, 0x00, 0x18, 0x00, 0x00, 0x00, 0x00, 0x00, 0xFD, 0x03, 0xC0, 0x00, 0x00, 0x00, 0x00,
  0x00, 0xE8, 0x1F, 0x00, 0x06, 0x00, 0x00, 0x00, 0x00, 0x40, 0xFF, 0x00, 0x30, 0x00, 0x00, 0x00,
  0x00, 0x00, 0xFA, 0x07, 0x80, 0x01, 0x00, 0x00, 0x00, 0x00, 0xD0, 0x3F, 0x00, 0x0C, 0x00, 0x00,
  0x00, 0x00, 0x80, 0xFE, 0x01, 0x60, 0x00, 0x00, 0x00, 0x80, 0xFE, 0xF5, 0x6F, 0x00, 0x00, 0x00,
  0x00, 0x00, 0xF4, 0x0F, 0x80, 0xC8, 0x1F, 0xD6, 0xFB, 0x75, 0x5F, 0xFF, 0x35, 0xB8, 0x59, 0xDF,
  0x4F, 0x77, 0x00, 0x47, 0xBF, 0x5F, 0xF4, 0xD7, 0x65, 0xBF, 0x6E, 0xF5, 0xD7, 0xAD, 0x02, 0xE0,
  0xE8, 0xF7, 0xEB, 0xBE, 0x7E, 0xF4, 0xF3, 0xCF, 0xFA, 0x7E, 0xBA, 0x00, 0x1C, 0xFD, 0x7E, 0xD1,
  0xD7, 0x1D, 0xFD, 0xBA, 0xE8, 0xEB, 0xAA, 0xDF, 0xCF, 0x2C, 0x00, 0xBA, 0xBD, 0x3D, 0xA5, 0xFF,
  0xE8, 0xFB, 0x7F, 0xA7, 0xFE, 0x01, 0x00, 0x00, 0x00, 0x00, 0x00, 0x00, 0x00, 0x00, 0x00, 0x00,
  0x00, 0x00, 0x00, 0x00, 0x00, 0x00, 0x00, 0x00, 0x00, 0x00, 0x00, 0x00, 0x00, 0x00, 0x00, 0x00,
  0x00, 0x00, 0x00, 0x00, 0x00, 0x00, 0x00, 0x00, 0x00, 0x00, 0x00, 0x00, 0x00, 0x00, 0x00, 0x00,
  0x00, 0x00, 0x00, 0x00, 0x00, 0x00, 0x00, 0x00, 0x00, 0x00, 0x00, 0x00, 0x00, 0xB0, 0x1F, 0x00,
  0xD1, 0x37, 0xE2, 0xAE, 0xAF, 0xEF, 0x0E, 0x20, 0xFA, 0x46, 0x8C, 0xDE, 0xA0, 0x59, 0x5F, 0xBF,
  0xFB, 0xF5, 0xB2, 0x00, 0x44, 0x1F, 0xC4, 0x77, 0x7D, 0x7D, 0x17, 0x80, 0xE8, 0x83, 0x38, 0xFA,
  0xB0, 0xED, 0x7E, 0xFD, 0x59, 0xDF, 0x4F, 0x14, 0x80, 0x6E, 0x6F, 0xD1, 0xFF, 0x01, 0xDC, 0xA5,
  0xFF, 0xEC, 0x83, 0xF8, 0x0E, 0xFD, 0x03, 0x00, 0x00, 0x00, 0x00, 0x00, 0x00, 0x00, 0x00, 0x00,
  0x00, 0x00, 0x00, 0x00, 0x00, 0x00, 0x00, 0x00, 0x00, 0x00, 0x00, 0x00, 0x00, 0x00, 0x00, 0x00,
  0x00, 0x00, 0x00, 0x00, 0x00, 0x00, 0x00, 0x00, 0x00, 0x00, 0x00, 0x00, 0x00, 0x00, 0x00, 0x00,
  0x00, 0x00, 0x00, 0x00, 0x00, 0x00, 0x00, 0x00, 0x00, 0x00, 0x00, 0x00, 0x00, 0x00, 0xE0, 0x79,
  0x00, 0x54, 0x3F, 0xF0, 0xB1, 0xE2, 0x0D, 0xBD, 0x62, 0x00, 0xB3, 0xDF, 0xE0, 0xEE, 0xEF, 0x7F,
  0x36, 0x00, 0xD5, 0xBF, 0x84, 0x65, 0xC5, 0x03, 0xFD, 0x0A, 0x00, 0xAA, 0x0F, 0xFE, 0x15, 0x0F,
  0xF4, 0x2B, 0x00, 0xE8, 0x3E, 0xB8, 0x77, 0xEB, 0x3F, 0xFB, 0xC1, 0xAE, 0x3B, 0xF4, 0x0F, 0x00,
  0x00, 0x00, 0x00, 0x00, 0x00, 0x00, 0x00, 0x00, 0x00, 0x00, 0x00, 0x00, 0x00, 0x00, 0x00, 0x00,
  0x00, 0x00, 0x00, 0x00, 0x00, 0x00, 0x00, 0x00, 0x00, 0x00, 0x00, 0x00, 0x00, 0x00, 0x00, 0x00,
  0x00, 0x00, 0x00, 0x00, 0x00, 0x00, 0x00, 0x00, 0x00, 0x00, 0x00, 0x00, 0x00, 0x00, 0x00, 0x00,
  0x00, 0x00, 0x00, 0x00, 0x00, 0x00, 0x00, 0x00, 0x8C, 0xDE, 0xF8, 0xA3, 0x7F, 0x3E, 0xBA, 0x15,
  0x6F, 0xFC, 0x1D, 0x01, 0x88, 0x0E, 0x66, 0xE6, 0xF7, 0x79, 0x26, 0x00, 0x47, 0x5F, 0x67, 0xF4,
  0xF3, 0xAF, 0x78, 0xF0, 0x9F, 0x09, 0x40, 0xF4, 0x83, 0x60, 0x47, 0xB7, 0xE2, 0xC1, 0xBF, 0x12,
  0x80, 0xEC, 0x83, 0x7E, 0xF7, 0xFE, 0xA3, 0x1F, 0xEC, 0xBA, 0xB2, 0x7F, 0x00, 0x00, 0x00, 0x00,
  0x00, 0x00, 0x00, 0x00, 0x00, 0x00, 0x00, 0x00, 0x00, 0x00, 0x00, 0x00, 0x00, 0x00, 0x00, 0x00,
  0x00, 0x00, 0x00, 0x00, 0x00, 0x00, 0x00, 0x00, 0x00, 0x00, 0x00, 0x00, 0x00, 0x00, 0x00, 0x00,
  0x00, 0x00, 0x00, 0x00, 0x00, 0x00, 0x00, 0x00, 0x00, 0x00, 0x00, 0x00, 0x00, 0x00, 0x00, 0x00,
  0x00, 0x00, 0x00, 0x00, 0x00, 0x60, 0xF4, 0x06, 0x66, 0x81, 0x58, 0xF1, 0xC6, 0xDF, 0xF9, 0x83,
  0x60, 0x67, 0xBC, 0xF1, 0x67, 0x02, 0x90, 0xFD, 0xA0, 0xD7, 0x19, 0x0F, 0xFE, 0x2B, 0x00, 0x88,
  0xFE, 0x05, 0x2F, 0x67, 0x3C, 0xF8, 0xCF, 0x00, 0x20, 0xFA, 0x60, 0xDF, 0xBD, 0xFF, 0x6C, 0xEF,
  0x57, 0xF4, 0x0F, 0x00, 0x00, 0x00, 0x00, 0x00, 0x00, 0x00, 0x00, 0x00, 0x00, 0x00, 0x00, 0x00,
  0x00, 0x00, 0x00, 0x00, 0x00, 0x00, 0x00, 0x00, 0x00, 0x00, 0x00, 0x00, 0x00, 0x00, 0x00, 0x00,
  0x00, 0x00, 0x00, 0x00, 0x00, 0x00, 0x00, 0x00, 0x00, 0x00, 0x00, 0x00, 0x00, 0x00, 0x00, 0x00,
  0x00, 0x00, 0x00, 0x00, 0x00, 0x00, 0x00, 0x00, 0x00, 0x00, 0x80, 0xE7, 0x01, 0x90, 0x7D, 0x03,
  0xA3, 0xAF, 0xCF, 0x7E, 0x9D, 0xAB, 0x06, 0xB0, 0xEA, 0xBF, 0x77, 0xBF, 0xEE, 0x59, 0x00, 0x8C,
  0x3E, 0xE0, 0xD5, 0xFD, 0x80, 0xD8, 0xCA, 0x0F, 0xA8, 0xCD, 0x00, 0x20, 0xFB, 0x00, 0x8F, 0xBE,
  0x3E, 0xFB, 0x75, 0xAE, 0x02, 0x20, 0xDA, 0x61, 0xF5, 0x03, 0x62, 0x9F, 0xD6, 0xFF, 0xAC, 0xD7,
  0x9F, 0xD9, 0x3F, 0x00, 0x00, 0x00, 0x00, 0x00, 0x00, 0x00, 0x00, 0x00, 0x00, 0x00, 0x00, 0x00,
  0x00, 0x00, 0x00, 0x00, 0x00, 0x00, 0x00, 0x00, 0x00, 0x00, 0x00, 0x00, 0x00, 0x00, 0x00, 0x00,
  0x00, 0x00, 0x00, 0x00, 0x00, 0x00, 0x00, 0x00, 0x00, 0x00, 0x00, 0x00, 0x00, 0x00, 0x00, 0x00,
  0x00, 0x00, 0x00, 0x00, 0x00, 0x00, 0x00, 0x00, 0x00, 0x00, 0x00, 0xF6, 0x03, 0x60, 0xF4, 0x01,
  0x8F, 0xEE, 0xEB, 0xAB, 0x60, 0x44, 0x3F, 0x68, 0xD2, 0x1D, 0xC0, 0x2F, 0x7F, 0x58, 0x6F, 0xD7,
  0x7D, 0x7D, 0x75, 0x30, 0xA3, 0x9B, 0x05, 0xC0, 0xE8, 0x2F, 0x6E, 0xC9, 0xFE, 0x05, 0x2F, 0xD9,
  0x0F, 0x7E, 0x1D, 0xBD, 0x3E, 0xFA, 0xF5, 0xBB, 0x00, 0x8C, 0xFE, 0xE2, 0x96, 0xEE, 0xEB, 0xAB,
  0x60, 0x8C, 0x6E, 0x16, 0x00, 0xD5, 0xFE, 0x57, 0x3D, 0xE8, 0xF5, 0x3F, 0xBF, 0x7F, 0x00, 0x00,
  0x00, 0x00, 0x00, 0x00, 0x00, 0x00, 0x00, 0x00, 0x00, 0x00, 0x00, 0x00, 0x00, 0x00, 0x00, 0x00,
  0x00, 0x00, 0x00, 0x00, 0x00, 0x00, 0x00, 0x00, 0x00, 0x00, 0x00, 0x00, 0x00, 0x00, 0x00, 0x00,
  0x00, 0x00, 0x00, 0x00, 0x00, 0x00, 0x00, 0x00, 0x00, 0x00, 0x00, 0x00, 0x00, 0x00, 0x00, 0x00,
  0x00, 0x00, 0x00, 0x00, 0x00, 0x00, 0xEC, 0x0B, 0xC0, 0x8E, 0x97, 0xF9, 0xC3, 0xDA, 0xF1, 0x32,
  0x0F, 0xCB, 0x1D, 0x2F, 0xF3, 0xB0, 0xDC, 0xF1, 0xF4, 0xAF, 0x7F, 0x03, 0x30, 0x00, 0x00, 0x00,
  0x40, 0xFF, 0x00, 0x30, 0x00, 0x00, 0x00, 0x00, 0x00, 0xFA, 0x07, 0x80, 0x01, 0x00, 0x00, 0x00,
  0x00, 0xD0, 0x3F, 0x00, 0x0C, 0x00, 0x00, 0x00, 0x00, 0x80, 0xFE, 0x01, 0x60, 0x00, 0x00, 0x00,
  0x00, 0x00, 0xF4, 0x0F, 0x00, 0x03, 0x00, 0x00, 0x00, 0x00, 0xA0, 0x7F, 0x00, 0x18, 0x00, 0x00,
  0x00, 0x00, 0x00, 0xFD, 0x03, 0xC0, 0x00, 0x00, 0x00, 0x00, 0x00, 0xE8, 0x1F, 0x00, 0x06, 0x00,
  0x00, 0x00, 0x00, 0x40, 0xFF, 0x00, 0x30, 0x00, 0x00, 0x00, 0x00, 0x00, 0xFA, 0x07, 0x80, 0x01,
  0x00, 0x00, 0x00, 0x00, 0xD0, 0x3F, 0x00, 0x0C, 0x00, 0x00, 0x00, 0x00, 0x80, 0xFE, 0x01, 0x60,
  0x00, 0x00, 0x00, 0x00, 0x00, 0xF4, 0x0F, 0x00, 0x03, 0x00, 0x00, 0x00, 0x00, 0xA0, 0x7F, 0x00,
  0x18, 0x00, 0x00, 0x00, 0x00, 0x00, 0xFD, 0x03, 0xC0, 0x00, 0x00, 0x00, 0x00, 0x00, 0xE8, 0x1F,
  0x00, 0x06, 0x00, 0x00, 0x00, 0x00, 0x40, 0xFF, 0x00, 0x30, 0x00, 0x00, 0x00, 0x00, 0x00, 0xFA,
  0x07, 0x80, 0x01, 0x00, 0x00, 0x00, 0x00, 0xD0, 0x3F, 0x00, 0x0C, 0x00, 0x00, 0x00, 0x00, 0x80,
  0xFE, 0x01, 0x60, 0x00, 0x00, 0x00, 0x00, 0x00, 0xF4, 0x0F, 0x00, 0x03, 0x00, 0x00, 0x00, 0x00,
  0xA0, 0x7F, 0x00, 0x18, 0x00, 0x00, 0x00, 0x00, 0x00, 0xFD, 0x03, 0xC0, 0x00, 0x00, 0x00, 0x00,
  0xFD, 0x03, 0xC0, 0x00, 0x00, 0x00, 0x00, 0x00, 0xE8, 0x1F, 0x00, 0x06, 0x00, 0x00, 0x00, 0x00,
  0x40, 0xFF, 0x00, 0x30, 0x00, 0x00, 0x00, 0x00, 0x00, 0xFA, 0x07, 0x80, 0x01, 0x00, 0x00, 0x00,
  0x00, 0xD0, 0x3F, 0x00, 0x0C, 0x00, 0x00, 0x00, 0x00, 0x80, 0xFE, 0x01, 0x60, 0x00, 0x00, 0x00,
  0x00, 0x00, 0xF4, 0x0F, 0x00, 0x03, 0x00, 0x00, 0x00, 0x00, 0xA0, 0x7F, 0x00, 0x18, 0x00, 0x00,
  0x00, 0x00, 0x00, 0xFD, 0x03, 0xC0, 0x00, 0x00, 0x00, 0x00, 0x00, 0xE8, 0x1F, 0x00, 0x06, 0x00,
  0x00, 0x00, 0x00, 0x40, 0xFF, 0x00, 0x30, 0x00, 0x00, 0x00, 0x00, 0x00, 0xFA, 0x07, 0x80, 0x01,
  0x00, 0x00, 0x00, 0x00, 0xD0, 0x3F, 0x00, 0x0C, 0x00, 0x00, 0x00, 0x00, 0x80, 0xFE, 0x01, 0x60,
  0x00, 0x00, 0x00, 0x00, 0x00, 0xF4, 0x0F, 0x00, 0x03, 0x00, 0x00, 0x00, 0x00, 0xA0, 0x7F, 0x00,
  0x18, 0x00, 0x00, 0x00, 0x00, 0x00, 0xFD, 0x03, 0xC0, 0x00, 0x00, 0x00, 0x00, 0x00, 0xE8, 0x1F,
  0x00, 0x06, 0x00, 0x00, 0x00, 0x00, 0x40, 0xFF, 0x00, 0x30, 0x00, 0x00, 0x00, 0x00, 0x00, 0xFA,
  0x07, 0x80, 0x01, 0x00, 0x00, 0x00, 0x00, 0xD0, 0x3F, 0x00, 0x0C, 0x00, 0x00, 0x00, 0x00, 0x80,
  0xFE, 0x01, 0x60, 0x00, 0x00, 0x00, 0x00, 0x00, 0xF4, 0x0F, 0x00, 0x03, 0x00, 0x00, 0x00, 0xF4,
  0xAF, 0x7F, 0x03, 0x30, 0x00, 0x00, 0x00, 0x40, 0xFF, 0x00, 0x30, 0x00, 0x00, 0x00, 0x00, 0x00,
  0xFA, 0x07, 0x80, 0x01, 0x00, 0x00, 0x00, 0x00, 0xD0, 0x3F, 0x00, 0x0C, 0x00, 0x00, 0x00, 0x00,
  0x80, 0xFE, 0x01, 0x60, 0x00, 0x00, 0x00, 0x00, 0x00, 0xF4, 0x0F, 0x00, 0x03, 0x00, 0x00, 0x00,
  0x00, 0xA0, 0x7F, 0x00, 0x18, 0x00, 0x00, 0x00, 0x00, 0x00, 0xFD, 0x03, 0xC0, 0x00, 0x00, 0x00,
  0x00, 0x00, 0xE8, 0x1F, 0x00, 0x06, 0x00, 0x00, 0x00, 0x00, 0x40, 0xFF, 0x00, 0x30, 0x00, 0x00,
  0x00, 0x00, 0x00, 0xFA, 0x07, 0x80, 0x01, 0x00, 0x00, 0x00, 0x00, 0xD0, 0x3F, 0x00, 0x0C, 0x00,
  0x00, 0x00, 0x00, 0x80, 0xFE, 0x01, 0x60, 0x00, 0x00, 0x00, 0x00, 0x00, 0xF4, 0x0F, 0x00, 0x03,
  0x00, 0x00, 0x00, 0x00, 0xA0, 0x7F, 0x00, 0x18, 0x00, 0x00, 0x00, 0x00, 0x00, 0xFD, 0x03, 0xC0,
  0x00, 0x00, 0x00, 0x00, 0x00, 0xE8, 0x1F, 0x00, 0x06, 0x00, 0x00, 0x00, 0x00, 0x40, 0xFF, 0x00,
  0x30, 0x00, 0x00, 0x00, 0x00, 0x00, 0xFA, 0x07, 0x80, 0x01, 0x00, 0x00, 0x00, 0x00, 0xD0, 0x3F,
  0x00, 0x0C, 0x00, 0x00, 0x00, 0x00, 0x80, 0xFE, 0x01, 0x60, 0x00, 0x00, 0x00, 0x00, 0x00, 0xF4,
  0x0F, 0x00, 0x03, 0x00, 0x00, 0x00, 0x00, 0xA0, 0x7F, 0x00, 0x18, 0x00, 0x00, 0x00, 0x00, 0x00,
  0xFD, 0x03, 0xC0, 0x00, 0x00, 0x00, 0x00, 0xFD, 0x03, 0xC0, 0x00, 0x00, 0x00, 0x00, 0x00, 0xE8,
  0x1F, 0x00, 0x06, 0x00, 0x00, 0x00, 0x00, 0x40, 0xFF, 0x00, 0x30, 0x00, 0x00, 0x00, 0x00, 0x00,
  0xFA, 0x07, 0x80, 0x01, 0x00, 0x00, 0x00, 0x00, 0xD0, 0x3F, 0x00, 0x0C, 0x00, 0x00, 0x00, 0x00,
  0x80, 0xFE, 0x01, 0x60, 0x00, 0x00, 0x00, 0x00, 0x00, 0xF4, 0x0F, 0x00, 0x03, 0x00, 0x00, 0x00,
  0x00, 0xA0, 0x7F, 0x00, 0x18, 0x00, 0x00, 0x00, 0x00, 0x00, 0xFD, 0x03, 0xC0, 0x00, 0x00, 0x00,
  0x00, 0x00, 0xE8, 0x1F, 0x00, 0x06, 0x00, 0x00, 0x00, 0x00, 0x40, 0xFF, 0x00, 0x30, 0x00, 0x00,
  0x00, 0x00, 0x00, 0xFA, 0x07, 0x80, 0x01, 0x00, 0x00, 0x00, 0x00, 0xD0, 0x3F, 0x00, 0x0C, 0x00,
  0x00, 0x00, 0x00, 0x80, 0xFE, 0x01, 0x60, 0x00, 0x00, 0x00, 0x00, 0x00, 0xF4, 0x0F, 0x00, 0x03,
  0x00, 0x00, 0x00, 0x00, 0xA0, 0x7F, 0x00, 0x18, 0x00, 0x00, 0x00, 0x00, 0x00, 0xFD, 0x03, 0xC0,
  0x00, 0x00, 0x00, 0x00, 0x00, 0xE8, 0x1F, 0x00, 0x06, 0x00, 0x00, 0x00, 0x00, 0x40, 0xFF, 0x00,
  0x30, 0x00, 0x00, 0x00, 0x00, 0x00, 0xFA, 0x07, 0x80, 0x01, 0x00, 0x00, 0x00, 0x00, 0xD0, 0x3F,
  0x00, 0x0C, 0x00, 0x00, 0x00, 0x00, 0x80, 0xFE, 0x01, 0x60, 0x00, 0x00, 0x00, 0x00, 0x00, 0xF4,
  0x0F, 0x00, 0x03, 0x00, 0x00, 0x00, 0xF4, 0xAF, 0x7F, 0x03, 0x00, 0x00, 0x00, 0x00, 0xA0, 0xFF,
  0xE7, 0x02, 0xE0, 0x9C, 0x73, 0xCE, 0x39, 0xE7, 0x9C, 0x73, 0xCE, 0x39, 0xE7, 0x9C, 0x73, 0xCE,
  0x39, 0xE7, 0x9C, 0x73, 0xCE, 0x39, 0xE7, 0x9C, 0x73, 0xCE, 0x39, 0xE7, 0x9C, 0x73, 0xCE, 0xB9,
  0xCF, 0xB9, 0xEF, 0x0F, 0xBD, 0xD7, 0xCF, 0xFF, 0xD7, 0x43, 0xEF, 0xF5, 0xF3, 0xFF, 0xF3, 0xD0,
  0x7B, 0xFD, 0xFC, 0xDF, 0x1E, 0x7A, 0xFA, 0xD7, 0xBF, 0x01, 0x18, 0x00, 0x00, 0x00, 0xA0, 0x7F,
  0x00, 0x18, 0x00, 0x00, 0x00, 0x00, 0x00, 0xFD, 0x03, 0xC0, 0x00, 0x00, 0x00, 0x00, 0x00, 0xE8,
  0x1F, 0x00, 0x06, 0x00, 0x00, 0x00, 0x00, 0x40, 0xFF, 0x00, 0x30, 0x00, 0x00, 0x00, 0x00, 0x00,
  0xFA, 0x07, 0x80, 0x01, 0x00, 0x00, 0x00, 0x00, 0xD0, 0x3F, 0x00, 0x0C, 0x00, 0x00, 0x00, 0x00,
  0x80, 0xFE, 0x01, 0x60, 0x00, 0x00, 0x00, 0x00, 0x00, 0xF4, 0x0F, 0x00, 0x03, 0x00, 0x00, 0x00,
  0x00, 0xA0, 0x7F, 0x00, 0x18, 0x00, 0x00, 0x00, 0x00, 0x00, 0xFD, 0x03, 0xC0, 0x00, 0x00, 0x00,
  0x00, 0x00, 0xE8, 0x1F, 0x00, 0x06, 0x00, 0x00, 0x00, 0x00, 0x40, 0xFF, 0x00, 0x30, 0x00, 0x00,
  0x00, 0x00, 0x00, 0xFA, 0x07, 0x80, 0x01, 0x00, 0x00, 0x00, 0x00, 0xD0, 0x3F, 0x00, 0x0C, 0x00,
  0x00, 0x00, 0x00, 0x80, 0xFE, 0x01, 0x60, 0x00, 0x00, 0x00, 0x00, 0x00, 0xF4, 0x0F, 0x00, 0x03,
  0x00, 0x00, 0x00, 0x00, 0xA0, 0x7F, 0x00, 0x18, 0x00, 0x00, 0x00, 0x00, 0x00, 0xFD, 0x03, 0xC0,
  0x00, 0x00, 0x00, 0x00, 0x00, 0xE8, 0x1F, 0x00, 0x06, 0x00, 0x00, 0x00, 0x00, 0x40, 0xFF, 0x00,
  0x30, 0x00, 0x00, 0x00, 0x00, 0x00, 0xFA, 0x07, 0x80, 0x01, 0x00, 0x00, 0x00, 0x00, 0xD0, 0x3F,
  0x00, 0x0C, 0x00, 0x00, 0x00, 0x00, 0x80, 0xFE, 0x01, 0x60, 0x00, 0x00, 0x00, 0x80, 0xFE, 0x01,
  0x60, 0x00, 0x00, 0x00, 0x00, 0x00, 0xF4, 0x0F, 0x00, 0x03, 0x00, 0x00, 0x00, 0x00, 0xA0, 0x7F,
  0x00, 0x18, 0x00, 0x00, 0x00, 0x00, 0x00, 0xFD, 0x03, 0xC0, 0x00, 0x00, 0x00, 0x00, 0x00, 0xE8,
  0x1F, 0x00, 0x06, 0x00, 0x00, 0x00, 0x00, 0x40, 0xFF, 0x00, 0x30, 0x00, 0x00, 0x00, 0x00, 0x00,
  0xFA, 0x07, 0x80, 0x01, 0x00, 0x00, 0x00, 0x00, 0xD0, 0x3F, 0x00, 0x0C, 0x00, 0x00, 0x00, 0x00,
  0x80, 0xFE, 0x01, 0x60, 0x00, 0x00, 0x00, 0x00, 0x00, 0xF4, 0x0F, 0x00, 0x03, 0x00, 0x00, 0x00,
  0x00, 0xA0, 0x7F, 0x00, 0x18, 0x00, 0x00, 0x00, 0x00, 0x00, 0xFD, 0x03, 0xC0, 0x00, 0x00, 0x00,
  0x00, 0x00, 0xE8, 0x1F, 0x00, 0x06, 0x00, 0x00, 0x00, 0x00, 0x40, 0xFF, 0x00, 0x30, 0x00, 0x00,
  0x00, 0x00, 0x00, 0xFA, 0x07, 0x80, 0x01, 0x00, 0x00, 0x00, 0x00, 0xD0, 0x3F, 0x00, 0x0C, 0x00,
  0x00, 0x00, 0x00, 0x80, 0xFE, 0x01, 0x60, 0x00, 0x00, 0x00, 0x00, 0x00, 0xF4, 0x0F, 0x00, 0x03,
  0x00, 0x00, 0x00, 0x00, 0xA0, 0x7F, 0x00, 0x18, 0x00, 0x00, 0x00, 0x00, 0x00, 0xFD, 0x03, 0xC0,
  0x00, 0x00, 0x00, 0x00, 0x00, 0xE8, 0x1F, 0x00, 0x06, 0x00, 0x00, 0x00, 0x00, 0x40, 0xFF, 0x00,
  0x30, 0x00, 0x00, 0x00, 0x00, 0x00, 0xFA, 0x07, 0x80, 0x01, 0x00, 0x00, 0x00, 0xFA, 0xD7, 0xBF,
  0x01, 0x18, 0x00, 0x00, 0x00, 0xA0, 0x7F, 0x00, 0x18, 0x00, 0x00, 0x00, 0x00, 0x00, 0xFD, 0x03,
  0xC0, 0x00, 0x00, 0x00, 0x00, 0x00, 0xE8, 0x1F, 0x00, 0x06, 0x00, 0x00, 0x00, 0x00, 0x40, 0xFF,
  0x00, 0x30, 0x00, 0x00, 0x00, 0x00, 0x00, 0xFA, 0x07, 0x80, 0x01, 0x00, 0x00, 0x00, 0x00, 0xD0,
  0x3F, 0x00, 0x0C, 0x00, 0x00, 0x00, 0x00, 0x80, 0xFE, 0x01, 0x60, 0x00, 0x00, 0x00, 0x00, 0x00,
  0xF4, 0x0F, 0x00, 0x03, 0x00, 0x00, 0x00, 0x00, 0xA0, 0x7F, 0x00, 0x18, 0x00, 0x00, 0x00, 0x00,
  0x00, 0xFD, 0x03, 0xC0, 0x00, 0x00, 0x00, 0x00, 0x00, 0xE8, 0x1F, 0x00, 0x06, 0x00, 0x00, 0x00,
  0x00, 0x40, 0xFF, 0x00, 0x30, 0x00, 0x00, 0x00, 0x00, 0x00, 0xFA, 0x07, 0x80, 0x01, 0x00, 0x00,
  0x00, 0x00, 0xD0, 0x3F, 0x00, 0x0C, 0x00, 0x00, 0x00, 0x00, 0x80, 0xFE, 0x01, 0x60, 0x00, 0x00,
  0x00, 0x00, 0x00, 0xF4, 0x0F, 0x00, 0x03, 0x00, 0x00, 0x00, 0x00, 0xA0, 0x7F, 0x00, 0x18, 0x00,
  0x00, 0x00, 0x00, 0x00, 0xFD, 0x03, 0xC0, 0x00, 0x00, 0x00, 0x00, 0x00, 0xE8, 0x1F, 0x00, 0x06,
  0x00, 0x00, 0x00, 0x00, 0x40, 0xFF, 0x00, 0x30, 0x00, 0x00, 0x00, 0x00, 0x00, 0xFA, 0x07, 0x80,
  0x01, 0x00, 0x00, 0x00, 0x00, 0xD0, 0x3F, 0x00, 0x0C, 0x00, 0x00, 0x00, 0x00, 0x80, 0xFE, 0x01,
  0x60, 0x00, 0x00, 0x00, 0x80, 0xFE, 0x01, 0x60, 0x00, 0x00, 0x00, 0x00, 0x00, 0xF4, 0x0F, 0x00,
  0x03, 0x00, 0x00, 0x00, 0x00, 0xA0, 0x7F, 0x00, 0x18, 0x00, 0x00, 0x00, 0x00, 0x00, 0xFD, 0x03,
  0xC0, 0x00, 0x00, 0x00, 0x00, 0x00, 0xE8, 0x1F, 0x00, 0x06, 0x00, 0x00, 0x00, 0x00, 0x40, 0xFF,
  0x00, 0x30, 0x00, 0x00, 0x00, 0x00, 0x00, 0xFA, 0x07, 0x80, 0x01, 0x00, 0x00, 0x00, 0x00, 0xD0,
  0x3F, 0x00, 0x0C, 0x00, 0x00, 0x00, 0x00, 0x80, 0xFE, 0x01, 0x60, 0x00, 0x00, 0x00, 0x00, 0x00,
  0xF4, 0x0F, 0x00, 0x03, 0x00, 0x00, 0x00, 0x00, 0xA0, 0x7F, 0x00, 0x18, 0x00, 0x00, 0x00, 0x00,
  0x00, 0xFD, 0x03, 0xC0, 0x00, 0x00, 0x00, 0x00, 0x00, 0xE8, 0x1F, 0x00, 0x06, 0x00, 0x00, 0x00,
  0x00, 0x40, 0xFF, 0x00, 0x30, 0x00, 0x00, 0x00, 0x00, 0x00, 0xFA, 0x07, 0x80, 0x01, 0x00, 0x00,
  0x00, 0x00, 0xD0, 0x3F, 0x00, 0x0C, 0x00, 0x00, 0x00, 0x00, 0x80, 0xFE, 0x01, 0x60, 0x00, 0x00,
  0x00, 0x00, 0x00, 0xF4, 0x0F, 0x00, 0x03, 0x00, 0x00, 0x00, 0x00, 0xA0, 0x7F, 0x00, 0x18, 0x00,
  0x00, 0x00, 0x00, 0x00, 0xFD, 0x03, 0xC0, 0x00, 0x00, 0x00, 0x00, 0x00, 0xE8, 0x1F, 0x00, 0x06,
  0x00, 0x00, 0x00, 0x00, 0x40, 0xFF, 0x00, 0x30, 0x00, 0x00, 0x00, 0x00, 0x00, 0xFA, 0x07, 0x80,
  0x01, 0x00, 0x00, 0x00, 0xFA, 0xD7, 0xBF, 0x01, 0x00, 0x00, 0x00, 0x00, 0xD0, 0x3F, 0x00, 0x22,
  0x7F, 0x58, 0xEF, 0xD7, 0x7D, 0xFD, 0xD7, 0xE0, 0xB2, 0xAF, 0xAF, 0xFC, 0x4C, 0xA9, 0x3F, 0xAC,
  0xB7, 0x8B, 0xFE, 0xBA, 0xEC, 0xD7, 0x3D, 0xFA, 0x75, 0xD1, 0x9F, 0x7F, 0x36, 0x00, 0x47, 0xBF,
  0x4F, 0xF7, 0xF5, 0xA3, 0x9F, 0x23, 0xFB, 0xFA, 0xCA, 0xCF, 0x94, 0x79, 0x58, 0xBE, 0x5F, 0xF4,
  0x75, 0x47, 0xBF, 0x2E, 0xFA, 0xBA, 0xEA, 0xD7, 0x9F, 0x05, 0x40, 0xA7, 0xB3, 0x9F, 0x7F, 0xFD,
  0xEE, 0xFD, 0x67, 0xFB, 0xBC, 0x43, 0xFF, 0x00, 0x00, 0x00, 0x00, 0x00, 0x00, 0x00, 0x00, 0x00,
  0x00, 0x00, 0x00, 0x00, 0x00, 0x00, 0x00, 0x00, 0x00, 0x00, 0x00, 0x00, 0x00, 0x00, 0x00, 0x00,
  0x00, 0x00, 0x00, 0x00, 0x00, 0x00, 0x00, 0x00, 0x00, 0x00, 0x00, 0x00, 0x00, 0x00, 0x00, 0x00,
  0x00, 0x00, 0x00, 0x00, 0x00, 0x00, 0x00, 0x00, 0x00, 0x00, 0x00, 0x00, 0x00, 0x00, 0x00, 0xD8,
  0x0F, 0x80, 0xE8, 0x83, 0xFE, 0xAC, 0xD7, 0x77, 0x5F, 0x97, 0x1D, 0x40, 0xF4, 0x01, 0x3E, 0x7A,
  0xA3, 0x66, 0x7F, 0xFD, 0xEA, 0xEB, 0xB2, 0x00, 0x44, 0x1F, 0xF4, 0x67, 0xBD, 0xBE, 0xFB, 0xBA,
  0x2C, 0x00, 0xA3, 0xD7, 0x44, 0x1F, 0xB8, 0xA3, 0x07, 0xFA, 0xAA, 0xAF, 0xDF, 0x05, 0xA0, 0xDB,
  0x67, 0xF4, 0x81, 0xBE, 0x4B, 0xFF, 0xD9, 0x0E, 0xEF, 0xD0, 0x3F, 0x00, 0x00, 0x00, 0x00, 0x00,
  0x00, 0x00, 0x00, 0x00, 0x00, 0x00, 0x00, 0x00, 0x00, 0x00, 0x00, 0x00, 0x00, 0x00, 0x00, 0x00,
  0x00, 0x00, 0x00, 0x00, 0x00, 0x00, 0x00, 0x00, 0x00, 0x00, 0x00, 0x00, 0x00, 0x00, 0x00, 0x00,
  0x00, 0x00, 0x00, 0x00, 0x00, 0x00, 0x00, 0x00, 0x00, 0x00, 0x00, 0x00, 0x00, 0x00, 0x00, 0x00,
  0x00, 0x00, 0x00, 0x9E, 0x07, 0x40, 0xF5, 0x03, 0x1F, 0xB3, 0x07, 0xF6, 0xBD, 0x70, 0x33, 0x06,
  0xB0, 0xFA, 0x0D, 0x9E, 0x35, 0x90, 0x55, 0x00, 0x54, 0xFF, 0x12, 0x96, 0x59, 0x00, 0x74, 0xBE,
  0xBF, 0x19, 0x00, 0x74, 0x1F, 0xCC, 0xAB, 0xFF, 0xFB, 0x6A, 0x00, 0xBA, 0xFF, 0xA3, 0xB7, 0x5B,
  0xFF, 0xD5, 0x0F, 0x76, 0x5D, 0xD9, 0x3F, 0x00, 0x00, 0x00, 0x00, 0x00, 0x00, 0x00, 0x00, 0x00,
  0x00, 0x00, 0x00, 0x00, 0x00, 0x00, 0x00, 0x00, 0x00, 0x00, 0x00, 0x00, 0x00, 0x00, 0x00, 0x00,
  0x00, 0x00, 0x00, 0x00, 0x00, 0x00, 0x00, 0x00, 0x00, 0x00, 0x00, 0x00, 0x00, 0x00, 0x00, 0x00,
  0x00, 0x00, 0x00, 0x00, 0x00, 0x00, 0x00, 0x00, 0x00, 0x00, 0x00, 0x00, 0x00, 0x00, 0x00, 0x00,
  0x30, 0x7A, 0xE3, 0x8F, 0xFE, 0xF9, 0xE8, 0xBA, 0xF0, 0x7C, 0x0A, 0x00, 0xD1, 0xC1, 0xDC, 0xED,
  0x83, 0x60, 0xD5, 0x07, 0x7F, 0xF5, 0x2F, 0x84, 0xB9, 0xDB, 0x07, 0xC1, 0xBA, 0x10, 0x8C, 0x7E,
  0xFE, 0x59, 0xD0, 0x9C, 0x05, 0x40, 0xF6, 0x41, 0xBF, 0x7B, 0xFF, 0xD1, 0x0F, 0x8E, 0x5D, 0xD9,
  0x3F, 0x00, 0x00, 0x00, 0x00, 0x00, 0x00, 0x00, 0x00, 0x00, 0x00, 0x00, 0x00, 0x00, 0x00, 0x00,
  0x00, 0x00, 0x00, 0x00, 0x00, 0x00, 0x00, 0x00, 0x00, 0x00, 0x00, 0x00, 0x00, 0x00, 0x00, 0x00,
  0x00, 0x00, 0x00, 0x00, 0x00, 0x00, 0x00, 0x00, 0x00, 0x00, 0x00, 0x00, 0x00, 0x00, 0x00, 0x00,
  0x00, 0x00, 0x00, 0x00, 0x00, 0x00, 0x00, 0x00, 0x00, 0x00, 0x30, 0x7A, 0x03, 0xB3, 0x40, 0x74,
  0x3F, 0x80, 0xF2, 0x69, 0x1F, 0x04, 0x5B, 0xFD, 0xFB, 0x9D, 0x0D, 0x40, 0xF6, 0x83, 0x5C, 0xAB,
  0x7F, 0xBF, 0xAB, 0x00, 0x38, 0xFA, 0x7A, 0xA3, 0x7F, 0x9E, 0xFD, 0xC1, 0xB3, 0xB3, 0x00, 0x88,
  0x3E, 0xD8, 0x77, 0xEF, 0x3F, 0xDB, 0xFB, 0x15, 0xFD, 0x03, 0x00, 0x00, 0x00, 0x00, 0x00, 0x00,
  0x00, 0x00, 0x00, 0x00, 0x00, 0x00, 0x00, 0x00, 0x00, 0x00, 0x00, 0x00, 0x00, 0x00, 0x00, 0x00,
  0x00, 0x00, 0x00, 0x00, 0x00, 0x00, 0x00, 0x00, 0x00, 0x00, 0x00, 0x00, 0x00, 0x00, 0x00, 0x00,
  0x00, 0x00, 0x00, 0x00, 0x00, 0x00, 0x00, 0x00, 0x00, 0x00, 0x00, 0x00, 0x00, 0x00, 0x00, 0x00,
  0x00, 0xE0, 0x79, 0x00, 0x64, 0xDF, 0xC0, 0xE8, 0xEB, 0xB3, 0xFF, 0xFE, 0xAA, 0x01, 0xAC, 0xFA,
  0xEF, 0xD9, 0x7F, 0x7F, 0x15, 0x00, 0xA3, 0x0F, 0x78, 0x75, 0x3F, 0x20, 0xB6, 0xF2, 0x2F, 0x88,
  0x99, 0x01, 0x40, 0xF6, 0x01, 0x1E, 0x7D, 0x7D, 0xF6, 0xDF, 0x5F, 0x05, 0x40, 0xB4, 0xB7, 0x59,
  0x9D, 0xDF, 0xBD, 0xFF, 0x59, 0xAF, 0x3F, 0xB3, 0x7F, 0x00, 0x00, 0x00, 0x00, 0x00, 0x00, 0x00,
  0x00, 0x00, 0x00, 0x00, 0x00, 0x00, 0x00, 0x00, 0x00, 0x00, 0x00, 0x00, 0x00, 0x00, 0x00, 0x00,
  0x00, 0x00, 0x00, 0x00, 0x00, 0x00, 0x00, 0x00, 0x00, 0x00, 0x00, 0x00, 0x00, 0x00, 0x00, 0x00,
  0x00, 0x00, 0x00, 0x00, 0x00, 0x00, 0x00, 0x00, 0x00, 0x00, 0x00, 0x00, 0x00, 0x00, 0x00, 0x00,
  0x00, 0xEC, 0x07, 0xC0, 0xE8, 0x03, 0x1E, 0xDD, 0xD7, 0x57, 0xDF, 0xD0, 0xEC, 0xF7, 0x53, 0x1D,
  0xC0, 0x2F, 0x7F, 0x58, 0x6F, 0xD7, 0x7D, 0x7D, 0x17, 0x88, 0xE8, 0xF7, 0x53, 0x05, 0x60, 0xF4,
  0x17, 0xB7, 0x64, 0xFF, 0x82, 0x97, 0xEC, 0x07, 0xBF, 0xB2, 0xBF, 0xCF, 0xEC, 0xBF, 0x10, 0x66,
  0xF4, 0x17, 0xB7, 0x74, 0x5F, 0x5F, 0x7D, 0xA0, 0x67, 0xBF, 0x9F, 0x2A, 0x00, 0xB3, 0x7A, 0xD3,
  0xFF, 0x7D, 0xFB, 0x07, 0x00, 0x00, 0x00, 0x00, 0x00, 0x00, 0x00, 0x00, 0x00, 0x00, 0x00, 0x00,
  0x00, 0x00, 0x00, 0x00, 0x00, 0x00, 0x00, 0x00, 0x00, 0x00, 0x00, 0x00, 0x00, 0x00, 0x00, 0x00,
  0x00, 0x00, 0x00, 0x00, 0x00, 0x00, 0x00, 0x00, 0x00, 0x00, 0x00, 0x00, 0x00, 0x00, 0x00, 0x00,
  0x00, 0x00, 0x00, 0x00, 0x00, 0x00, 0x00, 0x00, 0x00, 0x00, 0x00, 0xC0, 0xBE, 0x00, 0xEC, 0x78,
  0x95, 0x3F, 0xB4, 0x9D, 0xAE, 0xF2, 0xD0, 0xDC, 0xE9, 0x2A, 0x0F, 0xCD, 0x9D, 0x4E, 0xFF, 0xFA,
  0x37, 0x00, 0x03, 0x00, 0x00, 0x00, 0xF4, 0x0F, 0x00, 0x03, 0x00, 0x00, 0x00, 0x00, 0xA0, 0x7F,
  0x00, 0x18, 0x00, 0x00, 0x00, 0x00, 0x00, 0xFD, 0x03, 0xC0, 0x00, 0x00, 0x00, 0x00, 0x00, 0xE8,
  0x1F, 0x00, 0x06, 0x00, 0x00, 0x00, 0x00, 0x40, 0xFF, 0x00, 0x30, 0x00, 0x00, 0x00, 0x00, 0x00,
  0xFA, 0x07, 0x80, 0x01, 0x00, 0x00, 0x00, 0x00, 0xD0, 0x3F, 0x00, 0x0C, 0x00, 0x00, 0x00, 0x00,
  0x80, 0xFE, 0x01, 0x60, 0x00, 0x00, 0x00, 0x00, 0x00, 0xF4, 0x0F, 0x00, 0x03, 0x00, 0x00, 0x00,
  0x00, 0xA0, 0x7F, 0x00, 0x18, 0x00, 0x00, 0x00, 0x00, 0x00, 0xFD, 0x03, 0xC0, 0x00, 0x00, 0x00,
  0x00, 0x00, 0xE8, 0x1F, 0x00, 0x06, 0x00, 0x00, 0x00, 0x00, 0x40, 0xFF, 0x00, 0x30, 0x00, 0x00,
  0x00, 0x00, 0x00, 0xFA, 0x07, 0x80, 0x01, 0x00, 0x00, 0x00, 0x00, 0xD0, 0x3F, 0x00, 0x0C, 0x00,
  0x00, 0x00, 0x00, 0x80, 0xFE, 0x01, 0x60, 0x00, 0x00, 0x00, 0x00, 0x00, 0xF4, 0x0F, 0x00, 0x03,
  0x00, 0x00, 0x00, 0x00, 0xA0, 0x7F, 0x00, 0x18, 0x00, 0x00, 0x00, 0x00, 0x00, 0xFD, 0x03, 0xC0,
  0x00, 0x00, 0x00, 0x00, 0x00, 0xE8, 0x1F, 0x00, 0x06, 0x00, 0x00, 0x00, 0x00, 0x40, 0xFF, 0x00,
  0x30, 0x00, 0x00, 0x00, 0x00, 0x00, 0xFA, 0x07, 0x80, 0x01, 0x00, 0x00, 0x00, 0x00, 0xD0, 0x3F,
  0x00, 0x0C, 0x00, 0x00, 0x00, 0xD0, 0x3F, 0x00, 0x0C, 0x00, 0x00, 0x00, 0x00, 0x80, 0xFE, 0x01,
  0x60, 0x00, 0x00, 0x00, 0x00, 0x00, 0xF4, 0x0F, 0x00, 0x03, 0x00, 0x00, 0x00, 0x00, 0xA0, 0x7F,
  0x00, 0x18, 0x00, 0x00, 0x00, 0x00, 0x00, 0xFD, 0x03, 0xC0, 0x00, 0x00, 0x00, 0x00, 0x00, 0xE8,
  0x1F, 0x00, 0x06, 0x00, 0x00, 0x00, 0x00, 0x40, 0xFF, 0x00, 0x30, 0x00, 0x00, 0x00, 0x00, 0x00,
  0xFA, 0x07, 0x80, 0x01, 0x00, 0x00, 0x00, 0x00, 0xD0, 0x3F, 0x00, 0x0C, 0x00, 0x00, 0x00, 0x00,
  0x80, 0xFE, 0x01, 0x60, 0x00, 0x00, 0x00, 0x00, 0x00, 0xF4, 0x0F, 0x00, 0x03, 0x00, 0x00, 0x00,
  0x00, 0xA0, 0x7F, 0x00, 0x18, 0x00, 0x00, 0x00, 0x00, 0x00, 0xFD, 0x03, 0xC0, 0x00, 0x00, 0x00,
  0x00, 0x00, 0xE8, 0x1F, 0x00, 0x06, 0x00, 0x00, 0x00, 0x00, 0x40, 0xFF, 0x00, 0x30, 0x00, 0x00,
  0x00, 0x00, 0x00, 0xFA, 0x07, 0x80, 0x01, 0x00, 0x00, 0x00, 0x00, 0xD0, 0x3F, 0x00, 0x0C, 0x00,
  0x00, 0x00, 0x00, 0x80, 0xFE, 0x01, 0x60, 0x00, 0x00, 0x00, 0x00, 0x00, 0xF4, 0x0F, 0x00, 0x03,
  0x00, 0x00, 0x00, 0x00, 0xA0, 0x7F, 0x00, 0x18, 0x00, 0x00, 0x00, 0x00, 0x00, 0xFD, 0x03, 0xC0,
  0x00, 0x00, 0x00, 0x00, 0x00, 0xE8, 0x1F, 0x00, 0x06, 0x00, 0x00, 0x00, 0x00, 0x40, 0xFF, 0x00,
  0x30, 0x00, 0x00, 0x00, 0x40, 0xFF, 0xFA, 0x37, 0x00, 0x03, 0x00, 0x00, 0x00, 0xF4, 0x0F, 0x00,
  0x03, 0x00, 0x00, 0x00, 0x00, 0xA0, 0x7F, 0x00, 0x18, 0x00, 0x00, 0x00, 0x00, 0x00, 0xFD, 0x03,
  0xC0, 0x00, 0x00, 0x00, 0x00, 0x00, 0xE8, 0x1F, 0x00, 0x06, 0x00, 0x00, 0x00, 0x00, 0x40, 0xFF,
  0x00, 0x30, 0x00, 0x00, 0x00, 0x00, 0x00, 0xFA, 0x07, 0x80, 0x01, 0x00, 0x00, 0x00, 0x00, 0xD0,
  0x3F, 0x00, 0x0C, 0x00, 0x00, 0x00, 0x00, 0x80, 0xFE, 0x01, 0x60, 0x00, 0x00, 0x00, 0x00, 0x00,
  0xF4, 0x0F, 0x00, 0x03, 0x00, 0x00, 0x00, 0x00, 0xA0, 0x7F, 0x00, 0x18, 0x00, 0x00, 0x00, 0x00,
  0x00, 0xFD, 0x03, 0xC0, 0x00, 0x00, 0x00, 0x00, 0x00, 0xE8, 0x1F, 0x00, 0x06, 0x00, 0x00, 0x00,
  0x00, 0x40, 0xFF, 0x00, 0x30, 0x00, 0x00, 0x00, 0x00, 0x00, 0xFA, 0x07, 0x80, 0x01, 0x00, 0x00,
  0x00, 0x00, 0xD0, 0x3F, 0x00, 0x0C, 0x00, 0x00, 0x00, 0x00, 0x80, 0xFE, 0x01, 0x60, 0x00, 0x00,
  0x00, 0x00, 0x00, 0xF4, 0x0F, 0x00, 0x03, 0x00, 0x00, 0x00, 0x00, 0xA0, 0x7F, 0x00, 0x18, 0x00,
  0x00, 0x00, 0x00, 0x00, 0xFD, 0x03, 0xC0, 0x00, 0x00, 0x00, 0x00, 0x00, 0xE8, 0x1F, 0x00, 0x06,
  0x00, 0x00, 0x00, 0x00, 0x40, 0xFF, 0x00, 0x30, 0x00, 0x00, 0x00, 0x00, 0x00, 0xFA, 0x07, 0x80,
  0x01, 0x00, 0x00, 0x00, 0x00, 0xD0, 0x3F, 0x00, 0x0C, 0x00, 0x00, 0x00, 0xD0, 0x3F, 0x00, 0x0C,
  0x00, 0x00, 0x00, 0x00, 0x80, 0xFE, 0x01, 0x60, 0x00, 0x00, 0x00, 0x00, 0x00, 0xF4, 0x0F, 0x00,
  0x03, 0x00, 0x00, 0x00, 0x00, 0xA0, 0x7F, 0x00, 0x18, 0x00, 0x00, 0x00, 0x00, 0x00, 0xFD, 0x03,
  0xC0, 0x00, 0x00, 0x00, 0x00, 0x00, 0xE8, 0x1F, 0x00, 0x06, 0x00, 0x00, 0x00, 0x00, 0x40, 0xFF,
  0x00, 0x30, 0x00, 0x00, 0x00, 0x00, 0x00, 0xFA, 0x07, 0x80, 0x01, 0x00, 0x00, 0x00, 0x00, 0xD0,
  0x3F, 0x00, 0x0C, 0x00, 0x00, 0x00, 0x00, 0x80, 0xFE, 0x01, 0x60, 0x00, 0x00, 0x00, 0x00, 0x00,
  0xF4, 0x0F, 0x00, 0x03, 0x00, 0x00, 0x00, 0x00, 0xA0, 0x7F, 0x00, 0x18, 0x00, 0x00, 0x00, 0x00,
  0x00, 0xFD, 0x03, 0xC0, 0x00, 0x00, 0x00, 0x00, 0x00, 0xE8, 0x1F, 0x00, 0x06, 0x00, 0x00, 0x00,
  0x00, 0x40, 0xFF, 0x00, 0x30, 0x00, 0x00, 0x00, 0x00, 0x00, 0xFA, 0x07, 0x80, 0x01, 0x00, 0x00,
  0x00, 0x00, 0xD0, 0x3F, 0x00, 0x0C, 0x00, 0x00, 0x00, 0x00, 0x80, 0xFE, 0x01, 0x60, 0x00, 0x00,
  0x00, 0x00, 0x00, 0xF4, 0x0F, 0x00, 0x03, 0x00, 0x00, 0x00, 0x00, 0xA0, 0x7F, 0x00, 0x18, 0x00,
  0x00, 0x00, 0x00, 0x00, 0xFD, 0x03, 0xC0, 0x00, 0x00, 0x00, 0x00, 0x00, 0xE8, 0x1F, 0x00, 0x06,
  0x00, 0x00, 0x00, 0x00, 0x40, 0xFF, 0x00, 0x30, 0x00, 0x00, 0x00, 0x40, 0xFF, 0xFA, 0x37, 0x00,
  0x00, 0x00, 0x00, 0x00, 0xFA, 0x7F, 0x2E, 0x00, 0xCE, 0x39, 0xE7, 0x9C, 0x73, 0xCE, 0x39, 0xE7,
  0x9C, 0x73, 0xCE, 0x39, 0xE7, 0x9C, 0x73, 0xCE, 0x39, 0xE7, 0x9C, 0x73, 0xCE, 0x39, 0xE7, 0x9C,
  0x73, 0xCE, 0x39, 0xE7, 0x9C, 0xFB, 0x9C, 0xFB, 0xF1, 0xD0, 0x7B, 0xFD, 0xFC, 0xFF, 0x3D, 0xF4,
  0x5E, 0x3F, 0xFF, 0xEF, 0x0F, 0xBD, 0xD7, 0xCF, 0xFF, 0xE7, 0x43, 0x4F, 0xFF, 0xFA, 0x37, 0x00,
  0x03, 0x00, 0x00, 0x00, 0xF4, 0x0F, 0x00, 0x03, 0x00, 0x00, 0x00, 0x00, 0xA0, 0x7F, 0x00, 0x18,
  0x00, 0x00, 0x00, 0x00, 0x00, 0xFD, 0x03, 0xC0, 0x00, 0x00, 0x00, 0x00, 0x00, 0xE8, 0x1F, 0x00,
  0x06, 0x00, 0x00, 0x00, 0x00, 0x40, 0xFF, 0x00, 0x30, 0x00, 0x00, 0x00, 0x00, 0x00, 0xFA, 0x07,
  0x80, 0x01, 0x00, 0x00, 0x00, 0x00, 0xD0, 0x3F, 0x00, 0x0C, 0x00, 0x00, 0x00, 0x00, 0x80, 0xFE,
  0x01, 0x60, 0x00, 0x00, 0x00, 0x00, 0x00, 0xF4, 0x0F, 0x00, 0x03, 0x00, 0x00, 0x00, 0x00, 0xA0,
  0x7F, 0x00, 0x18, 0x00, 0x00, 0x00, 0x00, 0x00, 0xFD, 0x03, 0xC0, 0x00, 0x00, 0x00, 0x00, 0x00,
  0xE8, 0x1F, 0x00, 0x06, 0x00, 0x00, 0x00, 0x00, 0x40, 0xFF, 0x00, 0x30, 0x00, 0x00, 0x00, 0x00,
  0x00, 0xFA, 0x07, 0x80, 0x01, 0x00, 0x00, 0x00, 0x00, 0xD0, 0x3F, 0x00, 0x0C, 0x00, 0x00, 0x00,
  0x00, 0x80, 0xFE, 0x01, 0x60, 0x00, 0x00, 0x00, 0x00, 0x00, 0xF4, 0x0F, 0x00, 0x03, 0x00, 0x00,
  0x00, 0x00, 0xA0, 0x7F, 0x00, 0x18, 0x00, 0x00, 0x00, 0x00, 0x00, 0xFD, 0x03, 0xC0, 0x00, 0x00,
  0x00, 0x00, 0x00, 0xE8, 0x1F, 0x00, 0x06, 0x00, 0x00, 0x00, 0x00, 0x40, 0xFF, 0x00, 0x30, 0x00,
  0x00, 0x00, 0x00, 0x00, 0xFA, 0x07, 0x80, 0x01, 0x00, 0x00, 0x00, 0x00, 0xD0, 0x3F, 0x00, 0x0C,
  0x00, 0x00, 0x00, 0xD0, 0x3F, 0x00, 0x0C, 0x00, 0x00, 0x00, 0x00, 0x80, 0xFE, 0x01, 0x60, 0x00,
  0x00, 0x00, 0x00, 0x00, 0xF4, 0x0F, 0x00, 0x03, 0x00, 0x00, 0x00, 0x00, 0xA0, 0x7F, 0x00, 0x18,
  0x00, 0x00, 0x00, 0x00, 0x00, 0xFD, 0x03, 0xC0, 0x00, 0x00, 0x00, 0x00, 0x00, 0xE8, 0x1F, 0x00,
  0x06, 0x00, 0x00, 0x00, 0x00, 0x40, 0xFF, 0x00, 0x30, 0x00, 0x00, 0x00, 0x00, 0x00, 0xFA, 0x07,
  0x80, 0x01, 0x00, 0x00, 0x00, 0x00, 0xD0, 0x3F, 0x00, 0x0C, 0x00, 0x00, 0x00, 0x00, 0x80, 0xFE,
  0x01, 0x60, 0x00, 0x00, 0x00, 0x00, 0x00, 0xF4, 0x0F, 0x00, 0x03, 0x00, 0x00, 0x00, 0x00, 0xA0,
  0x7F, 0x00, 0x18, 0x00, 0x00, 0x00, 0x00, 0x00, 0xFD, 0x03, 0xC0, 0x00, 0x00, 0x00, 0x00, 0x00,
  0xE8, 0x1F, 0x00, 0x06, 0x00, 0x00, 0x00, 0x00, 0x40, 0xFF, 0x00, 0x30, 0x00, 0x00, 0x00, 0x00,
  0x00, 0xFA, 0x07, 0x80, 0x01, 0x00, 0x00, 0x00, 0x00, 0xD0, 0x3F, 0x00, 0x0C, 0x00, 0x00, 0x00,
  0x00, 0x80, 0xFE, 0x01, 0x60, 0x00, 0x00, 0x00, 0x00, 0x00, 0xF4, 0x0F, 0x00, 0x03, 0x00, 0x00,
  0x00, 0x00, 0xA0, 0x7F, 0x00, 0x18, 0x00, 0x00, 0x00, 0x00, 0x00, 0xFD, 0x03, 0xC0, 0x00, 0x00,
  0x00, 0x00, 0x00, 0xE8, 0x1F, 0x00, 0x06, 0x00, 0x00, 0x00, 0x00, 0x40, 0xFF, 0x00, 0x30, 0x00,
  0x00, 0x00, 0x40, 0xFF, 0xFA, 0x37, 0x00, 0x03, 0x00, 0x00, 0x00, 0xF4, 0x0F, 0x00, 0x03, 0x00,
  0x00, 0x00, 0x00, 0xA0, 0x7F, 0x00, 0x18, 0x00, 0x00, 0x00, 0x00, 0x00, 0xFD, 0x03, 0xC0, 0x00,
  0x00, 0x00, 0x00, 0x00, 0xE8, 0x1F, 0x00, 0x06, 0x00, 0x00, 0x00, 0x00, 0x40, 0xFF, 0x00, 0x30,
  0x00, 0x00, 0x00, 0x00, 0x00, 0xFA, 0x07, 0x80, 0x01, 0x00, 0x00, 0x00, 0x00, 0xD0, 0x3F, 0x00,
  0x0C, 0x00, 0x00, 0x00, 0x00, 0x80, 0xFE, 0x01, 0x60, 0x00, 0x00, 0x00, 0x00, 0x00, 0xF4, 0x0F,
  0x00, 0x03, 0x00, 0x00, 0x00, 0x00, 0xA0, 0x7F, 0x00, 0x18, 0x00, 0x00, 0x00, 0x00, 0x00, 0xFD,
  0x03, 0xC0, 0x00, 0x00, 0x00, 0x00, 0x00, 0xE8, 0x1F, 0x00, 0x06, 0x00, 0x00, 0x00, 0x00, 0x40,
  0xFF, 0x00, 0x30, 0x00, 0x00, 0x00, 0x00, 0x00, 0xFA, 0x07, 0x80, 0x01, 0x00, 0x00, 0x00, 0x00,
  0xD0, 0x3F, 0x00, 0x0C, 0x00, 0x00, 0x00, 0x00, 0x80, 0xFE, 0x01, 0x60, 0x00, 0x00, 0x00, 0x00,
  0x00, 0xF4, 0x0F, 0x00, 0x03, 0x00, 0x00, 0x00, 0x00, 0xA0, 0x7F, 0x00, 0x18, 0x00, 0x00, 0x00,
  0x00, 0x00, 0xFD, 0x03, 0xC0, 0x00, 0x00, 0x00, 0x00, 0x00, 0xE8, 0x1F, 0x00, 0x06, 0x00, 0x00,
  0x00, 0x00, 0x40, 0xFF, 0x00, 0x30, 0x00, 0x00, 0x00, 0x00, 0x00, 0xFA, 0x07, 0x80, 0x01, 0x00,
  0x00, 0x00, 0x00, 0xD0, 0x3F, 0x00, 0x0C, 0x00, 0x00, 0x00, 0xD0, 0x3F, 0x00, 0x0C, 0x00, 0x00,
  0x00, 0x00, 0x80, 0xFE, 0x01, 0x60, 0x00, 0x00, 0x00, 0x00, 0x00, 0xF4, 0x0F, 0x00, 0x03, 0x00,
  0x00, 0x00, 0x00, 0xA0, 0x7F, 0x00, 0x18, 0x00, 0x00, 0x00, 0x00, 0x00, 0xFD, 0x03, 0xC0, 0x00,
  0x00, 0x00, 0x00, 0x00, 0xE8, 0x1F, 0x00, 0x06, 0x00, 0x00, 0x00, 0x00, 0x40, 0xFF, 0x00, 0x30,
  0x00, 0x00, 0x00, 0x00, 0x00, 0xFA, 0x07, 0x80, 0x01, 0x00, 0x00, 0x00, 0x00, 0xD0, 0x3F, 0x00,
  0x0C, 0x00, 0x00, 0x00, 0x00, 0x80, 0xFE, 0x01, 0x60, 0x00, 0x00, 0x00, 0x00, 0x00, 0xF4, 0x0F,
  0x00, 0x03, 0x00, 0x00, 0x00, 0x00, 0xA0, 0x7F, 0x00, 0x18, 0x00, 0x00, 0x00, 0x00, 0x00, 0xFD,
  0x03, 0xC0, 0x00, 0x00, 0x00, 0x00, 0x00, 0xE8, 0x1F, 0x00, 0x06, 0x00, 0x00, 0x00, 0x00, 0x40,
  0xFF, 0x00, 0x30, 0x00, 0x00, 0x00, 0x00, 0x00, 0xFA, 0x07, 0x80, 0x01, 0x00, 0x00, 0x00, 0x00,
  0xD0, 0x3F, 0x00, 0x0C, 0x00, 0x00, 0x00, 0x00, 0x80, 0xFE, 0x01, 0x60, 0x00, 0x00, 0x00, 0x00,
  0x00, 0xF4, 0x0F, 0x00, 0x03, 0x00, 0x00, 0x00, 0x00, 0xA0, 0x7F, 0x00, 0x18, 0x00, 0x00, 0x00,
  0x00, 0x00, 0xFD, 0x03, 0xC0, 0x00, 0x00, 0x00, 0x00, 0x00, 0xE8, 0x1F, 0x00, 0x06, 0x00, 0x00,
  0x00, 0x00, 0x40, 0xFF, 0x00, 0x30, 0x00, 0x00, 0x00, 0x40, 0xFF, 0xFA, 0x37, 0x00, 0x00, 0x00,
  0x00, 0x00, 0xFA, 0x07, 0x40, 0xE4, 0x0F, 0xEB, 0xFD, 0xBA, 0xAF, 0xFF, 0x1A, 0x5C, 0xF6, 0xCD,
  0x5C, 0x35, 0x80, 0xA3, 0xEF, 0x2F, 0xFA, 0xEB, 0xB2, 0x5F, 0x37, 0x3B, 0xCE, 0xCA, 0x98, 0x33,
  0x00, 0x1C, 0x7D, 0x7F, 0xDD, 0xD7, 0x8F, 0x7E, 0xFE, 0xEC, 0xC3, 0x7C, 0x15, 0x00, 0x47, 0xDF,
  0x5F, 0xF4, 0x75, 0x47, 0xBF, 0x2E, 0xFA, 0xBA, 0xE8, 0xF7, 0xB7, 0x0A, 0x80, 0x55, 0x7D, 0xEE,
  0xD6, 0x7F, 0xF4, 0xFD, 0xBF, 0x53, 0xFF, 0x00, 0x00, 0x00, 0x00, 0x00, 0x00, 0x00, 0x00, 0x00,
  0x00, 0x00, 0x00, 0x00, 0x00, 0x00, 0x00, 0x00, 0x00, 0x00, 0x00, 0x00, 0x00, 0x00, 0x00, 0x00,
  0x00, 0x00, 0x00, 0x00, 0x00, 0x00, 0x00, 0x00, 0x00, 0x00, 0x00, 0x00, 0x00, 0x00, 0x00, 0x00,
  0x00, 0x00, 0x00, 0x00, 0x00, 0x00, 0x00, 0x00, 0x00, 0x00, 0x00, 0x00, 0x00, 0x00, 0x00, 0xD8,
  0x0F, 0x80, 0xE8, 0x83, 0xFE, 0xAC, 0xD7, 0x8F, 0x06, 0x34, 0x7B, 0x00, 0xD1, 0x07, 0xF8, 0x68,
  0x08, 0xB3, 0xBF, 0x7E, 0xF6, 0xF7, 0xA9, 0x02, 0x10, 0x7D, 0xD0, 0x9F, 0xF5, 0xFA, 0x11, 0x20,
  0xB3, 0x01, 0x18, 0xBD, 0x26, 0xFA, 0xE0, 0x1D, 0x81, 0xD1, 0xFD, 0xFD, 0x57, 0x01, 0xB0, 0xBA,
  0xCF, 0xDD, 0xFA, 0x9F, 0xFD, 0xE0, 0x3E, 0xA3, 0x7F, 0x00, 0x00, 0x00, 0x00, 0x00, 0x00, 0x00,
  0x00, 0x00, 0x00, 0x00, 0x00, 0x00, 0x00, 0x00, 0x00, 0x00, 0x00, 0x00, 0x00, 0x00, 0x00, 0x00,
  0x00, 0x00, 0x00, 0x00, 0x00, 0x00, 0x00, 0x00, 0x00, 0x00, 0x00, 0x00, 0x00, 0x00, 0x00, 0x00,
  0x00, 0x00, 0x00, 0x00, 0x00, 0x00, 0x00, 0x00, 0x00, 0x00, 0x00, 0x00, 0x00, 0x00, 0x00, 0x00,
  0x00, 0x3C, 0x0F, 0x80, 0xEA, 0x07, 0x3E, 0xBA, 0x03, 0xC8, 0x7E, 0x9D, 0x55, 0x03, 0x38, 0xEB,
  0x0D, 0x9E, 0x3D, 0xBC, 0x59, 0x00, 0x54, 0xFF, 0x12, 0x96, 0x2E, 0x00, 0xD9, 0xAF, 0xB3, 0x0A,
  0x80, 0xEE, 0x07, 0xB4, 0xAA, 0xFF, 0xFD, 0xE8, 0x03, 0x65, 0x67, 0x03, 0xD0, 0xFD, 0x1F, 0xBD,
  0xDD, 0xFA, 0xCF, 0x7E, 0xB0, 0xEB, 0x0E, 0xFD, 0x03, 0x00, 0x00, 0x00, 0x00, 0x00, 0x00, 0x00,
  0x00, 0x00, 0x00, 0x00, 0x00, 0x00, 0x00, 0x00, 0x00, 0x00, 0x00, 0x00, 0x00, 0x00, 0x00, 0x00,
  0x00, 0x00, 0x00, 0x00, 0x00, 0x00, 0x00, 0x00, 0x00, 0x00, 0x00, 0x00, 0x00, 0x00, 0x00, 0x00,
  0x00, 0x00, 0x00, 0x00, 0x00, 0x00, 0x00, 0x00, 0x00, 0x00, 0x00, 0x00, 0x00, 0x00, 0x00, 0x00,
  0x00, 0x00, 0xA3, 0x37, 0xE6, 0xE8, 0x9F, 0x8F, 0xAE, 0x3A, 0x88, 0x4F, 0x03, 0xA0, 0x3B, 0x98,
  0xBB, 0x03, 0x30, 0x7A, 0x90, 0x1F, 0x5D, 0x15, 0x84, 0xBB, 0x00, 0x10, 0x7D, 0x90, 0x1F, 0xDD,
  0xAC, 0x0F, 0x94, 0x9D, 0x05, 0x40, 0xB5, 0xDB, 0x5D, 0xFB, 0x8F, 0x3E, 0xB8, 0xAF, 0xEC, 0x1F,
  0x00, 0x00, 0x00, 0x00, 0x00, 0x00, 0x00, 0x00, 0x00, 0x00, 0x00, 0x00, 0x00, 0x00, 0x00, 0x00,
  0x00, 0x00, 0x00, 0x00, 0x00, 0x00, 0x00, 0x00, 0x00, 0x00, 0x00, 0x00, 0x00, 0x00, 0x00, 0x00,
  0x00, 0x00, 0x00, 0x00, 0x00, 0x00, 0x00, 0x00, 0x00, 0x00, 0x00, 0x00, 0x00, 0x00, 0x00, 0x00,
  0x00, 0x00, 0x00, 0x00, 0x00, 0x00, 0x00, 0x00, 0x00, 0xC8, 0xBE, 0x81, 0xD5, 0x0F, 0x86, 0x65,
  0x87, 0xF3, 0x29, 0x1F, 0x04, 0xEB, 0x82, 0x91, 0xF9, 0x7E, 0xCF, 0x00, 0x20, 0xFB, 0x41, 0xAF,
  0xE8, 0xEB, 0xB3, 0x70, 0x5C, 0x0D, 0x40, 0xF4, 0x03, 0x5C, 0xD1, 0x0F, 0x86, 0x65, 0xE1, 0x38,
  0x1B, 0x80, 0x68, 0x9F, 0xBB, 0xF7, 0x9F, 0xED, 0xFD, 0x8A, 0xFE, 0x01, 0x00, 0x00, 0x00, 0x00,
  0x00, 0x00, 0x00, 0x00, 0x00, 0x00, 0x00, 0x00, 0x00, 0x00, 0x00, 0x00, 0x00, 0x00, 0x00, 0x00,
  0x00, 0x00, 0x00, 0x00, 0x00, 0x00, 0x00, 0x00, 0x00, 0x00, 0x00, 0x00, 0x00, 0x00, 0x00, 0x00,
  0x00, 0x00, 0x00, 0x00, 0x00, 0x00, 0x00, 0x00, 0x00, 0x00, 0x00, 0x00, 0x00, 0x00, 0x00, 0x00,
  0x00, 0x00, 0x00, 0xF0, 0x3C, 0x00, 0xAA, 0x6F, 0xE0, 0xEC, 0x0F, 0x76, 0x5C, 0xF5, 0x41, 0x90,
  0x55, 0xFF, 0x3D, 0x3B, 0xBC, 0xAB, 0x3E, 0x08, 0xD6, 0xFD, 0x60, 0xD6, 0xAC, 0x0F, 0x76, 0x5D,
  0xF5, 0x41, 0xB0, 0xEA, 0x03, 0x7C, 0xF6, 0x07, 0xBB, 0xAE, 0xFA, 0x20, 0x58, 0xB4, 0xBB, 0xD5,
  0x1F, 0xEC, 0xBA, 0x4B, 0xFF, 0xB3, 0x5E, 0x7F, 0x66, 0xFF, 0x00, 0x00, 0x00, 0x00, 0x00, 0x00,
  0x00, 0x00, 0x00, 0x00, 0x00, 0x00, 0x00, 0x00, 0x00, 0x00, 0x00, 0x00, 0x00, 0x00, 0x00, 0x00,
  0x00, 0x00, 0x00, 0x00, 0x00, 0x00, 0x00, 0x00, 0x00, 0x00, 0x00, 0x00, 0x00, 0x00, 0x00, 0x00,
  0x00, 0x00, 0x00, 0x00, 0x00, 0x00, 0x00, 0x00, 0x00, 0x00, 0x00, 0x00, 0x00, 0x00, 0x00, 0x00,
  0x00, 0x00, 0xD8, 0x0F, 0x80, 0xD1, 0x07, 0x30, 0xBA, 0xAF, 0x5F, 0x3D, 0xB0, 0xEE, 0x00, 0x46,
  0x1F, 0xC0, 0xE8, 0xBE, 0xBE, 0x0B, 0xC8, 0x6A, 0x00, 0x46, 0x1F, 0xC0, 0xEA, 0x7E, 0x50, 0xAB,
  0x0A, 0xCC, 0x59, 0x00, 0x8C, 0x3E, 0x80, 0xD5, 0x7D, 0x7D, 0x16, 0x8C, 0xB3, 0x01, 0xA8, 0xF6,
  0x3F, 0xEB, 0x41, 0xAF, 0xFF, 0xF5, 0xFD, 0x03, 0x00, 0x00, 0x00, 0x00, 0x00, 0x00, 0x00, 0x00,
  0x00, 0x00, 0x00, 0x00, 0x00, 0x00, 0x00, 0x00, 0x00, 0x00, 0x00, 0x00, 0x00, 0x00, 0x00, 0x00,
  0x00, 0x00, 0x00, 0x00, 0x00, 0x00, 0x00, 0x00, 0x00, 0x00, 0x00, 0x00, 0x00, 0x00, 0x00, 0x00,
  0x00, 0x00, 0x00, 0x00, 0x00, 0x00, 0x00, 0x00, 0x00, 0x00, 0x00, 0x00, 0x00, 0x00, 0x00, 0x60,
  0x5F, 0x00, 0x76, 0xBC, 0xCA, 0x1F, 0xDA, 0x4E, 0x57, 0x79, 0x68, 0xEE, 0x74, 0x95, 0x87, 0xE6,
  0x4E, 0xA7, 0x7F, 0xFD, 0x1B, 0x80, 0x01, 0x00, 0x00, 0x00, 0xFA, 0x07, 0x80, 0x01, 0x00, 0x00,
  0x00, 0x00, 0xD0, 0x3F, 0x00, 0x0C, 0x00, 0x00, 0x00, 0x00, 0x80, 0xFE, 0x01, 0x60, 0x00, 0x00,
  0x00, 0x00, 0x00, 0xF4, 0x0F, 0x00, 0x03, 0x00, 0x00, 0x00, 0x00, 0xA0, 0x7F, 0x00, 0x18, 0x00,
  0x00, 0x00, 0x00, 0x00, 0xFD, 0x03, 0xC0, 0x00, 0x00, 0x00, 0x00, 0x00, 0xE8, 0x1F, 0x00, 0x06,
  0x00, 0x00, 0x00, 0x00, 0x40, 0xFF, 0x00, 0x30, 0x00, 0x00, 0x00, 0x00, 0x00, 0xFA, 0x07, 0x80,
  0x01, 0x00, 0x00, 0x00, 0x00, 0xD0, 0x3F, 0x00, 0x0C, 0x00, 0x00, 0x00, 0x00, 0x80, 0xFE, 0x01,
  0x60, 0x00, 0x00, 0x00, 0x00, 0x00, 0xF4, 0x0F, 0x00, 0x03, 0x00, 0x00, 0x00, 0x00, 0xA0, 0x7F,
  0x00, 0x18, 0x00, 0x00, 0x00, 0x00, 0x00, 0xFD, 0x03, 0xC0, 0x00, 0x00, 0x00, 0x00, 0x00, 0xE8,
  0x1F, 0x00, 0x06, 0x00, 0x00, 0x00, 0x00, 0x40, 0xFF, 0x00, 0x30, 0x00, 0x00, 0x00, 0x00, 0x00,
  0xFA, 0x07, 0x80, 0x01, 0x00, 0x00, 0x00, 0x00, 0xD0, 0x3F, 0x00, 0x0C, 0x00, 0x00, 0x00, 0x00,
  0x80, 0xFE, 0x01, 0x60, 0x00, 0x00, 0x00, 0x00, 0x00, 0xF4, 0x0F, 0x00, 0x03, 0x00, 0x00, 0x00,
  0x00, 0xA0, 0x7F, 0x00, 0x18, 0x00, 0x00, 0x00, 0x00, 0x00, 0xFD, 0x03, 0xC0, 0x00, 0x00, 0x00,
  0x00, 0x00, 0xE8, 0x1F, 0x00, 0x06, 0x00, 0x00, 0x00, 0xE8, 0x1F, 0x00, 0x06, 0x00, 0x00, 0x00,
  0x00, 0x40, 0xFF, 0x00, 0x30, 0x00, 0x00, 0x00, 0x00, 0x00, 0xFA, 0x07, 0x80, 0x01, 0x00, 0x00,
  0x00, 0x00, 0xD0, 0x3F, 0x00, 0x0C, 0x00, 0x00, 0x00, 0x00, 0x80, 0xFE, 0x01, 0x60, 0x00, 0x00,
  0x00, 0x00, 0x00, 0xF4, 0x0F, 0x00, 0x03, 0x00, 0x00, 0x00, 0x00, 0xA0, 0x7F, 0x00, 0x18, 0x00,
  0x00, 0x00, 0x00, 0x00, 0xFD, 0x03, 0xC0, 0x00, 0x00, 0x00, 0x00, 0x00, 0xE8, 0x1F, 0x00, 0x06,
  0x00, 0x00, 0x00, 0x00, 0x40, 0xFF, 0x00, 0x30, 0x00, 0x00, 0x00, 0x00, 0x00, 0xFA, 0x07, 0x80,
  0x01, 0x00, 0x00, 0x00, 0x00, 0xD0, 0x3F, 0x00, 0x0C, 0x00, 0x00, 0x00, 0x00, 0x80, 0xFE, 0x01,
  0x60, 0x00, 0x00, 0x00, 0x00, 0x00, 0xF4, 0x0F, 0x00, 0x03, 0x00, 0x00, 0x00, 0x00, 0xA0, 0x7F,
  0x00, 0x18, 0x00, 0x00, 0x00, 0x00, 0x00, 0xFD, 0x03, 0xC0, 0x00, 0x00, 0x00, 0x00, 0x00, 0xE8,
  0x1F, 0x00, 0x06, 0x00, 0x00, 0x00, 0x00, 0x40, 0xFF, 0x00, 0x30, 0x00, 0x00, 0x00, 0x00, 0x00,
  0xFA, 0x07, 0x80, 0x01, 0x00, 0x00, 0x00, 0x00, 0xD0, 0x3F, 0x00, 0x0C, 0x00, 0x00, 0x00, 0x00,
  0x80, 0xFE, 0x01, 0x60, 0x00, 0x00, 0x00, 0x00, 0x00, 0xF4, 0x0F, 0x00, 0x03, 0x00, 0x00, 0x00,
  0x00, 0xA0, 0x7F, 0x00, 0x18, 0x00, 0x00, 0x00, 0xA0, 0x7F, 0xFD, 0x1B, 0x80, 0x01, 0x00, 0x00,
  0x00, 0xFA, 0x07, 0x80, 0x01, 0x00, 0x00, 0x00, 0x00, 0xD0, 0x3F, 0x00, 0x0C, 0x00, 0x00, 0x00,
  0x00, 0x80, 0xFE, 0x01, 0x60, 0x00, 0x00, 0x00, 0x00, 0x00, 0xF4, 0x0F, 0x00, 0x03, 0x00, 0x00,
  0x00, 0x00, 0xA0, 0x7F, 0x00, 0x18, 0x00, 0x00, 0x00, 0x00, 0x00, 0xFD, 0x03, 0xC0, 0x00, 0x00,
  0x00, 0x00, 0x00, 0xE8, 0x1F, 0x00, 0x06, 0x00, 0x00, 0x00, 0x00, 0x40, 0xFF, 0x00, 0x30, 0x00,
  0x00, 0x00, 0x00, 0x00, 0xFA, 0x07, 0x80, 0x01, 0x00, 0x00, 0x00, 0x00, 0xD0, 0x3F, 0x00, 0x0C,
  0x00, 0x00, 0x00, 0x00, 0x80, 0xFE, 0x01, 0x60, 0x00, 0x00, 0x00, 0x00, 0x00, 0xF4, 0x0F, 0x00,
  0x03, 0x00, 0x00, 0x00, 0x00, 0xA0, 0x7F, 0x00, 0x18, 0x00, 0x00, 0x00, 0x00, 0x00, 0xFD, 0x03,
  0xC0, 0x00, 0x00, 0x00, 0x00, 0x00, 0xE8, 0x1F, 0x00, 0x06, 0x00, 0x00, 0x00, 0x00, 0x40, 0xFF,
  0x00, 0x30, 0x00, 0x00, 0x00, 0x00, 0x00, 0xFA, 0x07, 0x80, 0x01, 0x00, 0x00, 0x00, 0x00, 0xD0,
  0x3F, 0x00, 0x0C, 0x00, 0x00, 0x00, 0x00, 0x80, 0xFE, 0x01, 0x60, 0x00, 0x00, 0x00, 0x00, 0x00,
  0xF4, 0x0F, 0x00, 0x03, 0x00, 0x00, 0x00, 0x00, 0xA0, 0x7F, 0x00, 0x18, 0x00, 0x00, 0x00, 0x00,
  0x00, 0xFD, 0x03, 0xC0, 0x00, 0x00, 0x00, 0x00, 0x00, 0xE8, 0x1F, 0x00, 0x06, 0x00, 0x00, 0x00,
  0xE8, 0x1F, 0x00, 0x06, 0x00, 0x00, 0x00, 0x00, 0x40, 0xFF, 0x00, 0x30, 0x00, 0x00, 0x00, 0x00,
  0x00, 0xFA, 0x07, 0x80, 0x01, 0x00, 0x00, 0x00, 0x00, 0xD0, 0x3F, 0x00, 0x0C, 0x00, 0x00, 0x00,
  0x00, 0x80, 0xFE, 0x01, 0x60, 0x00, 0x00, 0x00, 0x00, 0x00, 0xF4, 0x0F, 0x00, 0x03, 0x00, 0x00,
  0x00, 0x00, 0xA0, 0x7F, 0x00, 0x18, 0x00, 0x00, 0x00, 0x00, 0x00, 0xFD, 0x03, 0xC0, 0x00, 0x00,
  0x00, 0x00, 0x00, 0xE8, 0x1F, 0x00, 0x06, 0x00, 0x00, 0x00, 0x00, 0x40, 0xFF, 0x00, 0x30, 0x00,
  0x00, 0x00, 0x00, 0x00, 0xFA, 0x07, 0x80, 0x01, 0x00, 0x00, 0x00, 0x00, 0xD0, 0x3F, 0x00, 0x0C,
  0x00, 0x00, 0x00, 0x00, 0x80, 0xFE, 0x01, 0x60, 0x00, 0x00, 0x00, 0x00, 0x00, 0xF4, 0x0F, 0x00,
  0x03, 0x00, 0x00, 0x00, 0x00, 0xA0, 0x7F, 0x00, 0x18, 0x00, 0x00, 0x00, 0x00, 0x00, 0xFD, 0x03,
  0xC0, 0x00, 0x00, 0x00, 0x00, 0x00, 0xE8, 0x1F, 0x00, 0x06, 0x00, 0x00, 0x00, 0x00, 0x40, 0xFF,
  0x00, 0x30, 0x00, 0x00, 0x00, 0x00, 0x00, 0xFA, 0x07, 0x80, 0x01, 0x00, 0x00, 0x00, 0x00, 0xD0,
  0x3F, 0x00, 0x0C, 0x00, 0x00, 0x00, 0x00, 0x80, 0xFE, 0x01, 0x60, 0x00, 0x00, 0x00, 0x00, 0x00,
  0xF4, 0x0F, 0x00, 0x03, 0x00, 0x00, 0x00, 0x00, 0xA0, 0x7F, 0x00, 0x18, 0x00, 0x00, 0x00, 0xA0,
  0x7F, 0xFD, 0x1B, 0x00, 0x00, 0x00, 0x00, 0x00, 0xFD, 0x3F, 0x17, 0x00, 0xE7, 0x9C, 0x73, 0xCE,
  0x39, 0xE7, 0x9C, 0x73, 0xCE, 0x39, 0xE7, 0x9C, 0x73, 0xCE, 0x39, 0xE7, 0x9C, 0x73, 0xCE, 0x39,
  0xE7, 0x9C, 0x73, 0xCE, 0x39, 0xE7, 0x9C, 0x73, 0xCE, 0x7D, 0xCE, 0xFD, 0xF6, 0xD0, 0x7B, 0xFD,
  0xFC, 0x7F, 0x3C, 0xF4, 0x5E, 0x3F, 0xFF, 0xDF, 0x0F, 0xBD, 0xD7, 0xCF, 0xFF, 0xEF, 0x43, 0x4F,
  0xFF, 0xFA, 0x37, 0x00, 0x03, 0x00, 0x00, 0x00, 0xF4, 0x0F, 0x00, 0x03, 0x00, 0x00, 0x00, 0x00,
  0xA0, 0x7F, 0x00, 0x18, 0x00, 0x00, 0x00, 0x00, 0x00, 0xFD, 0x03, 0xC0, 0x00, 0x00, 0x00, 0x00,
  0x00, 0xE8, 0x1F, 0x00, 0x06, 0x00, 0x00, 0x00, 0x00, 0x40, 0xFF, 0x00, 0x30, 0x00, 0x00, 0x00,
  0x00, 0x00, 0xFA, 0x07, 0x80, 0x01, 0x00, 0x00, 0x00, 0x00, 0xD0, 0x3F, 0x00, 0x0C, 0x00, 0x00,
  0x00, 0x00, 0x80, 0xFE, 0x01, 0x60, 0x00, 0x00, 0x00, 0x00, 0x00, 0xF4, 0x0F, 0x00, 0x03, 0x00,
  0x00, 0x00, 0x00, 0xA0, 0x7F, 0x00, 0x18, 0x00, 0x00, 0x00, 0x00, 0x00, 0xFD, 0x03, 0xC0, 0x00,
  0x00, 0x00, 0x00, 0x00, 0xE8, 0x1F, 0x00, 0x06, 0x00, 0x00, 0x00, 0x00, 0x40, 0xFF, 0x00, 0x30,
  0x00, 0x00, 0x00, 0x00, 0x00, 0xFA, 0x07, 0x80, 0x01, 0x00, 0x00, 0x00, 0x00, 0xD0, 0x3F, 0x00,
  0x0C, 0x00, 0x00, 0x00, 0x00, 0x80, 0xFE, 0x01, 0x60, 0x00, 0x00, 0x00, 0x00, 0x00, 0xF4, 0x0F,
  0x00, 0x03, 0x00, 0x00, 0x00, 0x00, 0xA0, 0x7F, 0x00, 0x18, 0x00, 0x00, 0x00, 0x00, 0x00, 0xFD,
  0x03, 0xC0, 0x00, 0x00, 0x00, 0x00, 0x00, 0xE8, 0x1F, 0x00, 0x06, 0x00, 0x00, 0x00, 0x00, 0x40,
  0xFF, 0x00, 0x30, 0x00, 0x00, 0x00, 0x00, 0x00, 0xFA, 0x07, 0x80, 0x01, 0x00, 0x00, 0x00, 0x00,
  0xD0, 0x3F, 0x00, 0x0C, 0x00, 0x00, 0x00, 0xD0, 0x3F, 0x00, 0x0C, 0x00, 0x00, 0x00, 0x00, 0x80,
  0xFE, 0x01, 0x60, 0x00, 0x00, 0x00, 0x00, 0x00, 0xF4, 0x0F, 0x00, 0x03, 0x00, 0x00, 0x00, 0x00,
  0xA0, 0x7F, 0x00, 0x18, 0x00, 0x00, 0x00, 0x00, 0x00, 0xFD, 0x03, 0xC0, 0x00, 0x00, 0x00, 0x00,
  0x00, 0xE8, 0x1F, 0x00, 0x06, 0x00, 0x00, 0x00, 0x00, 0x40, 0xFF, 0x00, 0x30, 0x00, 0x00, 0x00,
  0x00, 0x00, 0xFA, 0x07, 0x80, 0x01, 0x00, 0x00, 0x00, 0x00, 0xD0, 0x3F, 0x00, 0x0C, 0x00, 0x00,
  0x00, 0x00, 0x80, 0xFE, 0x01, 0x60, 0x00, 0x00, 0x00, 0x00, 0x00, 0xF4, 0x0F, 0x00, 0x03, 0x00,
  0x00, 0x00, 0x00, 0xA0, 0x7F, 0x00, 0x18, 0x00, 0x00, 0x00, 0x00, 0x00, 0xFD, 0x03, 0xC0, 0x00,
  0x00, 0x00, 0x00, 0x00, 0xE8, 0x1F, 0x00, 0x06, 0x00, 0x00, 0x00, 0x00, 0x40, 0xFF, 0x00, 0x30,
  0x00, 0x00, 0x00, 0x00, 0x00, 0xFA, 0x07, 0x80, 0x01, 0x00, 0x00, 0x00, 0x00, 0xD0, 0x3F, 0x00,
  0x0C, 0x00, 0x00, 0x00, 0x00, 0x80, 0xFE, 0x01, 0x60, 0x00, 0x00, 0x00, 0x00, 0x00, 0xF4, 0x0F,
  0x00, 0x03, 0x00, 0x00, 0x00, 0x00, 0xA0, 0x7F, 0x00, 0x18, 0x00, 0x00, 0x00, 0x00, 0x00, 0xFD,
  0x03, 0xC0, 0x00, 0x00, 0x00, 0x00, 0x00, 0xE8, 0x1F, 0x00, 0x06, 0x00, 0x00, 0x00, 0x00, 0x40,
  0xFF, 0x00, 0x30, 0x00, 0x00, 0x00, 0x40, 0xFF, 0xFA, 0x37, 0x00, 0x03, 0x00, 0x00, 0x00, 0xF4,
  0x0F, 0x00, 0x03, 0x00, 0x00, 0x00, 0x00, 0xA0, 0x7F, 0x00, 0x18, 0x00, 0x00, 0x00, 0x00, 0x00,
  0xFD, 0x03, 0xC0, 0x00, 0x00, 0x00, 0x00, 0x00, 0xE8, 0x1F, 0x00, 0x06, 0x00, 0x00, 0x00, 0x00,
  0x40, 0xFF, 0x00, 0x30, 0x00, 0x00, 0x00, 0x00, 0x00, 0xFA, 0x07, 0x80, 0x01, 0x00, 0x00, 0x00,
  0x00, 0xD0, 0x3F, 0x00, 0x0C, 0x00, 0x00, 0x00, 0x00, 0x80, 0xFE, 0x01, 0x60, 0x00, 0x00, 0x00,
  0x00, 0x00, 0xF4, 0x0F, 0x00, 0x03, 0x00, 0x00, 0x00, 0x00, 0xA0, 0x7F, 0x00, 0x18, 0x00, 0x00,
  0x00, 0x00, 0x00, 0xFD, 0x03, 0xC0, 0x00, 0x00, 0x00, 0x00, 0x00, 0xE8, 0x1F, 0x00, 0x06, 0x00,
  0x00, 0x00, 0x00, 0x40, 0xFF, 0x00, 0x30, 0x00, 0x00, 0x00, 0x00, 0x00, 0xFA, 0x07, 0x80, 0x01,
  0x00, 0x00, 0x00, 0x00, 0xD0, 0x3F, 0x00, 0x0C, 0x00, 0x00, 0x00, 0x00, 0x80, 0xFE, 0x01, 0x60,
  0x00, 0x00, 0x00, 0x00, 0x00, 0xF4, 0x0F, 0x00, 0x03, 0x00, 0x00, 0x00, 0x00, 0xA0, 0x7F, 0x00,
  0x18, 0x00, 0x00, 0x00, 0x00, 0x00, 0xFD, 0x03, 0xC0, 0x00, 0x00, 0x00, 0x00, 0x00, 0xE8, 0x1F,
  0x00, 0x06, 0x00, 0x00, 0x00, 0x00, 0x40, 0xFF, 0x00, 0x30, 0x00, 0x00, 0x00, 0x00, 0x00, 0xFA,
  0x07, 0x80, 0x01, 0x00, 0x00, 0x00, 0x00, 0xD0, 0x3F, 0x00, 0x0C, 0x00, 0x00, 0x00, 0xD0, 0x3F,
  0x00, 0x0C, 0x00, 0x00, 0x00, 0x00, 0x80, 0xFE, 0x01, 0x60, 0x00, 0x00, 0x00, 0x00, 0x00, 0xF4,
  0x0F, 0x00, 0x03, 0x00, 0x00, 0x00, 0x00, 0xA0, 0x7F, 0x00, 0x18, 0x00, 0x00, 0x00, 0x00, 0x00,
  0xFD, 0x03, 0xC0, 0x00, 0x00, 0x00, 0x00, 0x00, 0xE8, 0x1F, 0x00, 0x06, 0x00, 0x00, 0x00, 0x00,
  0x40, 0xFF, 0x00, 0x30, 0x00, 0x00, 0x00, 0x00, 0x00, 0xFA, 0x07, 0x80, 0x01, 0x00, 0x00, 0x00,
  0x00, 0xD0, 0x3F, 0x00, 0x0C, 0x00, 0x00, 0x00, 0x00, 0x80, 0xFE, 0x01, 0x60, 0x00, 0x00, 0x00,
  0x00, 0x00, 0xF4, 0x0F, 0x00, 0x03, 0x00, 0x00, 0x00, 0x00, 0xA0, 0x7F, 0x00, 0x18, 0x00, 0x00,
  0x00, 0x00, 0x00, 0xFD, 0x03, 0xC0, 0x00, 0x00, 0x00, 0x00, 0x00, 0xE8, 0x1F, 0x00, 0x06, 0x00,
  0x00, 0x00, 0x00, 0x40, 0xFF, 0x00, 0x30, 0x00, 0x00, 0x00, 0x00, 0x00, 0xFA, 0x07, 0x80, 0x01,
  0x00, 0x00, 0x00, 0x00, 0xD0, 0x3F, 0x00, 0x0C, 0x00, 0x00, 0x00, 0x00, 0x80, 0xFE, 0x01, 0x60,
  0x00, 0x00, 0x00, 0x00, 0x00, 0xF4, 0x0F, 0x00, 0x03, 0x00, 0x00, 0x00, 0x00, 0xA0, 0x7F, 0x00,
  0x18, 0x00, 0x00, 0x00, 0x00, 0x00, 0xFD, 0x03, 0xC0, 0x00, 0x00, 0x00, 0x00, 0x00, 0xE8, 0x1F,
  0x00, 0x06, 0x00, 0x00, 0x00, 0x00, 0x40, 0xFF, 0x00, 0x30, 0x00, 0x00, 0x00, 0x40, 0xFF, 0xFA,
  0x37, 0x00, 0x00, 0x00, 0x00, 0x00, 0xFA, 0x07, 0x40, 0xE4, 0x0F, 0xEB, 0xFD, 0xBA, 0xAF, 0xFF,
  0x1A, 0x5C, 0xF6, 0xF5, 0x95, 0x9F, 0x29, 0xF5, 0x87, 0xF5, 0x76, 0xD1, 0x5F, 0x97, 0xFD, 0xBA,
  0x47, 0xBF, 0x2E, 0xFA, 0xF3, 0xCF, 0x06, 0xE0, 0xE8, 0xF7, 0xE9, 0xBE, 0x7E, 0xF4, 0x73, 0x64,
  0x5F, 0x5F, 0xF9, 0x99, 0x32, 0x0F, 0xCB, 0xF7, 0x8B, 0xBE, 0xEE, 0xE8, 0xD7, 0x45, 0x5F, 0x57,
  0xFD, 0xFA, 0xB3, 0x00, 0xE8, 0x74, 0xF6, 0xF3, 0xAF, 0xDF, 0xBD, 0xFF, 0x6C, 0x9F, 0x77, 0xE8,
  0x1F, 0x00, 0x00, 0x00, 0x00, 0x00, 0x00, 0x00, 0x00, 0x00, 0x00, 0x00, 0x00, 0x00, 0x00, 0x00,
  0x00, 0x00, 0x00, 0x00, 0x00, 0x00, 0x00, 0x00, 0x00, 0x00, 0x00, 0x00, 0x00, 0x00, 0x00, 0x00,
  0x00, 0x00, 0x00, 0x00, 0x00, 0x00, 0x00, 0x00, 0x00, 0x00, 0x00, 0x00, 0x00, 0x00, 0x00, 0x00,
  0x00, 0x00, 0x00, 0x00, 0x00, 0x00, 0x00, 0x00, 0x00, 0xFB, 0x01, 0x10, 0x7D, 0xD0, 0xDF, 0xE5,
  0xF5, 0xB3, 0x3F, 0x08, 0x12, 0x7D, 0x80, 0x8F, 0xDE, 0xA8, 0x59, 0x5F, 0x3F, 0xF3, 0x06, 0xCF,
  0x00, 0x20, 0xFA, 0xA0, 0xBF, 0xCB, 0xEB, 0x67, 0x7F, 0x10, 0x6C, 0xF4, 0x9A, 0xE8, 0x03, 0x77,
  0xF4, 0x40, 0x8F, 0xFE, 0xBA, 0xCC, 0x03, 0x7E, 0x06, 0x00, 0xD9, 0x3E, 0x47, 0x0F, 0xEC, 0xD5,
  0xCF, 0x97, 0xAB, 0xFB, 0xCF, 0xF6, 0x79, 0x87, 0xFE, 0x01, 0x00, 0x00, 0x00, 0x00, 0x00, 0x00,
  0x00, 0x00, 0x00, 0x00, 0x00, 0x00, 0x00, 0x00, 0x00, 0x00, 0x00, 0x00, 0x00, 0x00, 0x00, 0x00,
  0x00, 0x00, 0x00, 0x00, 0x00, 0x00, 0x00, 0x00, 0x00, 0x00, 0x00, 0x00, 0x00, 0x00, 0x00, 0x00,
  0x00, 0x00, 0x00, 0x00, 0x00, 0x00, 0x00, 0x00, 0x00, 0x00, 0x00, 0x00, 0x00, 0x00, 0x00, 0x00,
  0x00, 0xF0, 0x3C, 0x00, 0xAA, 0x1F, 0xF8, 0xE8, 0x0E, 0xA0, 0xFB, 0xC1, 0x94, 0x59, 0x03, 0x98,
  0xFD, 0x06, 0x47, 0x07, 0xD0, 0xF9, 0x00, 0xC8, 0x4C, 0x00, 0xAA, 0x0F, 0xDD, 0x2E, 0x00, 0x9D,
  0x0F, 0x80, 0xCD, 0x04, 0xA0, 0xFA, 0xE0, 0xEF, 0x02, 0xD0, 0xF9, 0x00, 0xD8, 0x4C, 0x00, 0xBA,
  0x0F, 0xEE, 0xDD, 0xFA, 0xAF, 0x7E, 0xB0, 0xEB, 0xCA, 0xFE, 0x01, 0x00, 0x00, 0x00, 0x00, 0x00,
  0x00, 0x00, 0x00, 0x00, 0x00, 0x00, 0x00, 0x00, 0x00, 0x00, 0x00, 0x00, 0x00, 0x00, 0x00, 0x00,
  0x00, 0x00, 0x00, 0x00, 0x00, 0x00, 0x00, 0x00, 0x00, 0x00, 0x00, 0x00, 0x00, 0x00, 0x00, 0x00,
  0x00, 0x00, 0x00, 0x00, 0x00, 0x00, 0x00, 0x00, 0x00, 0x00, 0x00, 0x00, 0x00, 0x00, 0x00, 0x00,
  0x00, 0x00, 0x00, 0x80, 0xD1, 0x1B, 0xBF, 0xF2, 0x0D, 0xCD, 0x7E, 0xBF, 0x77, 0x02, 0x60, 0xC6,
  0x1B, 0x9A, 0xFD, 0x7E, 0xCF, 0x04, 0xE0, 0xE8, 0xEB, 0xCC, 0x7C, 0xA0, 0x67, 0xBF, 0xDF, 0x33,
  0x00, 0x88, 0x7E, 0x10, 0x6C, 0xC6, 0x03, 0x3D, 0xFB, 0xFD, 0x5E, 0xF1, 0x3F, 0x80, 0xA3, 0xFF,
  0x31, 0xDC, 0xAD, 0xFF, 0x33, 0x1F, 0xE8, 0xD5, 0xFE, 0x01, 0x00, 0x00, 0x00, 0x00, 0x00, 0x00,
  0x00, 0x00, 0x00, 0x00, 0x00, 0x00, 0x00, 0x00, 0x00, 0x00, 0x00, 0x00, 0x00, 0x00, 0x00, 0x00,
  0x00, 0x00, 0x00, 0x00, 0x00, 0x00, 0x00, 0x00, 0x00, 0x00, 0x00, 0x00, 0x00, 0x00, 0x00, 0x00,
  0x00, 0x00, 0x00, 0x00, 0x00, 0x00, 0x00, 0x00, 0x00, 0x00, 0x00, 0x00, 0x00, 0x00, 0x00, 0x00,
  0x00, 0x00, 0x80, 0xD1, 0x1B, 0x98, 0x05, 0xE2, 0x29, 0x00, 0x9C, 0xF5, 0xFB, 0x9D, 0x0D, 0x40,
  0xF5, 0x83, 0x5E, 0xAB, 0x7E, 0xBF, 0xAB, 0x00, 0x88, 0xFE, 0x05, 0x2F, 0xAB, 0x3F, 0x78, 0x76,
  0x16, 0x00, 0xD1, 0x07, 0xFB, 0xEE, 0xFD, 0x67, 0x7B, 0xBF, 0xA2, 0x7F, 0x00, 0x00, 0x00, 0x00,
  0x00, 0x00, 0x00, 0x00, 0x00, 0x00, 0x00, 0x00, 0x00, 0x00, 0x00, 0x00, 0x00, 0x00, 0x00, 0x00,
  0x00, 0x00, 0x00, 0x00, 0x00, 0x00, 0x00, 0x00, 0x00, 0x00, 0x00, 0x00, 0x00, 0x00, 0x00, 0x00,
  0x00, 0x00, 0x00, 0x00, 0x00, 0x00, 0x00, 0x00, 0x00, 0x00, 0x00, 0x00, 0x00, 0x00, 0x00, 0x00,
  0x00, 0x00, 0x00, 0x00, 0x3C, 0x0F, 0x80, 0xEC, 0x1B, 0x18, 0x7D, 0x7D, 0xF6, 0xDF, 0x5F, 0x35,
  0x80, 0x55, 0xFF, 0x3D, 0xFB, 0xEF, 0xAF, 0x02, 0x60, 0xF4, 0x01, 0xAF, 0xEE, 0x07, 0xC4, 0x66,
  0x7D, 0x3F, 0xAB, 0x00, 0xC8, 0x3E, 0xC0, 0xA3, 0xAF, 0xCF, 0xFE, 0xFB, 0xAB, 0x00, 0x88, 0xF6,
  0x36, 0xAB, 0xF3, 0xBB, 0xF7, 0x3F, 0xEB, 0xF5, 0x67, 0xF6, 0x0F, 0x00, 0x00, 0x00, 0x00, 0x00,
  0x00, 0x00, 0x00, 0x00, 0x00, 0x00, 0x00, 0x00, 0x00, 0x00, 0x00, 0x00, 0x00, 0x00, 0x00, 0x00,
  0x00, 0x00, 0x00, 0x00, 0x00, 0x00, 0x00, 0x00, 0x00, 0x00, 0x00, 0x00, 0x00, 0x00, 0x00, 0x00,
  0x00, 0x00, 0x00, 0x00, 0x00, 0x00, 0x00, 0x00, 0x00, 0x00, 0x00, 0x00, 0x00, 0x00, 0x00, 0x00,
  0x00, 0x00, 0x80, 0xFD, 0x00, 0x18, 0x7D, 0xC0, 0xA3, 0xFB, 0xFA, 0xEA, 0x1B, 0x9A, 0xFD, 0x7E,
  0xAA, 0x03, 0xF8, 0xE5, 0x0F, 0xEB, 0xED, 0xBA, 0xAF, 0xEF, 0x02, 0x11, 0xFD, 0x7E, 0xAA, 0x00,
  0x8C, 0xFE, 0xE2, 0x96, 0xEC, 0x5F, 0xF0, 0x92, 0xFD, 0xE0, 0x57, 0xF6, 0xF7, 0xA9, 0x7C, 0x68,
  0x2C, 0xF3, 0xB0, 0x7C, 0xBF, 0xEE, 0xEB, 0xAB, 0x0F, 0xF4, 0xEC, 0xF7, 0x53, 0x05, 0x60, 0x56,
  0x6F, 0xFA, 0xBF, 0x6F, 0xFF, 0x00, 0x00, 0x00, 0x00, 0x00, 0x00, 0x00, 0x00, 0x00, 0x00, 0x00,
  0x00, 0x00, 0x00, 0x00, 0x00, 0x00, 0x00, 0x00, 0x00, 0x00, 0x00, 0x00, 0x00, 0x00, 0x00, 0x00,
  0x00, 0x00, 0x00, 0x00, 0x00, 0x00, 0x00, 0x00, 0x00, 0x00, 0x00, 0x00, 0x00, 0x00, 0x00, 0x00,
  0x00, 0x00, 0x00, 0x00, 0x00, 0x00, 0x00, 0x00, 0x00, 0x00, 0x00, 0x00, 0x00, 0xD8, 0x17, 0x80,
  0x1D, 0xAF, 0xF2, 0x87, 0xB6, 0xD3, 0x55, 0x1E, 0x9A, 0x3B, 0x5D, 0xE5, 0xA1, 0xB9, 0xD3, 0xE9,
  0x5F, 0xFF, 0x06, 0x60, 0x00, 0x00, 0x00, 0x80, 0xFE, 0x01, 0x60, 0x00, 0x00, 0x00, 0x00, 0x00,
  0xF4, 0x0F, 0x00, 0x03, 0x00, 0x00, 0x00, 0x00, 0xA0, 0x7F, 0x00, 0x18, 0x00, 0x00, 0x00, 0x00,
  0x00, 0xFD, 0x03, 0xC0, 0x00, 0x00, 0x00, 0x00, 0x00, 0xE8, 0x1F, 0x00, 0x06, 0x00, 0x00, 0x00,
  0x00, 0x40, 0xFF, 0x00, 0x30, 0x00, 0x00, 0x00, 0x00, 0x00, 0xFA, 0x07, 0x80, 0x01, 0x00, 0x00,
  0x00, 0x00, 0xD0, 0x3F, 0x00, 0x0C, 0x00, 0x00, 0x00, 0x00, 0x80, 0xFE, 0x01, 0x60, 0x00, 0x00,
  0x00, 0x00, 0x00, 0xF4, 0x0F, 0x00, 0x03, 0x00, 0x00, 0x00, 0x00, 0xA0, 0x7F, 0x00, 0x18, 0x00,
  0x00, 0x00, 0x00, 0x00, 0xFD, 0x03, 0xC0, 0x00, 0x00, 0x00, 0x00, 0x00, 0xE8, 0x1F, 0x00, 0x06,
  0x00, 0x00, 0x00, 0x00, 0x40, 0xFF, 0x00, 0x30, 0x00, 0x00, 0x00, 0x00, 0x00, 0xFA, 0x07, 0x80,
  0x01, 0x00, 0x00, 0x00, 0x00, 0xD0, 0x3F, 0x00, 0x0C, 0x00, 0x00, 0x00, 0x00, 0x80, 0xFE, 0x01,
  0x60, 0x00, 0x00, 0x00, 0x00, 0x00, 0xF4, 0x0F, 0x00, 0x03, 0x00, 0x00, 0x00, 0x00, 0xA0, 0x7F,
  0x00, 0x18, 0x00, 0x00, 0x00, 0x00, 0x00, 0xFD, 0x03, 0xC0, 0x00, 0x00, 0x00, 0x00, 0x00, 0xE8,
  0x1F, 0x00, 0x06, 0x00, 0x00, 0x00, 0x00, 0x40, 0xFF, 0x00, 0x30, 0x00, 0x00, 0x00, 0x00, 0x00,
  0xFA, 0x07, 0x80, 0x01, 0x00, 0x00, 0x00, 0xFA, 0x07, 0x80, 0x01, 0x00, 0x00, 0x00, 0x00, 0xD0,
  0x3F, 0x00, 0x0C, 0x00, 0x00, 0x00, 0x00, 0x80, 0xFE, 0x01, 0x60, 0x00, 0x00, 0x00, 0x00, 0x00,
  0xF4, 0x0F, 0x00, 0x03, 0x00, 0x00, 0x00, 0x00, 0xA0, 0x7F, 0x00, 0x18, 0x00, 0x00, 0x00, 0x00,
  0x00, 0xFD, 0x03, 0xC0, 0x00, 0x00, 0x00, 0x00, 0x00, 0xE8, 0x1F, 0x00, 0x06, 0x00, 0x00, 0x00,
  0x00, 0x40, 0xFF, 0x00, 0x30, 0x00, 0x00, 0x00, 0x00, 0x00, 0xFA, 0x07, 0x80, 0x01, 0x00, 0x00,
  0x00, 0x00, 0xD0, 0x3F, 0x00, 0x0C, 0x00, 0x00, 0x00, 0x00, 0x80, 0xFE, 0x01, 0x60, 0x00, 0x00,
  0x00, 0x00, 0x00, 0xF4, 0x0F, 0x00, 0x03, 0x00, 0x00, 0x00, 0x00, 0xA0, 0x7F, 0x00, 0x18, 0x00,
  0x00, 0x00, 0x00, 0x00, 0xFD, 0x03, 0xC0, 0x00, 0x00, 0x00, 0x00, 0x00, 0xE8, 0x1F, 0x00, 0x06,
  0x00, 0x00, 0x00, 0x00, 0x40, 0xFF, 0x00, 0x30, 0x00, 0x00, 0x00, 0x00, 0x00, 0xFA, 0x07, 0x80,
  0x01, 0x00, 0x00, 0x00, 0x00, 0xD0, 0x3F, 0x00, 0x0C, 0x00, 0x00, 0x00, 0x00, 0x80, 0xFE, 0x01,
  0x60, 0x00, 0x00, 0x00, 0x00, 0x00, 0xF4, 0x0F, 0x00, 0x03, 0x00, 0x00, 0x00, 0x00, 0xA0, 0x7F,
  0x00, 0x18, 0x00, 0x00, 0x00, 0x00, 0x00, 0xFD, 0x03, 0xC0, 0x00, 0x00, 0x00, 0x00, 0x00, 0xE8,
  0x1F, 0x00, 0x06, 0x00, 0x00, 0x00, 0xE8, 0x5F, 0xFF, 0x06, 0x60, 0x00, 0x00, 0x00, 0x80, 0xFE,
  0x01, 0x60, 0x00, 0x00, 0x00, 0x00, 0x00, 0xF4, 0x0F, 0x00, 0x03, 0x00, 0x00, 0x00, 0x00, 0xA0,
  0x7F, 0x00, 0x18, 0x00, 0x00, 0x00, 0x00, 0x00, 0xFD, 0x03, 0xC0, 0x00, 0x00, 0x00, 0x00, 0x00,
  0xE8, 0x1F, 0x00, 0x06, 0x00, 0x00, 0x00, 0x00, 0x40, 0xFF, 0x00, 0x30, 0x00, 0x00, 0x00, 0x00,
  0x00, 0xFA, 0x07, 0x80, 0x01, 0x00, 0x00, 0x00, 0x00, 0xD0, 0x3F, 0x00, 0x0C, 0x00, 0x00, 0x00,
  0x00, 0x80, 0xFE, 0x01, 0x60, 0x00, 0x00, 0x00, 0x00, 0x00, 0xF4, 0x0F, 0x00, 0x03, 0x00, 0x00,
  0x00, 0x00, 0xA0, 0x7F, 0x00, 0x18, 0x00, 0x00, 0x00, 0x00, 0x00, 0xFD, 0x03, 0xC0, 0x00, 0x00,
  0x00, 0x00, 0x00, 0xE8, 0x1F, 0x00, 0x06, 0x00, 0x00, 0x00, 0x00, 0x40, 0xFF, 0x00, 0x30, 0x00,
  0x00, 0x00, 0x00, 0x00, 0xFA, 0x07, 0x80, 0x01, 0x00, 0x00, 0x00, 0x00, 0xD0, 0x3F, 0x00, 0x0C,
  0x00, 0x00, 0x00, 0x00, 0x80, 0xFE, 0x01, 0x60, 0x00, 0x00, 0x00, 0x00, 0x00, 0xF4, 0x0F, 0x00,
  0x03, 0x00, 0x00, 0x00, 0x00, 0xA0, 0x7F, 0x00, 0x18, 0x00, 0x00, 0x00, 0x00, 0x00, 0xFD, 0x03,
  0xC0, 0x00, 0x00, 0x00, 0x00, 0x00, 0xE8, 0x1F, 0x00, 0x06, 0x00, 0x00, 0x00, 0x00, 0x40, 0xFF,
  0x00, 0x30, 0x00, 0x00, 0x00, 0x00, 0x00, 0xFA, 0x07, 0x80, 0x01, 0x00, 0x00, 0x00, 0xFA, 0x07,
  0x80, 0x01, 0x00, 0x00, 0x00, 0x00, 0xD0, 0x3F, 0x00, 0x0C, 0x00, 0x00, 0x00, 0x00, 0x80, 0xFE,
  0x01, 0x60, 0x00, 0x00, 0x00, 0x00, 0x00, 0xF4, 0x0F, 0x00, 0x03, 0x00, 0x00, 0x00, 0x00, 0xA0,
  0x7F, 0x00, 0x18, 0x00, 0x00, 0x00, 0x00, 0x00, 0xFD, 0x03, 0xC0, 0x00, 0x00, 0x00, 0x00, 0x00,
  0xE8, 0x1F, 0x00, 0x06, 0x00, 0x00, 0x00, 0x00, 0x40, 0xFF, 0x00, 0x30, 0x00, 0x00, 0x00, 0x00,
  0x00, 0xFA, 0x07, 0x80, 0x01, 0x00, 0x00, 0x00, 0x00, 0xD0, 0x3F, 0x00, 0x0C, 0x00, 0x00, 0x00,
  0x00, 0x80, 0xFE, 0x01, 0x60, 0x00, 0x00, 0x00, 0x00, 0x00, 0xF4, 0x0F, 0x00, 0x03, 0x00, 0x00,
  0x00, 0x00, 0xA0, 0x7F, 0x00, 0x18, 0x00, 0x00, 0x00, 0x00, 0x00, 0xFD, 0x03, 0xC0, 0x00, 0x00,
  0x00, 0x00, 0x00, 0xE8, 0x1F, 0x00, 0x06, 0x00, 0x00, 0x00, 0x00, 0x40, 0xFF, 0x00, 0x30, 0x00,
  0x00, 0x00, 0x00, 0x00, 0xFA, 0x07, 0x80, 0x01, 0x00, 0x00, 0x00, 0x00, 0xD0, 0x3F, 0x00, 0x0C,
  0x00, 0x00, 0x00, 0x00, 0x80, 0xFE, 0x01, 0x60, 0x00, 0x00, 0x00, 0x00, 0x00, 0xF4, 0x0F, 0x00,
  0x03, 0x00, 0x00, 0x00, 0x00, 0xA0, 0x7F, 0x00, 0x18, 0x00, 0x00, 0x00, 0x00, 0x00, 0xFD, 0x03,
  0xC0, 0x00, 0x00, 0x00, 0x00, 0x00, 0xE8, 0x1F, 0x00, 0x06, 0x00, 0x00, 0x00, 0xE8, 0x5F, 0xFF,
  0x06, 0x00, 0x00, 0x00, 0x00, 0x40, 0xFF, 0xCF, 0x05, 0xC0, 0x39, 0xE7, 0x9C, 0x73, 0xCE, 0x39,
  0xE7, 0x9C, 0x73, 0xCE, 0x39, 0xE7, 0x9C, 0x73, 0xCE, 0x39, 0xE7, 0x9C, 0x73, 0xCE, 0x39, 0xE7,
  0x9C, 0x73, 0xCE, 0x39, 0xE7, 0x9C, 0x73, 0x9F, 0x73, 0x7F, 0x3D, 0xF4, 0x5E, 0x3F, 0xFF, 0x3F,
  0x0F, 0xBD, 0xD7, 0xCF, 0xFF, 0xED, 0xA1, 0xF7, 0xFA, 0xF9, 0xBF, 0x3F, 0xF4, 0xF4, 0xAF, 0x7F,
  0x03, 0x30, 0x00, 0x00, 0x00, 0x40, 0xFF, 0x00, 0x30, 0x00, 0x00, 0x00, 0x00, 0x00, 0xFA, 0x07,
  0x80, 0x01, 0x00, 0x00, 0x00, 0x00, 0xD0, 0x3F, 0x00, 0x0C, 0x00, 0x00, 0x00, 0x00, 0x80, 0xFE,
  0x01, 0x60, 0x00, 0x00, 0x00, 0x00, 0x00, 0xF4, 0x0F, 0x00, 0x03, 0x00, 0x00, 0x00, 0x00, 0xA0,
  0x7F, 0x00, 0x18, 0x00, 0x00, 0x00, 0x00, 0x00, 0xFD, 0x03, 0xC0, 0x00, 0x00, 0x00, 0x00, 0x00,
  0xE8, 0x1F, 0x00, 0x06, 0x00, 0x00, 0x00, 0x00, 0x40, 0xFF, 0x00, 0x30, 0x00, 0x00, 0x00, 0x00,
  0x00, 0xFA, 0x07, 0x80, 0x01, 0x00, 0x00, 0x00, 0x00, 0xD0, 0x3F, 0x00, 0x0C, 0x00, 0x00, 0x00,
  0x00, 0x80, 0xFE, 0x01, 0x60, 0x00, 0x00, 0x00, 0x00, 0x00, 0xF4, 0x0F, 0x00, 0x03, 0x00, 0x00,
  0x00, 0x00, 0xA0, 0x7F, 0x00, 0x18, 0x00, 0x00, 0x00, 0x00, 0x00, 0xFD, 0x03, 0xC0, 0x00, 0x00,
  0x00, 0x00, 0x00, 0xE8, 0x1F, 0x00, 0x06, 0x00, 0x00, 0x00, 0x00, 0x40, 0xFF, 0x00, 0x30, 0x00,
  0x00, 0x00, 0x00, 0x00, 0xFA, 0x07, 0x80, 0x01, 0x00, 0x00, 0x00, 0x00, 0xD0, 0x3F, 0x00, 0x0C,
  0x00, 0x00, 0x00, 0x00, 0x80, 0xFE, 0x01, 0x60, 0x00, 0x00, 0x00, 0x00, 0x00, 0xF4, 0x0F, 0x00,
  0x03, 0x00, 0x00, 0x00, 0x00, 0xA0, 0x7F, 0x00, 0x18, 0x00, 0x00, 0x00, 0x00, 0x00, 0xFD, 0x03,
  0xC0, 0x00, 0x00, 0x00, 0x00, 0xFD, 0x03, 0xC0, 0x00, 0x00, 0x00, 0x00, 0x00, 0xE8, 0x1F, 0x00,
  0x06, 0x00, 0x00, 0x00, 0x00, 0x40, 0xFF, 0x00, 0x30, 0x00, 0x00, 0x00, 0x00, 0x00, 0xFA, 0x07,
  0x80, 0x01, 0x00, 0x00, 0x00, 0x00, 0xD0, 0x3F, 0x00, 0x0C, 0x00, 0x00, 0x00, 0x00, 0x80, 0xFE,
  0x01, 0x60, 0x00, 0x00, 0x00, 0x00, 0x00, 0xF4, 0x0F, 0x00, 0x03, 0x00, 0x00, 0x00, 0x00, 0xA0,
  0x7F, 0x00, 0x18, 0x00, 0x00, 0x00, 0x00, 0x00, 0xFD, 0x03, 0xC0, 0x00, 0x00, 0x00, 0x00, 0x00,
  0xE8, 0x1F, 0x00, 0x06, 0x00, 0x00, 0x00, 0x00, 0x40, 0xFF, 0x00, 0x30, 0x00, 0x00, 0x00, 0x00,
  0x00, 0xFA, 0x07, 0x80, 0x01, 0x00, 0x00, 0x00, 0x00, 0xD0, 0x3F, 0x00, 0x0C, 0x00, 0x00, 0x00,
  0x00, 0x80, 0xFE, 0x01, 0x60, 0x00, 0x00, 0x00, 0x00, 0x00, 0xF4, 0x0F, 0x00, 0x03, 0x00, 0x00,
  0x00, 0x00, 0xA0, 0x7F, 0x00, 0x18, 0x00, 0x00, 0x00, 0x00, 0x00, 0xFD, 0x03, 0xC0, 0x00, 0x00,
  0x00, 0x00, 0x00, 0xE8, 0x1F, 0x00, 0x06, 0x00, 0x00, 0x00, 0x00, 0x40, 0xFF, 0x00, 0x30, 0x00,
  0x00, 0x00, 0x00, 0x00, 0xFA, 0x07, 0x80, 0x01, 0x00, 0x00, 0x00, 0x00, 0xD0, 0x3F, 0x00, 0x0C,
  0x00, 0x00, 0x00, 0x00, 0x80, 0xFE, 0x01, 0x60, 0x00, 0x00, 0x00, 0x00, 0x00, 0xF4, 0x0F, 0x00,
  0x03, 0x00, 0x00, 0x00, 0xF4, 0xAF, 0x7F, 0x03, 0x30, 0x00, 0x00, 0x00, 0x40, 0xFF, 0x00, 0x30,
  0x00, 0x00, 0x00, 0x00, 0x00, 0xFA, 0x07, 0x80, 0x01, 0x00, 0x00, 0x00, 0x00, 0xD0, 0x3F, 0x00,
  0x0C, 0x00, 0x00, 0x00, 0x00, 0x80, 0xFE, 0x01, 0x60, 0x00, 0x00, 0x00, 0x00, 0x00, 0xF4, 0x0F,
  0x00, 0x03, 0x00, 0x00, 0x00, 0x00, 0xA0, 0x7F, 0x00, 0x18, 0x00, 0x00, 0x00, 0x00, 0x00, 0xFD,
  0x03, 0xC0, 0x00, 0x00, 0x00, 0x00, 0x00, 0xE8, 0x1F, 0x00, 0x06, 0x00, 0x00, 0x00, 0x00, 0x40,
  0xFF, 0x00, 0x30, 0x00, 0x00, 0x00, 0x00, 0x00, 0xFA, 0x07, 0x80, 0x01, 0x00, 0x00, 0x00, 0x00,
  0xD0, 0x3F, 0x00, 0x0C, 0x00, 0x00, 0x00, 0x00, 0x80, 0xFE, 0x01, 0x60, 0x00, 0x00, 0x00, 0x00,
  0x00, 0xF4, 0x0F, 0x00, 0x03, 0x00, 0x00, 0x00, 0x00, 0xA0, 0x7F, 0x00, 0x18, 0x00, 0x00, 0x00,
  0x00, 0x00, 0xFD, 0x03, 0xC0, 0x00, 0x00, 0x00, 0x00, 0x00, 0xE8, 0x1F, 0x00, 0x06, 0x00, 0x00,
  0x00, 0x00, 0x40, 0xFF, 0x00, 0x30, 0x00, 0x00, 0x00, 0x00, 0x00, 0xFA, 0x07, 0x80, 0x01, 0x00,
  0x00, 0x00, 0x00, 0xD0, 0x3F, 0x00, 0x0C, 0x00, 0x00, 0x00, 0x00, 0x80, 0xFE, 0x01, 0x60, 0x00,
  0x00, 0x00, 0x00, 0x00, 0xF4, 0x0F, 0x00, 0x03, 0x00, 0x00, 0x00, 0x00, 0xA0, 0x7F, 0x00, 0x18,
  0x00, 0x00, 0x00, 0x00, 0x00, 0xFD, 0x03, 0xC0, 0x00, 0x00, 0x00, 0x00, 0xFD, 0x03, 0xC0, 0x00,
  0x00, 0x00, 0x00, 0x00, 0xE8, 0x1F, 0x00, 0x06, 0x00, 0x00, 0x00, 0x00, 0x40, 0xFF, 0x00, 0x30,
  0x00, 0x00, 0x00, 0x00, 0x00, 0xFA, 0x07, 0x80, 0x01, 0x00, 0x00, 0x00, 0x00, 0xD0, 0x3F, 0x00,
  0x0C, 0x00, 0x00, 0x00, 0x00, 0x80, 0xFE, 0x01, 0x60, 0x00, 0x00, 0x00, 0x00, 0x00, 0xF4, 0x0F,
  0x00, 0x03, 0x00, 0x00, 0x00, 0x00, 0xA0, 0x7F, 0x00, 0x18, 0x00, 0x00, 0x00, 0x00, 0x00, 0xFD,
  0x03, 0xC0, 0x00, 0x00, 0x00, 0x00, 0x00, 0xE8, 0x1F, 0x00, 0x06, 0x00, 0x00, 0x00, 0x00, 0x40,
  0xFF, 0x00, 0x30, 0x00, 0x00, 0x00, 0x00, 0x00, 0xFA, 0x07, 0x80, 0x01, 0x00, 0x00, 0x00, 0x00,
  0xD0, 0x3F, 0x00, 0x0C, 0x00, 0x00, 0x00, 0x00, 0x80, 0xFE, 0x01, 0x60, 0x00, 0x00, 0x00, 0x00,
  0x00, 0xF4, 0x0F, 0x00, 0x03, 0x00, 0x00, 0x00, 0x00, 0xA0, 0x7F, 0x00, 0x18, 0x00, 0x00, 0x00,
  0x00, 0x00, 0xFD, 0x03, 0xC0, 0x00, 0x00, 0x00, 0x00, 0x00, 0xE8, 0x1F, 0x00, 0x06, 0x00, 0x00,
  0x00, 0x00, 0x40, 0xFF, 0x00, 0x30, 0x00, 0x00, 0x00, 0x00, 0x00, 0xFA, 0x07, 0x80, 0x01, 0x00,
  0x00, 0x00, 0x00, 0xD0, 0x3F, 0x00, 0x0C, 0x00, 0x00, 0x00, 0x00, 0x80, 0xFE, 0x01, 0x60, 0x00,
  0x00, 0x00, 0x00, 0x00, 0xF4, 0x0F, 0x00, 0x03, 0x00, 0x00, 0x00, 0xF4, 0xAF, 0x7F, 0x03, 0x00,
  0x00, 0x00, 0x00, 0xA0, 0x7F, 0x00, 0x44, 0xFE, 0xB0, 0xDE, 0xAF, 0xFB, 0xFA, 0xAF, 0xC1, 0x65,
  0xBF, 0xAF, 0x55, 0x03, 0x38, 0xFA, 0xFE, 0xA2, 0xBF, 0x2E, 0xFB, 0x75, 0xB3, 0x5F, 0xBF, 0x32,
  0xE6, 0x0C, 0x00, 0x47, 0xDF, 0x5F, 0xF7, 0xF5, 0xA3, 0x9F, 0x3F, 0xFB, 0x7D, 0xAD, 0x02, 0xE0,
  0xE8, 0xFB, 0x8B, 0xBE, 0xEE, 0xE8, 0xD7, 0x45, 0x5F, 0x17, 0xFD, 0xBE, 0x56, 0x01, 0x50, 0xED,
  0xF3, 0xFD, 0xD7, 0xEF, 0xDE, 0x7F, 0xF4, 0xFD, 0xBF, 0x53, 0xFF, 0x00, 0x00, 0x00, 0x00, 0x00,
  0x00, 0x00, 0x00, 0x00, 0x00, 0x00, 0x00, 0x00, 0x00, 0x00, 0x00, 0x00, 0x00, 0x00, 0x00, 0x00,
  0x00, 0x00, 0x00, 0x00, 0x00, 0x00, 0x00, 0x00, 0x00, 0x00, 0x00, 0x00, 0x00, 0x00, 0x00, 0x00,
  0x00, 0x00, 0x00, 0x00, 0x00, 0x00, 0x00, 0x00, 0x00, 0x00, 0x00, 0x00, 0x00, 0x00, 0x00, 0x00,
  0x00, 0x00, 0x00, 0xD8, 0x0F, 0x80, 0xE8, 0x83, 0xFE, 0xAC, 0xD7, 0x47, 0x7F, 0xDD, 0xAC, 0x01,
  0x44, 0x1F, 0xE0, 0xD5, 0x37, 0xA6, 0xFB, 0xF5, 0x57, 0x7F, 0x10, 0x2C, 0xFA, 0xA0, 0x3F, 0xEB,
  0xF5, 0xD1, 0x5F, 0x37, 0x0B, 0x80, 0xD1, 0x6B, 0xB2, 0x0F, 0xEA, 0x59, 0x5F, 0xBF, 0xF2, 0xC0,
  0xAF, 0x00, 0x50, 0xED, 0x33, 0xFA, 0x80, 0xDE, 0xAD, 0xFF, 0x6C, 0x97, 0x77, 0xE8, 0x1F, 0x00,
  0x00, 0x00, 0x00, 0x00, 0x00, 0x00, 0x00, 0x00, 0x00, 0x00, 0x00, 0x00, 0x00, 0x00, 0x00, 0x00,
  0x00, 0x00, 0x00, 0x00, 0x00, 0x00, 0x00, 0x00, 0x00, 0x00, 0x00, 0x00, 0x00, 0x00, 0x00, 0x00,
  0x00, 0x00, 0x00, 0x00, 0x00, 0x00, 0x00, 0x00, 0x00, 0x00, 0x00, 0x00, 0x00, 0x00, 0x00, 0x00,
  0x00, 0x00, 0x00, 0x00, 0x00, 0x00, 0x00, 0xCF, 0x03, 0xA0, 0xFA, 0x81, 0x8F, 0x55, 0x60, 0x9C,
  0x3D, 0x80, 0x55, 0x6F, 0xF0, 0xAC, 0x81, 0xAD, 0x06, 0xA0, 0xFA, 0xD0, 0x5D, 0x05, 0xC6, 0xD9,
  0x00, 0x54, 0x1F, 0xFC, 0xD5, 0xFF, 0x3E, 0xE3, 0xC1, 0x3F, 0x13, 0x80, 0x6E, 0xB7, 0xBB, 0xF5,
  0x9F, 0xFD, 0x60, 0xD7, 0x1D, 0xFA, 0x07, 0x00, 0x00, 0x00, 0x00, 0x00, 0x00, 0x00, 0x00, 0x00,
  0x00, 0x00, 0x00, 0x00, 0x00, 0x00, 0x00, 0x00, 0x00, 0x00, 0x00, 0x00, 0x00, 0x00, 0x00, 0x00,
  0x00, 0x00, 0x00, 0x00, 0x00, 0x00, 0x00, 0x00, 0x00, 0x00, 0x00, 0x00, 0x00, 0x00, 0x00, 0x00,
  0x00, 0x00, 0x00, 0x00, 0x00, 0x00, 0x00, 0x00, 0x00, 0x00, 0x00, 0x00, 0x00, 0x00, 0x00, 0x00,
  0x46, 0x6F, 0xD8, 0xD1, 0x3F, 0x1F, 0xDD, 0x08, 0x92, 0xD1, 0xEB, 0x3F, 0x05, 0x80, 0xEC, 0x60,
  0xA2, 0xAF, 0xBF, 0x0B, 0x00, 0xA3, 0x0F, 0x74, 0x1D, 0xDD, 0xEC, 0xBF, 0x40, 0xE6, 0x6C, 0x00,
  0xA2, 0x1F, 0xE8, 0x3A, 0xBA, 0xEE, 0xEB, 0xCF, 0x06, 0x20, 0xFB, 0xA0, 0xDF, 0xBD, 0xFF, 0xE8,
  0x03, 0xFD, 0xCA, 0xFE, 0x01, 0x00, 0x00, 0x00, 0x00, 0x00, 0x00, 0x00, 0x00, 0x00, 0x00, 0x00,
  0x00, 0x00, 0x00, 0x00, 0x00, 0x00, 0x00, 0x00, 0x00, 0x00, 0x00, 0x00, 0x00, 0x00, 0x00, 0x00,
  0x00, 0x00, 0x00, 0x00, 0x00, 0x00, 0x00, 0x00, 0x00, 0x00, 0x00, 0x00, 0x00, 0x00, 0x00, 0x00,
  0x00, 0x00, 0x00, 0x00, 0x00, 0x00, 0x00, 0x00, 0x00, 0x00, 0x00, 0x00, 0x00, 0x80, 0xE8, 0x1B,
  0x58, 0xFD, 0xA0, 0x47, 0xF7, 0xBF, 0xDF, 0xFD, 0x83, 0x60, 0xD9, 0xD7, 0x77, 0xBE, 0xDF, 0x33,
  0x00, 0x18, 0xFD, 0xFA, 0xF7, 0xFF, 0x9E, 0x7D, 0x7D, 0xE7, 0xFB, 0x3D, 0x13, 0x80, 0xE8, 0x07,
  0xBB, 0x46, 0xBF, 0x5F, 0xF7, 0xBF, 0x9F, 0x05, 0x40, 0xF4, 0x41, 0xBD, 0x7B, 0xFF, 0xD9, 0xDE,
  0xAF, 0xE8, 0x1F, 0x00, 0x00, 0x00, 0x00, 0x00, 0x00, 0x00, 0x00, 0x00, 0x00, 0x00, 0x00, 0x00,
  0x00, 0x00, 0x00, 0x00, 0x00, 0x00, 0x00, 0x00, 0x00, 0x00, 0x00, 0x00, 0x00, 0x00, 0x00, 0x00,
  0x00, 0x00, 0x00, 0x00, 0x00, 0x00, 0x00, 0x00, 0x00, 0x00, 0x00, 0x00, 0x00, 0x00, 0x00, 0x00,
  0x00, 0x00, 0x00, 0x00, 0x00, 0x00, 0x00, 0x00, 0x00, 0x00, 0x00, 0xCF, 0x03, 0xA0, 0xFB, 0x06,
  0x56, 0x3F, 0x38, 0x72, 0x97, 0x01, 0xAC, 0xFA, 0xEF, 0xD9, 0x7F, 0x7F, 0x15, 0x00, 0xA3, 0x0F,
  0x6C, 0x75, 0x3F, 0x20, 0x76, 0x77, 0x00, 0xBA, 0x0F, 0xF0, 0xD1, 0x07, 0xBE, 0xEE, 0x0E, 0x40,
  0xB4, 0xB7, 0x59, 0x9D, 0xDF, 0xBD, 0xFF, 0x59, 0xAF, 0x3F, 0xB3, 0x7F, 0x00, 0x00, 0x00, 0x00,
  0x00, 0x00, 0x00, 0x00, 0x00, 0x00, 0x00, 0x00, 0x00, 0x00, 0x00, 0x00, 0x00, 0x00, 0x00, 0x00,
  0x00, 0x00, 0x00, 0x00, 0x00, 0x00, 0x00, 0x00, 0x00, 0x00, 0x00, 0x00, 0x00, 0x00, 0x00, 0x00,
  0x00, 0x00, 0x00, 0x00, 0x00, 0x00, 0x00, 0x00, 0x00, 0x00, 0x00, 0x00, 0x00, 0x00, 0x00, 0x00,
  0x00, 0x00, 0x00, 0x00, 0xEC, 0x07, 0xC0, 0xE8, 0x03, 0x1E, 0xDD, 0xD7, 0x57, 0xDF, 0xD0, 0xEC,
  0xF7, 0x53, 0x1D, 0xC0, 0x2F, 0x7F, 0x58, 0x6F, 0xD7, 0x7D, 0x7D, 0x17, 0x88, 0xE8, 0xF7, 0x53,
  0x05, 0x60, 0xF4, 0x17, 0xB1, 0x64, 0xFF, 0xC2, 0x96, 0x59, 0x1F, 0xFC, 0x8A, 0x7E, 0x3F, 0x5D,
  0x00, 0x46, 0x7F, 0x11, 0x4B, 0xF7, 0xF5, 0xD5, 0x07, 0x7A, 0xF6, 0xFB, 0xA9, 0x02, 0x30, 0xAB,
  0x37, 0xFD, 0xDF, 0xB7, 0x7F, 0x00, 0x00, 0x00, 0x00, 0x00, 0x00, 0x00, 0x00, 0x00, 0x00, 0x00,
  0x00, 0x00, 0x00, 0x00, 0x00, 0x00, 0x00, 0x00, 0x00, 0x00, 0x00, 0x00, 0x00, 0x00, 0x00, 0x00,
  0x00, 0x00, 0x00, 0x00, 0x00, 0x00, 0x00, 0x00, 0x00, 0x00, 0x00, 0x00, 0x00, 0x00, 0x00, 0x00,
  0x00, 0x00, 0x00, 0x00, 0x00, 0x00, 0x00, 0x00, 0x00, 0x00, 0x00, 0x00, 0x00, 0xEC, 0x0B, 0xC0,
  0x8E, 0x57, 0xF9, 0x43, 0xDB, 0xE9, 0x2A, 0x0F, 0xCD, 0x9D, 0xAE, 0xF2, 0xD0, 0xDC, 0xE9, 0xF4,
  0xAF, 0x7F, 0x03, 0x30, 0x00, 0x00, 0x00, 0x40, 0xFF, 0x00, 0x30, 0x00, 0x00, 0x00, 0x00, 0x00,
  0xFA, 0x07, 0x80, 0x01, 0x00, 0x00, 0x00, 0x00, 0xD0, 0x3F, 0x00, 0x0C, 0x00, 0x00, 0x00, 0x00,
  0x80, 0xFE, 0x01, 0x60, 0x00, 0x00, 0x00, 0x00, 0x00, 0xF4, 0x0F, 0x00, 0x03, 0x00, 0x00, 0x00,
  0x00, 0xA0, 0x7F, 0x00, 0x18, 0x00, 0x00, 0x00, 0x00, 0x00, 0xFD, 0x03, 0xC0, 0x00, 0x00, 0x00,
  0x00, 0x00, 0xE8, 0x1F, 0x00, 0x06, 0x00, 0x00, 0x00, 0x00, 0x40, 0xFF, 0x00, 0x30, 0x00, 0x00,
  0x00, 0x00, 0x00, 0xFA, 0x07, 0x80, 0x01, 0x00, 0x00, 0x00, 0x00, 0xD0, 0x3F, 0x00, 0x0C, 0x00,
  0x00, 0x00, 0x00, 0x80, 0xFE, 0x01, 0x60, 0x00, 0x00, 0x00, 0x00, 0x00, 0xF4, 0x0F, 0x00, 0x03,
  0x00, 0x00, 0x00, 0x00, 0xA0, 0x7F, 0x00, 0x18, 0x00, 0x00, 0x00, 0x00, 0x00, 0xFD, 0x03, 0xC0,
  0x00, 0x00, 0x00, 0x00, 0x00, 0xE8, 0x1F, 0x00, 0x06, 0x00, 0x00, 0x00, 0x00, 0x40, 0xFF, 0x00,
  0x30, 0x00, 0x00, 0x00, 0x00, 0x00, 0xFA, 0x07, 0x80, 0x01, 0x00, 0x00, 0x00, 0x00, 0xD0, 0x3F,
  0x00, 0x0C, 0x00, 0x00, 0x00, 0x00, 0x80, 0xFE, 0x01, 0x60, 0x00, 0x00, 0x00, 0x00, 0x00, 0xF4,
  0x0F, 0x00, 0x03, 0x00, 0x00, 0x00, 0x00, 0xA0, 0x7F, 0x00, 0x18, 0x00, 0x00, 0x00, 0x00, 0x00,
  0xFD, 0x03, 0xC0, 0x00, 0x00, 0x00, 0x00, 0xFD, 0x03, 0xC0, 0x00, 0x00, 0x00, 0x00, 0x00, 0xE8,
  0x1F, 0x00, 0x06, 0x00, 0x00, 0x00, 0x00, 0x40, 0xFF, 0x00, 0x30, 0x00, 0x00, 0x00, 0x00, 0x00,
  0xFA, 0x07, 0x80, 0x01, 0x00, 0x00, 0x00, 0x00, 0xD0, 0x3F, 0x00, 0x0C, 0x00, 0x00, 0x00, 0x00,
  0x80, 0xFE, 0x01, 0x60, 0x00, 0x00, 0x00, 0x00, 0x00, 0xF4, 0x0F, 0x00, 0x03, 0x00, 0x00, 0x00,
  0x00, 0xA0, 0x7F, 0x00, 0x18, 0x00, 0x00, 0x00, 0x00, 0x00, 0xFD, 0x03, 0xC0, 0x00, 0x00, 0x00,
  0x00, 0x00, 0xE8, 0x1F, 0x00, 0x06, 0x00, 0x00, 0x00, 0x00, 0x40, 0xFF, 0x00, 0x30, 0x00, 0x00,
  0x00, 0x00, 0x00, 0xFA, 0x07, 0x80, 0x01, 0x00, 0x00, 0x00, 0x00, 0xD0, 0x3F, 0x00, 0x0C, 0x00,
  0x00, 0x00, 0x00, 0x80, 0xFE, 0x01, 0x60, 0x00, 0x00, 0x00, 0x00, 0x00, 0xF4, 0x0F, 0x00, 0x03,
  0x00, 0x00, 0x00, 0x00, 0xA0, 0x7F, 0x00, 0x18, 0x00, 0x00, 0x00, 0x00, 0x00, 0xFD, 0x03, 0xC0,
  0x00, 0x00, 0x00, 0x00, 0x00, 0xE8, 0x1F, 0x00, 0x06, 0x00, 0x00, 0x00, 0x00, 0x40, 0xFF, 0x00,
  0x30, 0x00, 0x00, 0x00, 0x00, 0x00, 0xFA, 0x07, 0x80, 0x01, 0x00, 0x00, 0x00, 0x00, 0xD0, 0x3F,
  0x00, 0x0C, 0x00, 0x00, 0x00, 0x00, 0x80, 0xFE, 0x01, 0x60, 0x00, 0x00, 0x00, 0x00, 0x00, 0xF4,
  0x0F, 0x00, 0x03, 0x00, 0x00, 0x00, 0xF4, 0xAF, 0x7F, 0x03, 0x30, 0x00, 0x00, 0x00, 0x40, 0xFF,
  0x00, 0x30, 0x00, 0x00, 0x00, 0x00, 0x00, 0xFA, 0x07, 0x80, 0x01, 0x00, 0x00, 0x00, 0x00, 0xD0,
  0x3F, 0x00, 0x0C, 0x00, 0x00, 0x00, 0x00, 0x80, 0xFE, 0x01, 0x60, 0x00, 0x00, 0x00, 0x00, 0x00,
  0xF4, 0x0F, 0x00, 0x03, 0x00, 0x00, 0x00, 0x00, 0xA0, 0x7F, 0x00, 0x18, 0x00, 0x00, 0x00, 0x00,
  0x00, 0xFD, 0x03, 0xC0, 0x00, 0x00, 0x00, 0x00, 0x00, 0xE8, 0x1F, 0x00, 0x06, 0x00, 0x00, 0x00,
  0x00, 0x40, 0xFF, 0x00, 0x30, 0x00, 0x00, 0x00, 0x00, 0x00, 0xFA, 0x07, 0x80, 0x01, 0x00, 0x00,
  0x00, 0x00, 0xD0, 0x3F, 0x00, 0x0C, 0x00, 0x00, 0x00, 0x00, 0x80, 0xFE, 0x01, 0x60, 0x00, 0x00,
  0x00, 0x00, 0x00, 0xF4, 0x0F, 0x00, 0x03, 0x00, 0x00, 0x00, 0x00, 0xA0, 0x7F, 0x00, 0x18, 0x00,
  0x00, 0x00, 0x00, 0x00, 0xFD, 0x03, 0xC0, 0x00, 0x00, 0x00, 0x00, 0x00, 0xE8, 0x1F, 0x00, 0x06,
  0x00, 0x00, 0x00, 0x00, 0x40, 0xFF, 0x00, 0x30, 0x00, 0x00, 0x00, 0x00, 0x00, 0xFA, 0x07, 0x80,
  0x01, 0x00, 0x00, 0x00, 0x00, 0xD0, 0x3F, 0x00, 0x0C, 0x00, 0x00, 0x00, 0x00, 0x80, 0xFE, 0x01,
  0x60, 0x00, 0x00, 0x00, 0x00, 0x00, 0xF4, 0x0F, 0x00, 0x03, 0x00, 0x00, 0x00, 0x00, 0xA0, 0x7F,
  0x00, 0x18, 0x00, 0x00, 0x00, 0x00, 0x00, 0xFD, 0x03, 0xC0, 0x00, 0x00, 0x00, 0x00, 0xFD, 0x03,
  0xC0, 0x00, 0x00, 0x00, 0x00, 0x00, 0xE8, 0x1F, 0x00, 0x06, 0x00, 0x00, 0x00, 0x00, 0x40, 0xFF,
  0x00, 0x30, 0x00, 0x00, 0x00, 0x00, 0x00, 0xFA, 0x07, 0x80, 0x01, 0x00, 0x00, 0x00, 0x00, 0xD0,
  0x3F, 0x00, 0x0C, 0x00, 0x00, 0x00, 0x00, 0x80, 0xFE, 0x01, 0x60, 0x00, 0x00, 0x00, 0x00, 0x00,
  0xF4, 0x0F, 0x00, 0x03, 0x00, 0x00, 0x00, 0x00, 0xA0, 0x7F, 0x00, 0x18, 0x00, 0x00, 0x00, 0x00,
  0x00, 0xFD, 0x03, 0xC0, 0x00, 0x00, 0x00, 0x00, 0x00, 0xE8, 0x1F, 0x00, 0x06, 0x00, 0x00, 0x00,
  0x00, 0x40, 0xFF, 0x00, 0x30, 0x00, 0x00, 0x00, 0x00, 0x00, 0xFA, 0x07, 0x80, 0x01, 0x00, 0x00,
  0x00, 0x00, 0xD0, 0x3F, 0x00, 0x0C, 0x00, 0x00, 0x00, 0x00, 0x80, 0xFE, 0x01, 0x60, 0x00, 0x00,
  0x00, 0x00, 0x00, 0xF4, 0x0F, 0x00, 0x03, 0x00, 0x00, 0x00, 0x00, 0xA0, 0x7F, 0x00, 0x18, 0x00,
  0x00, 0x00, 0x00, 0x00, 0xFD, 0x03, 0xC0, 0x00, 0x00, 0x00, 0x00, 0x00, 0xE8, 0x1F, 0x00, 0x06,
  0x00, 0x00, 0x00, 0x00, 0x40, 0xFF, 0x00, 0x30, 0x00, 0x00, 0x00, 0x00, 0x00, 0xFA, 0x07, 0x80,
  0x01, 0x00, 0x00, 0x00, 0x00, 0xD0, 0x3F, 0x00, 0x0C, 0x00, 0x00, 0x00, 0x00, 0x80, 0xFE, 0x01,
  0x60, 0x00, 0x00, 0x00, 0x00, 0x00, 0xF4, 0x0F, 0x00, 0x03, 0x00, 0x00, 0x00, 0xF4, 0xAF, 0x7F,
  0x03, 0x00, 0x00, 0x00, 0x00, 0xA0, 0xFF, 0xE7, 0x02, 0xE0, 0x9C, 0x73, 0xCE, 0x39, 0xE7, 0x9C,
  0x73, 0xCE, 0x39, 0xE7, 0x9C, 0x73, 0xCE, 0x39, 0xE7, 0x9C, 0x73, 0xCE, 0x39, 0xE7, 0x9C, 0x73,
  0xCE, 0x39, 0xE7, 0x9C, 0x73, 0xCE, 0xB9, 0xCF, 0xB9, 0xFF, 0x1E, 0x7A, 0xAF, 0x9F, 0xFF, 0xF7,
  0x87, 0xDE, 0xEB, 0xE7, 0xFF, 0xF3, 0xA1, 0xF7, 0xFA, 0xF9, 0x7F, 0x3C, 0xF4, 0xF4, 0xAF, 0x7F,
  0x03, 0x30, 0x00, 0x00, 0x00, 0x40, 0xFF, 0x00, 0x30, 0x00, 0x00, 0x00, 0x00, 0x00, 0xFA, 0x07,
  0x80, 0x01, 0x00, 0x00, 0x00, 0x00, 0xD0, 0x3F, 0x00, 0x0C, 0x00, 0x00, 0x00, 0x00, 0x80, 0xFE,
  0x01, 0x60, 0x00, 0x00, 0x00, 0x00, 0x00, 0xF4, 0x0F, 0x00, 0x03, 0x00, 0x00, 0x00, 0x00, 0xA0,
  0x7F, 0x00, 0x18, 0x00, 0x00, 0x00, 0x00, 0x00, 0xFD, 0x03, 0xC0, 0x00, 0x00, 0x00, 0x00, 0x00,
  0xE8, 0x1F, 0x00, 0x06, 0x00, 0x00, 0x00, 0x00, 0x40, 0xFF, 0x00, 0x30, 0x00, 0x00, 0x00, 0x00,
  0x00, 0xFA, 0x07, 0x80, 0x01, 0x00, 0x00, 0x00, 0x00, 0xD0, 0x3F, 0x00, 0x0C, 0x00, 0x00, 0x00,
  0x00, 0x80, 0xFE, 0x01, 0x60, 0x00, 0x00, 0x00, 0x00, 0x00, 0xF4, 0x0F, 0x00, 0x03, 0x00, 0x00,
  0x00, 0x00, 0xA0, 0x7F, 0x00, 0x18, 0x00, 0x00, 0x00, 0x00, 0x00, 0xFD, 0x03, 0xC0, 0x00, 0x00,
  0x00, 0x00, 0x00, 0xE8, 0x1F, 0x00, 0x06, 0x00, 0x00, 0x00, 0x00, 0x40, 0xFF, 0x00, 0x30, 0x00,
  0x00, 0x00, 0x00, 0x00, 0xFA, 0x07, 0x80, 0x01, 0x00, 0x00, 0x00, 0x00, 0xD0, 0x3F, 0x00, 0x0C,
  0x00, 0x00, 0x00, 0x00, 0x80, 0xFE, 0x01, 0x60, 0x00, 0x00, 0x00, 0x00, 0x00, 0xF4, 0x0F, 0x00,
  0x03, 0x00, 0x00, 0x00, 0x00, 0xA0, 0x7F, 0x00, 0x18, 0x00, 0x00, 0x00, 0x00, 0x00, 0xFD, 0x03,
  0xC0, 0x00, 0x00, 0x00, 0x00, 0xFD, 0x03, 0xC0, 0x00, 0x00, 0x00, 0x00, 0x00, 0xE8, 0x1F, 0x00,
  0x06, 0x00, 0x00, 0x00, 0x00, 0x40, 0xFF, 0x00, 0x30, 0x00, 0x00, 0x00, 0x00, 0x00, 0xFA, 0x07,
  0x80, 0x01, 0x00, 0x00, 0x00, 0x00, 0xD0, 0x3F, 0x00, 0x0C, 0x00, 0x00, 0x00, 0x00, 0x80, 0xFE,
  0x01, 0x60, 0x00, 0x00, 0x00, 0x00, 0x00, 0xF4, 0x0F, 0x00, 0x03, 0x00, 0x00, 0x00, 0x00, 0xA0,
  0x7F, 0x00, 0x18, 0x00, 0x00, 0x00, 0x00, 0x00, 0xFD, 0x03, 0xC0, 0x00, 0x00, 0x00, 0x00, 0x00,
  0xE8, 0x1F, 0x00, 0x06, 0x00, 0x00, 0x00, 0x00, 0x40, 0xFF, 0x00, 0x30, 0x00, 0x00, 0x00, 0x00,
  0x00, 0xFA, 0x07, 0x80, 0x01, 0x00, 0x00, 0x00, 0x00, 0xD0, 0x3F, 0x00, 0x0C, 0x00, 0x00, 0x00,
  0x00, 0x80, 0xFE, 0x01, 0x60, 0x00, 0x00, 0x00, 0x00, 0x00, 0xF4, 0x0F, 0x00, 0x03, 0x00, 0x00,
  0x00, 0x00, 0xA0, 0x7F, 0x00, 0x18, 0x00, 0x00, 0x00, 0x00, 0x00, 0xFD, 0x03, 0xC0, 0x00, 0x00,
  0x00, 0x00, 0x00, 0xE8, 0x1F, 0x00, 0x06, 0x00, 0x00, 0x00, 0x00, 0x40, 0xFF, 0x00, 0x30, 0x00,
  0x00, 0x00, 0x00, 0x00, 0xFA, 0x07, 0x80, 0x01, 0x00, 0x00, 0x00, 0x00, 0xD0, 0x3F, 0x00, 0x0C,
  0x00, 0x00, 0x00, 0x00, 0x80, 0xFE, 0x01, 0x60, 0x00, 0x00, 0x00, 0x00, 0x00, 0xF4, 0x0F, 0x00,
  0x03, 0x00, 0x00, 0x00, 0xF4, 0xAF, 0x7F, 0x03, 0x30, 0x00, 0x00, 0x00, 0x40, 0xFF, 0x00, 0x30,
  0x00, 0x00, 0x00, 0x00, 0x00, 0xFA, 0x07, 0x80, 0x01, 0x00, 0x00, 0x00, 0x00, 0xD0, 0x3F, 0x00,
  0x0C, 0x00, 0x00, 0x00, 0x00, 0x80, 0xFE, 0x01, 0x60, 0x00, 0x00, 0x00, 0x00, 0x00, 0xF4, 0x0F,
  0x00, 0x03, 0x00, 0x00, 0x00, 0x00, 0xA0, 0x7F, 0x00, 0x18, 0x00, 0x00, 0x00, 0x00, 0x00, 0xFD,
  0x03, 0xC0, 0x00, 0x00, 0x00, 0x00, 0x00, 0xE8, 0x1F, 0x00, 0x06, 0x00, 0x00, 0x00, 0x00, 0x40,
  0xFF, 0x00, 0x30, 0x00, 0x00, 0x00, 0x00, 0x00, 0xFA, 0x07, 0x80, 0x01, 0x00, 0x00, 0x00, 0x00,
  0xD0, 0x3F, 0x00, 0x0C, 0x00, 0x00, 0x00, 0x00, 0x80, 0xFE, 0x01, 0x60, 0x00, 0x00, 0x00, 0x00,
  0x00, 0xF4, 0x0F, 0x00, 0x03, 0x00, 0x00, 0x00, 0x00, 0xA0, 0x7F, 0x00, 0x18, 0x00, 0x00, 0x00,
  0x00, 0x00, 0xFD, 0x03, 0xC0, 0x00, 0x00, 0x00, 0x00, 0x00, 0xE8, 0x1F, 0x00, 0x06, 0x00, 0x00,
  0x00, 0x00, 0x40, 0xFF, 0x00, 0x30, 0x00, 0x00, 0x00, 0x00, 0x00, 0xFA, 0x07, 0x80, 0x01, 0x00,
  0x00, 0x00, 0x00, 0xD0, 0x3F, 0x00, 0x0C, 0x00, 0x00, 0x00, 0x00, 0x80, 0xFE, 0x01, 0x60, 0x00,
  0x00, 0x00, 0x00, 0x00, 0xF4, 0x0F, 0x00, 0x03, 0x00, 0x00, 0x00, 0x00, 0xA0, 0x7F, 0x00, 0x18,
  0x00, 0x00, 0x00, 0x00, 0x00, 0xFD, 0x03, 0xC0, 0x00, 0x00, 0x00, 0x00, 0xFD, 0x03, 0xC0, 0x00,
  0x00, 0x00, 0x00, 0x00, 0xE8, 0x1F, 0x00, 0x06, 0x00, 0x00, 0x00, 0x00, 0x40, 0xFF, 0x00, 0x30,
  0x00, 0x00, 0x00, 0x00, 0x00, 0xFA, 0x07, 0x80, 0x01, 0x00, 0x00, 0x00, 0x00, 0xD0, 0x3F, 0x00,
  0x0C, 0x00, 0x00, 0x00, 0x00, 0x80, 0xFE, 0x01, 0x60, 0x00, 0x00, 0x00, 0x00, 0x00, 0xF4, 0x0F,
  0x00, 0x03, 0x00, 0x00, 0x00, 0x00, 0xA0, 0x7F, 0x00, 0x18, 0x00, 0x00, 0x00, 0x00, 0x00, 0xFD,
  0x03, 0xC0, 0x00, 0x00, 0x00, 0x00, 0x00, 0xE8, 0x1F, 0x00, 0x06, 0x00, 0x00, 0x00, 0x00, 0x40,
  0xFF, 0x00, 0x30, 0x00, 0x00, 0x00, 0x00, 0x00, 0xFA, 0x07, 0x80, 0x01, 0x00, 0x00, 0x00, 0x00,
  0xD0, 0x3F, 0x00, 0x0C, 0x00, 0x00, 0x00, 0x00, 0x80, 0xFE, 0x01, 0x60, 0x00, 0x00, 0x00, 0x00,
  0x00, 0xF4, 0x0F, 0x00, 0x03, 0x00, 0x00, 0x00, 0x00, 0xA0, 0x7F, 0x00, 0x18, 0x00, 0x00, 0x00,
  0x00, 0x00, 0xFD, 0x03, 0xC0, 0x00, 0x00, 0x00, 0x00, 0x00, 0xE8, 0x1F, 0x00, 0x06, 0x00, 0x00,
  0x00, 0x00, 0x40, 0xFF, 0x00, 0x30, 0x00, 0x00, 0x00, 0x00, 0x00, 0xFA, 0x07, 0x80, 0x01, 0x00,
  0x00, 0x00, 0x00, 0xD0, 0x3F, 0x00, 0x0C, 0x00, 0x00, 0x00, 0x00, 0x80, 0xFE, 0x01, 0x60, 0x00,
  0x00, 0x00, 0x00, 0x00, 0xF4, 0x0F, 0x00, 0x03, 0x00, 0x00, 0x00, 0xF4, 0xAF, 0x7F, 0x03, 0x00,
  0x00, 0x00, 0x00, 0xA0, 0x7F, 0x00, 0x44, 0xFE, 0xB0, 0xDE, 0xAF, 0xFB, 0xFA, 0xAF, 0xC1, 0x65,
  0x5F, 0x5F, 0xF9, 0x99, 0x52, 0x7F, 0x58, 0x6F, 0x17, 0xFD, 0x75, 0xD9, 0xAF, 0x7B, 0xF4, 0xEB,
  0xA2, 0x3F, 0xFF, 0x6C, 0x00, 0x8E, 0x7E, 0x9F, 0xEE, 0xEB, 0x47, 0x3F, 0x47, 0xF6, 0xF5, 0x95,
  0x9F, 0x29, 0xF3, 0xB0, 0x7C, 0xBF, 0xE8, 0xEB, 0x8E, 0x7E, 0x5D, 0xF4, 0x75, 0xD5, 0xAF, 0x3F,
  0x0B, 0x80, 0x4E, 0x67, 0x3F, 0xFF, 0xFA, 0xDD, 0xFB, 0xCF, 0xF6, 0x79, 0x87, 0xFE, 0x01, 0x00,
  0x00, 0x00, 0x00, 0x00, 0x00, 0x00, 0x00, 0x00, 0x00, 0x00, 0x00, 0x00, 0x00, 0x00, 0x00, 0x00,
  0x00, 0x00, 0x00, 0x00, 0x00, 0x00, 0x00, 0x00, 0x00, 0x00, 0x00, 0x00, 0x00, 0x00, 0x00, 0x00,
  0x00, 0x00, 0x00, 0x00, 0x00, 0x00, 0x00, 0x00, 0x00, 0x00, 0x00, 0x00, 0x00, 0x00, 0x00, 0x00,
  0x00, 0x00, 0x00, 0x00, 0x00, 0x00, 0xB0, 0x1F, 0x00, 0xD1, 0x07, 0xFD, 0x59, 0xAF, 0xAF, 0x0E,
  0xAD, 0x3A, 0x80, 0xE8, 0x03, 0x7C, 0xF4, 0x46, 0xCD, 0xFE, 0xFA, 0x33, 0x5E, 0x1F, 0x79, 0x58,
  0x46, 0x1F, 0xF4, 0x67, 0xBD, 0x3E, 0xFA, 0x50, 0x9F, 0x05, 0xC0, 0xE8, 0x35, 0xD1, 0x07, 0xEE,
  0xE8, 0x81, 0xDE, 0xFD, 0xFA, 0x95, 0xD7, 0xAF, 0xE8, 0x7F, 0xF4, 0xC0, 0x9E, 0xFD, 0xF5, 0xEF,
  0xD6, 0xFF, 0xEC, 0x5E, 0xCF, 0xE8, 0x1F, 0x00, 0x00, 0x00, 0x00, 0x00, 0x00, 0x00, 0x00, 0x00,
  0x00, 0x00, 0x00, 0x00, 0x00, 0x00, 0x00, 0x00, 0x00, 0x00, 0x00, 0x00, 0x00, 0x00, 0x00, 0x00,
  0x00, 0x00, 0x00, 0x00, 0x00, 0x00, 0x00, 0x00, 0x00, 0x00, 0x00, 0x00, 0x00, 0x00, 0x00, 0x00,
  0x00, 0x00, 0x00, 0x00, 0x00, 0x00, 0x00, 0x00, 0x00, 0x00, 0x00, 0x00, 0x00, 0x00, 0x00, 0xCF,
  0x03, 0xA0, 0xFA, 0x81, 0x8F, 0xD9, 0x03, 0xC8, 0x7E, 0x9F, 0xB3, 0x06, 0xB0, 0xFA, 0x0D, 0x9E,
  0xF5, 0x81, 0xB3, 0x55, 0x00, 0x54, 0xFF, 0x12, 0x96, 0xD9, 0x00, 0x54, 0xBE, 0xCF, 0x19, 0x00,
  0x74, 0x1F, 0xC8, 0xAB, 0x81, 0x59, 0x0D, 0x40, 0xF7, 0x7F, 0xF4, 0x76, 0xEB, 0xBF, 0xFA, 0xC1,
  0xAE, 0x2B, 0xFB, 0x07, 0x00, 0x00, 0x00, 0x00, 0x00, 0x00, 0x00, 0x00, 0x00, 0x00, 0x00, 0x00,
  0x00, 0x00, 0x00, 0x00, 0x00, 0x00, 0x00, 0x00, 0x00, 0x00, 0x00, 0x00, 0x00, 0x00, 0x00, 0x00,
  0x00, 0x00, 0x00, 0x00, 0x00, 0x00, 0x00, 0x00, 0x00, 0x00, 0x00, 0x00, 0x00, 0x00, 0x00, 0x00,
  0x00, 0x00, 0x00, 0x00, 0x00, 0x00, 0x00, 0x00, 0x00, 0x00, 0x00, 0x00, 0x00, 0x46, 0x6F, 0xFC,
  0xD1, 0x3F, 0x1F, 0xDD, 0x8A, 0x37, 0xFE, 0x8E, 0x00, 0x44, 0x07, 0x33, 0xF3, 0xFB, 0x3B, 0x13,
  0x80, 0xA3, 0xAF, 0x33, 0xFA, 0xF9, 0x57, 0x3C, 0xF8, 0xCF, 0x04, 0x20, 0xFA, 0x41, 0xB0, 0xA3,
  0x5B, 0xF1, 0xE0, 0x5F, 0x09, 0x40, 0xF6, 0x41, 0xBF, 0x7B, 0xFF, 0xD1, 0x0F, 0x8E, 0x5D, 0xD9,
  0x3F, 0x00, 0x00, 0x00, 0x00, 0x00, 0x00, 0x00, 0x00, 0x00, 0x00, 0x00, 0x00, 0x00, 0x00, 0x00,
  0x00, 0x00, 0x00, 0x00, 0x00, 0x00, 0x00, 0x00, 0x00, 0x00, 0x00, 0x00, 0x00, 0x00, 0x00, 0x00,
  0x00, 0x00, 0x00, 0x00, 0x00, 0x00, 0x00, 0x00, 0x00, 0x00, 0x00, 0x00, 0x00, 0x00, 0x00, 0x00,
  0x00, 0x00, 0x00, 0x00, 0x00, 0x00, 0x00, 0x00, 0x00, 0x00, 0x30, 0x7A, 0x03, 0xB3, 0x40, 0xAC,
  0x78, 0xE3, 0xEF, 0xFC, 0x41, 0xB0, 0x33, 0xDE, 0xF8, 0x33, 0x01, 0xC8, 0x7E, 0xD0, 0xEB, 0x8C,
  0x07, 0xFF, 0x15, 0x00, 0x1C, 0x7D, 0xBD, 0xD1, 0x3F, 0xAF, 0xFC, 0xBE, 0xCE, 0xE8, 0x7F, 0xF4,
  0x60, 0xDF, 0xBD, 0xFF, 0x6C, 0xEF, 0x57, 0xF4, 0x0F, 0x00, 0x00, 0x00, 0x00, 0x00, 0x00, 0x00,
  0x00, 0x00, 0x00, 0x00, 0x00, 0x00, 0x00, 0x00, 0x00, 0x00, 0x00, 0x00, 0x00, 0x00, 0x00, 0x00,
  0x00, 0x00, 0x00, 0x00, 0x00, 0x00, 0x00, 0x00, 0x00, 0x00, 0x00, 0x00, 0x00, 0x00, 0x00, 0x00,
  0x00, 0x00, 0x00, 0x00, 0x00, 0x00, 0x00, 0x00, 0x00, 0x00, 0x00, 0x00, 0x00, 0x00, 0x00, 0x00,
  0x80, 0xE7, 0x01, 0x90, 0x7D, 0x03, 0xA3, 0xAF, 0xCF, 0x7E, 0x9D, 0xAB, 0x06, 0xB0, 0xEA, 0xBF,
  0x77, 0xBF, 0xEE, 0x59, 0x00, 0x8C, 0x3E, 0xE0, 0xD5, 0xFD, 0x80, 0xD8, 0xDD, 0x01, 0xC8, 0x3E,
  0xC0, 0xA3, 0xAF, 0xCF, 0x7E, 0x9D, 0xAB, 0x00, 0xE8, 0x3E, 0xB0, 0x77, 0xEB, 0x7F, 0xD6, 0xEB,
  0xCF, 0xEC, 0x1F, 0x00, 0x00, 0x00, 0x00, 0x00, 0x00, 0x00, 0x00, 0x00, 0x00, 0x00, 0x00, 0x00,
  0x00, 0x00, 0x00, 0x00, 0x00, 0x00, 0x00, 0x00, 0x00, 0x00, 0x00, 0x00, 0x00, 0x00, 0x00, 0x00,
  0x00, 0x00, 0x00, 0x00, 0x00, 0x00, 0x00, 0x00, 0x00, 0x00, 0x00, 0x00, 0x00, 0x00, 0x00, 0x00,
  0x00, 0x00, 0x00, 0x00, 0x00, 0x00, 0x00, 0x00, 0x00, 0x00, 0x00, 0xFB, 0x01, 0x30, 0xFA, 0x80,
  0x47, 0xF7, 0xF5, 0xD5, 0x37, 0xFA, 0xAC, 0x01, 0xFC, 0xF2, 0x87, 0xF5, 0x76, 0xDD, 0xD7, 0xAF,
  0x02, 0x62, 0x16, 0x00, 0xA3, 0xBF, 0xB8, 0x25, 0xFB, 0x17, 0xBC, 0x64, 0x3F, 0xF8, 0xD5, 0x05,
  0xA6, 0x0B, 0xC0, 0xE8, 0x2F, 0x6E, 0xE9, 0xBE, 0xBE, 0xFA, 0xA0, 0x3F, 0x0B, 0x80, 0x6A, 0xFF,
  0xAB, 0x1F, 0xF4, 0xFA, 0x07, 0x80, 0x01, 0x00, 0x00, 0x00, 0x00, 0xD0, 0x3F, 0x00, 0x0C, 0x00,
  0x00, 0x00, 0x00, 0x80, 0xFE, 0x01, 0x60, 0x00, 0x00, 0x00, 0x00, 0x00, 0xF4, 0x0F, 0x00, 0x03,
  0x00, 0x00, 0x00, 0x00, 0xA0, 0x7F, 0x00, 0x18, 0x00, 0x00, 0x00, 0x00, 0x00, 0xFD, 0x03, 0xC0,
  0x00, 0x00, 0x00, 0x00, 0x00, 0xE8, 0x1F, 0x00, 0x06, 0x00, 0x00, 0x00, 0x00, 0x00, 0x00, 0xCF,
  0xBC, 0x19, 0x7F, 0x88, 0x9F, 0x7C, 0x33, 0x1E, 0xA2, 0x9F, 0x7C, 0x33, 0x1E, 0xA2, 0x9F, 0x7C,
  0xFA, 0xD7, 0xBF, 0x01, 0x18, 0x00, 0x00, 0x00, 0xA0, 0x7F, 0x00, 0x18, 0x00, 0x00, 0x00, 0x00,
  0x00, 0xFD, 0x03, 0xC0, 0x00, 0x00, 0x00, 0x00, 0x00, 0xE8, 0x1F, 0x00, 0x06, 0x00, 0x00, 0x00,
  0x00, 0x40, 0xFF, 0x00, 0x30, 0x00, 0x00, 0x00, 0x00, 0x00, 0xFA, 0x07, 0x80, 0x01, 0x00, 0x00,
  0x00, 0x00, 0xD0, 0x3F, 0x00, 0x0C, 0x00, 0x00, 0x00, 0x00, 0x80, 0xFE, 0x01, 0x60, 0x00, 0x00,
  0x00, 0x00, 0x00, 0xF4, 0x0F, 0x00, 0x03, 0x00, 0x00, 0x00, 0x00, 0xA0, 0x7F, 0x00, 0x18, 0x00,
  0x00, 0x00, 0x00, 0x00, 0xFD, 0x03, 0xC0, 0x00, 0x00, 0x00, 0x00, 0x00, 0xE8, 0x1F, 0x00, 0x06,
  0x00, 0x00, 0x00, 0x00, 0x40, 0xFF, 0x00, 0x30, 0x00, 0x00, 0x00, 0x00, 0x00, 0xFA, 0x07, 0x80,
  0x01, 0x00, 0x00, 0x00, 0x00, 0xD0, 0x3F, 0x00, 0x0C, 0x00, 0x00, 0x00, 0x00, 0x80, 0xFE, 0x01,
  0x60, 0x00, 0x00, 0x00, 0x00, 0x00, 0xF4, 0x0F, 0x00, 0x03, 0x00, 0x00, 0x00, 0x00, 0xA0, 0x7F,
  0x00, 0x18, 0x00, 0x00, 0x00, 0x00, 0x00, 0xFD, 0x03, 0xC0, 0x00, 0x00, 0x00, 0x00, 0x00, 0xE8,
  0x1F, 0x00, 0x06, 0x00, 0x00, 0x00, 0x00, 0x40, 0xFF, 0x00, 0x30, 0x00, 0x00, 0x00, 0x00, 0x00,
  0xFA, 0x07, 0x80, 0x01, 0x00, 0x00, 0x00, 0x00, 0xD0, 0x3F, 0x00, 0x0C, 0x00, 0x00, 0x00, 0x00,
  0x80, 0xFE, 0x01, 0x60, 0x00, 0x00, 0x00, 0x80, 0xFE, 0x01, 0x60, 0x00, 0x00, 0x00, 0x00, 0x00,
  0xF4, 0x0F, 0x00, 0x03, 0x00, 0x00, 0x00, 0x00, 0xA0, 0x7F, 0x00, 0x18, 0x00, 0x00, 0x00, 0x00,
  0x00, 0xFD, 0x03, 0xC0, 0x00, 0x00, 0x00, 0x00, 0x00, 0xE8, 0x1F, 0x00, 0x06, 0x00, 0x00, 0x00,
  0x00, 0x40, 0xFF, 0x00, 0x30, 0x00, 0x00, 0x00, 0x00, 0x00, 0xFA, 0x07, 0x80, 0x01, 0x00, 0x00,
  0x00, 0x00, 0xD0, 0x3F, 0x00, 0x0C, 0x00, 0x00, 0x00, 0x00, 0x80, 0xFE, 0x01, 0x60, 0x00, 0x00,
  0x00, 0x00, 0x00, 0xF4, 0x0F, 0x00, 0x03, 0x00, 0x00, 0x00, 0x00, 0xA0, 0x7F, 0x00, 0x18, 0x00,
  0x00, 0x00, 0x00, 0x00, 0xFD, 0x03, 0xC0, 0x00, 0x00, 0x00, 0x00, 0x00, 0xE8, 0x1F, 0x00, 0x06,
  0x00, 0x00, 0x00, 0x00, 0x40, 0xFF, 0x00, 0x30, 0x00, 0x00, 0x00, 0x00, 0x00, 0xFA, 0x07, 0x80,
  0x01, 0x00, 0x00, 0x00, 0x00, 0xD0, 0x3F, 0x00, 0x0C, 0x00, 0x00, 0x00, 0x00, 0x80, 0xFE, 0x01,
  0x60, 0x00, 0x00, 0x00, 0x00, 0x00, 0xF4, 0x0F, 0x00, 0x03, 0x00, 0x00, 0x00, 0x00, 0xA0, 0x7F,
  0x00, 0x18, 0x00, 0x00, 0x00, 0x00, 0x00, 0xFD, 0x03, 0xC0, 0x00, 0x00, 0x00, 0x00, 0x00, 0xE8,
  0x1F, 0x00, 0x06, 0x00, 0x00, 0x00, 0x00, 0x40, 0xFF, 0x00, 0x30, 0x00, 0x00, 0x00, 0x00, 0x00,
  0xFA, 0x07, 0x80, 0x01, 0x00, 0x00, 0x00, 0xFA, 0xD7, 0xBF, 0x01, 0x18, 0x00, 0x00, 0x00, 0xA0,
  0x7F, 0x00, 0x18, 0x00, 0x00, 0x00, 0x00, 0x00, 0xFD, 0x03, 0xC0, 0x00, 0x00, 0x00, 0x00, 0x00,
  0xE8, 0x1F, 0x00, 0x06, 0x00, 0x00, 0x00, 0x00, 0x40, 0xFF, 0x00, 0x30, 0x00, 0x00, 0x00, 0x00,
  0x00, 0xFA, 0x07, 0x80, 0x01, 0x00, 0x00, 0x00, 0x00, 0xD0, 0x3F, 0x00, 0x0C, 0x00, 0x00, 0x00,
  0x00, 0x80, 0xFE, 0x01, 0x60, 0x00, 0x00, 0x00, 0x00, 0x00, 0xF4, 0x0F, 0x00, 0x03, 0x00, 0x00,
  0x00, 0x00, 0xA0, 0x7F, 0x00, 0x18, 0x00, 0x00, 0x00, 0x00, 0x00, 0xFD, 0x03, 0xC0, 0x00, 0x00,
  0x00, 0x00, 0x00, 0xE8, 0x1F, 0x00, 0x06, 0x00, 0x00, 0x00, 0x00, 0x40, 0xFF, 0x00, 0x30, 0x00,
  0x00, 0x00, 0x00, 0x00, 0xFA, 0x07, 0x80, 0x01, 0x00, 0x00, 0x00, 0x00, 0xD0, 0x3F, 0x00, 0x0C,
  0x00, 0x00, 0x00, 0x00, 0x80, 0xFE, 0x01, 0x60, 0x00, 0x00, 0x00, 0x00, 0x00, 0xF4, 0x0F, 0x00,
  0x03, 0x00, 0x00, 0x00, 0x00, 0xA0, 0x7F, 0x00, 0x18, 0x00, 0x00, 0x00, 0x00, 0x00, 0xFD, 0x03,
  0xC0, 0x00, 0x00, 0x00, 0x00, 0x00, 0xE8, 0x1F, 0x00, 0x06, 0x00, 0x00, 0x00, 0x00, 0x40, 0xFF,
  0x00, 0x30, 0x00, 0x00, 0x00, 0x00, 0x00, 0xFA, 0x07, 0x80, 0x01, 0x00, 0x00, 0x00, 0x00, 0xD0,
  0x3F, 0x00, 0x0C, 0x00, 0x00, 0x00, 0x00, 0x80, 0xFE, 0x01, 0x60, 0x00, 0x00, 0x00, 0x80, 0xFE,
  0x01, 0x60, 0x00, 0x00, 0x00, 0x00, 0x00, 0xF4, 0x0F, 0x00, 0x03, 0x00, 0x00, 0x00, 0x00, 0xA0,
  0x7F, 0x00, 0x18, 0x00, 0x00, 0x00, 0x00, 0x00, 0xFD, 0x03, 0xC0, 0x00, 0x00, 0x00, 0x00, 0x00,
  0xE8, 0x1F, 0x00, 0x06, 0x00, 0x00, 0x00, 0x00, 0x40, 0xFF, 0x00, 0x30, 0x00, 0x00, 0x00, 0x00,
  0x00, 0xFA, 0x07, 0x80, 0x01, 0x00, 0x00, 0x00, 0x00, 0xD0, 0x3F, 0x00, 0x0C, 0x00, 0x00, 0x00,
  0x00, 0x80, 0xFE, 0x01, 0x60, 0x00, 0x00, 0x00, 0x00, 0x00, 0xF4, 0x0F, 0x00, 0x03, 0x00, 0x00,
  0x00, 0x00, 0xA0, 0x7F, 0x00, 0x18, 0x00, 0x00, 0x00, 0x00, 0x00, 0xFD, 0x03, 0xC0, 0x00, 0x00,
  0x00, 0x00, 0x00, 0xE8, 0x1F, 0x00, 0x06, 0x00, 0x00, 0x00, 0x00, 0x40, 0xFF, 0x00, 0x30, 0x00,
  0x00, 0x00, 0x00, 0x00, 0xFA, 0x07, 0x80, 0x01, 0x00, 0x00, 0x00, 0x00, 0xD0, 0x3F, 0x00, 0x0C,
  0x00, 0x00, 0x00, 0x00, 0x80, 0xFE, 0x01, 0x60, 0x00, 0x00, 0x00, 0x00, 0x00, 0xF4, 0x0F, 0x00,
  0x03, 0x00, 0x00, 0x00, 0x00, 0xA0, 0x7F, 0x00, 0x18, 0x00, 0x00, 0x00, 0x00, 0x00, 0xFD, 0x03,
  0xC0, 0x00, 0x00, 0x00, 0x00, 0x00, 0xE8, 0x1F, 0x00, 0x06, 0x00, 0x00, 0x00, 0x00, 0x40, 0xFF,
  0x00, 0x30, 0x00, 0x00, 0x00, 0x00, 0x00, 0xFA, 0x07, 0x80, 0x01, 0x00, 0x00, 0x00, 0xFA, 0xD7,
  0xBF, 0x01, 0x00, 0x00, 0x00, 0x00, 0xD0, 0xFF, 0x73, 0x01, 0x70, 0xCE, 0x39, 0xE7, 0x9C, 0x73,
  0xCE, 0x39, 0xE7, 0x9C, 0x73, 0xCE, 0x39, 0xE7, 0xDC, 0x76, 0xF7, 0x3F, 0x01, 0xA3, 0x92, 0x73,
  0xBA, 0xC1, 0x9E, 0xDB, 0x00, 0x00, 0x00, 0x00, 0x49, 0x45, 0x4E, 0x44, 0xAE, 0x42, 0x60, 0x82,
};

/** @brief Length of ::k_mg_png in bytes. */
static const uint32_t k_mg_png_len = 19680U;
