rule,severity,file,line,message
"misra-c2012-10.1","style","libs/ra_ble_host/src/ra_ble_mesh.c","37","misra violation (use --rule-texts=<file> to get proper output) (Undefined)"
"misra-c2012-10.1","style","libs/ra_ble_host/src/ra_ble_mesh.c","38","misra violation (use --rule-texts=<file> to get proper output) (Undefined)"
"misra-c2012-10.2","style","libs/ra_core/src/ra_log.c","252","misra violation (use --rule-texts=<file> to get proper output) (Undefined)"
"misra-c2012-10.2","style","libs/ra_fs/src/ra_fs_fat.c","479","misra violation (use --rule-texts=<file> to get proper output) (Undefined)"
"misra-c2012-10.3","style","libs/ra_psa_crypto/src/ra_psa_crypto.c","329","misra violation (use --rule-texts=<file> to get proper output) (Undefined)"
"misra-c2012-10.4","style","libs/ra_fs/src/ra_fs_fat.c","558","misra violation (use --rule-texts=<file> to get proper output) (Undefined)"
"misra-c2012-10.4","style","libs/ra_fs/src/ra_fs_fat.c","564","misra violation (use --rule-texts=<file> to get proper output) (Undefined)"
"misra-c2012-10.4","style","libs/ra_fs/src/ra_fs_fat.c","569","misra violation (use --rule-texts=<file> to get proper output) (Undefined)"
"misra-c2012-10.4","style","libs/ra_fs/src/ra_fs_fat.c","577","misra violation (use --rule-texts=<file> to get proper output) (Undefined)"
"misra-c2012-10.4","style","libs/ra_gfx/src/ra_gfx_text.c","516","misra violation (use --rule-texts=<file> to get proper output) (Undefined)"
"misra-c2012-10.4","style","libs/ra_reflow/src/ra_reflow_layout.c","299","misra violation (use --rule-texts=<file> to get proper output) (Undefined)"
"misra-c2012-10.4","style","libs/ra_reflow/src/ra_reflow_layout.c","311","misra violation (use --rule-texts=<file> to get proper output) (Undefined)"
"misra-c2012-10.5","style","libs/ra_modem_at/src/ra_modem_at.c","156","misra violation (use --rule-texts=<file> to get proper output) (Undefined)"
"misra-c2012-10.5","style","libs/ra_modem_at/src/ra_modem_at.c","489","misra violation (use --rule-texts=<file> to get proper output) (Undefined)"
"misra-c2012-10.7","style","libs/ra_psa_crypto/src/ra_psa_crypto.c","345","misra violation (use --rule-texts=<file> to get proper output) (Undefined)"
"misra-c2012-10.8","style","libs/ra_ble_host/src/ra_ble_mesh.c","156","misra violation (use --rule-texts=<file> to get proper output) (Undefined)"
"misra-c2012-10.8","style","libs/ra_ble_host/src/ra_ble_mesh.c","173","misra violation (use --rule-texts=<file> to get proper output) (Undefined)"
"misra-c2012-10.8","style","libs/ra_core/src/ra_log.c","252","misra violation (use --rule-texts=<file> to get proper output) (Undefined)"
"misra-c2012-10.8","style","libs/ra_core/src/ra_rand_stub.c","61","misra violation (use --rule-texts=<file> to get proper output) (Undefined)"
"misra-c2012-10.8","style","libs/ra_epub/src/ra_epub_open.c","107","misra violation (use --rule-texts=<file> to get proper output) (Undefined)"
"misra-c2012-10.8","style","libs/ra_ota/src/ra_ota.c","234","misra violation (use --rule-texts=<file> to get proper output) (Undefined)"
"misra-c2012-10.8","style","libs/ra_ota/src/ra_ota.c","268","misra violation (use --rule-texts=<file> to get proper output) (Undefined)"
"misra-c2012-10.8","style","libs/ra_ota/src/ra_ota.c","283","misra violation (use --rule-texts=<file> to get proper output) (Undefined)"
"misra-c2012-11.4","style","libs/ra_core/src/ra_exception.c","75","misra violation (use --rule-texts=<file> to get proper output) (Undefined)"
"misra-c2012-11.4","style","port/nimble/nimble_npl_threadx.c","334","misra violation (use --rule-texts=<file> to get proper output) (Undefined)"
"misra-c2012-11.4","style","port/nimble/nimble_npl_threadx.c","361","misra violation (use --rule-texts=<file> to get proper output) (Undefined)"
"misra-c2012-11.4","style","port/nimble/nimble_npl_threadx.c","496","misra violation (use --rule-texts=<file> to get proper output) (Undefined)"
"misra-c2012-11.4","style","port/nimble/nimble_npl_threadx.c","531","misra violation (use --rule-texts=<file> to get proper output) (Undefined)"
"misra-c2012-11.5","style","libs/ra_gfx/src/ra_gfx_text.c","262","misra violation (use --rule-texts=<file> to get proper output) (Undefined)"
"misra-c2012-11.5","style","libs/ra_gfx/src/ra_gfx_text.c","519","misra violation (use --rule-texts=<file> to get proper output) (Undefined)"
"misra-c2012-11.6","style","port/lwip/arch/sys_arch.c","336","misra violation (use --rule-texts=<file> to get proper output) (Undefined)"
"misra-c2012-11.6","style","port/lwip/arch/sys_arch.c","344","misra violation (use --rule-texts=<file> to get proper output) (Undefined)"
"misra-c2012-11.6","style","port/lwip/arch/sys_arch.c","374","misra violation (use --rule-texts=<file> to get proper output) (Undefined)"
"misra-c2012-11.6","style","port/lwip/arch/sys_arch.c","392","misra violation (use --rule-texts=<file> to get proper output) (Undefined)"
"misra-c2012-11.6","style","port/lwip/arch/sys_arch.c","454","misra violation (use --rule-texts=<file> to get proper output) (Undefined)"
"misra-c2012-12.1","style","libs/ra_ble_host/src/ra_ble_gatt_client.c","189","misra violation (use --rule-texts=<file> to get proper output) (Undefined)"
"misra-c2012-12.1","style","libs/ra_ble_host/src/ra_ble_gatt_client.c","236","misra violation (use --rule-texts=<file> to get proper output) (Undefined)"
"misra-c2012-12.1","style","libs/ra_ble_host/src/ra_ble_gatt_client.c","342","misra violation (use --rule-texts=<file> to get proper output) (Undefined)"
"misra-c2012-12.1","style","libs/ra_ble_host/src/ra_ble_gatt_client.c","393","misra violation (use --rule-texts=<file> to get proper output) (Undefined)"
"misra-c2012-12.1","style","libs/ra_ble_host/src/ra_ble_gatt_client.c","400","misra violation (use --rule-texts=<file> to get proper output) (Undefined)"
"misra-c2012-12.1","style","libs/ra_ble_host/src/ra_ble_gatt_client.c","464","misra violation (use --rule-texts=<file> to get proper output) (Undefined)"
"misra-c2012-12.1","style","libs/ra_ble_host/src/ra_ble_mesh.c","108","misra violation (use --rule-texts=<file> to get proper output) (Undefined)"
"misra-c2012-12.1","style","libs/ra_ble_host/src/ra_ble_mesh.c","215","misra violation (use --rule-texts=<file> to get proper output) (Undefined)"
"misra-c2012-12.1","style","libs/ra_ble_host/src/ra_ble_security.c","224","misra violation (use --rule-texts=<file> to get proper output) (Undefined)"
"misra-c2012-12.1","style","libs/ra_ble_host/src/ra_ble_security.c","301","misra violation (use --rule-texts=<file> to get proper output) (Undefined)"
"misra-c2012-12.1","style","libs/ra_core/src/ra_log.c","251","misra violation (use --rule-texts=<file> to get proper output) (Undefined)"
"misra-c2012-12.1","style","libs/ra_epub/src/ra_epub_chapter.c","168","misra violation (use --rule-texts=<file> to get proper output) (Undefined)"
"misra-c2012-12.1","style","libs/ra_epub/src/ra_epub_chapter.c","192","misra violation (use --rule-texts=<file> to get proper output) (Undefined)"
"misra-c2012-12.1","style","libs/ra_epub/src/ra_epub_chapter.c","208","misra violation (use --rule-texts=<file> to get proper output) (Undefined)"
"misra-c2012-12.1","style","libs/ra_epub/src/ra_epub_chapter.c","212","misra violation (use --rule-texts=<file> to get proper output) (Undefined)"
"misra-c2012-12.1","style","libs/ra_epub/src/ra_epub_chapter.c","232","misra violation (use --rule-texts=<file> to get proper output) (Undefined)"
"misra-c2012-12.1","style","libs/ra_epub/src/ra_epub_chapter.c","247","misra violation (use --rule-texts=<file> to get proper output) (Undefined)"
"misra-c2012-12.1","style","libs/ra_epub/src/ra_epub_chapter.c","251","misra violation (use --rule-texts=<file> to get proper output) (Undefined)"
"misra-c2012-12.1","style","libs/ra_epub/src/ra_epub_chapter.c","271","misra violation (use --rule-texts=<file> to get proper output) (Undefined)"
"misra-c2012-12.1","style","libs/ra_epub/src/ra_epub_chapter.c","293","misra violation (use --rule-texts=<file> to get proper output) (Undefined)"
"misra-c2012-12.1","style","libs/ra_epub/src/ra_epub_chapter.c","298","misra violation (use --rule-texts=<file> to get proper output) (Undefined)"
"misra-c2012-12.1","style","libs/ra_epub/src/ra_epub_chapter.c","64","misra violation (use --rule-texts=<file> to get proper output) (Undefined)"
"misra-c2012-12.1","style","libs/ra_epub/src/ra_epub_chapter.c","70","misra violation (use --rule-texts=<file> to get proper output) (Undefined)"
"misra-c2012-12.1","style","libs/ra_epub/src/ra_epub_chapter.c","77","misra violation (use --rule-texts=<file> to get proper output) (Undefined)"
"misra-c2012-12.1","style","libs/ra_epub/src/ra_epub_open.c","213","misra violation (use --rule-texts=<file> to get proper output) (Undefined)"
"misra-c2012-12.1","style","libs/ra_epub/src/ra_epub_open.c","217","misra violation (use --rule-texts=<file> to get proper output) (Undefined)"
"misra-c2012-12.1","style","libs/ra_epub/src/ra_epub_open.c","96","misra violation (use --rule-texts=<file> to get proper output) (Undefined)"
"misra-c2012-12.1","style","libs/ra_fs/src/ra_fs_fat.c","1042","misra violation (use --rule-texts=<file> to get proper output) (Undefined)"
"misra-c2012-12.1","style","libs/ra_fs/src/ra_fs_fat.c","1140","misra violation (use --rule-texts=<file> to get proper output) (Undefined)"
"misra-c2012-12.1","style","libs/ra_fs/src/ra_fs_fat.c","1147","misra violation (use --rule-texts=<file> to get proper output) (Undefined)"
"misra-c2012-12.1","style","libs/ra_fs/src/ra_fs_fat.c","1278","misra violation (use --rule-texts=<file> to get proper output) (Undefined)"
"misra-c2012-12.1","style","libs/ra_fs/src/ra_fs_fat.c","1281","misra violation (use --rule-texts=<file> to get proper output) (Undefined)"
"misra-c2012-12.1","style","libs/ra_fs/src/ra_fs_fat.c","1319","misra violation (use --rule-texts=<file> to get proper output) (Undefined)"
"misra-c2012-12.1","style","libs/ra_fs/src/ra_fs_fat.c","1331","misra violation (use --rule-texts=<file> to get proper output) (Undefined)"
"misra-c2012-12.1","style","libs/ra_fs/src/ra_fs_fat.c","1374","misra violation (use --rule-texts=<file> to get proper output) (Undefined)"
"misra-c2012-12.1","style","libs/ra_fs/src/ra_fs_fat.c","1380","misra violation (use --rule-texts=<file> to get proper output) (Undefined)"
"misra-c2012-12.1","style","libs/ra_fs/src/ra_fs_fat.c","1405","misra violation (use --rule-texts=<file> to get proper output) (Undefined)"
"misra-c2012-12.1","style","libs/ra_fs/src/ra_fs_fat.c","275","misra violation (use --rule-texts=<file> to get proper output) (Undefined)"
"misra-c2012-12.1","style","libs/ra_fs/src/ra_fs_fat.c","319","misra violation (use --rule-texts=<file> to get proper output) (Undefined)"
"misra-c2012-12.1","style","libs/ra_fs/src/ra_fs_fat.c","414","misra violation (use --rule-texts=<file> to get proper output) (Undefined)"
"misra-c2012-12.1","style","libs/ra_fs/src/ra_fs_fat.c","417","misra violation (use --rule-texts=<file> to get proper output) (Undefined)"
"misra-c2012-12.1","style","libs/ra_fs/src/ra_fs_fat.c","419","misra violation (use --rule-texts=<file> to get proper output) (Undefined)"
"misra-c2012-12.1","style","libs/ra_fs/src/ra_fs_fat.c","478","misra violation (use --rule-texts=<file> to get proper output) (Undefined)"
"misra-c2012-12.1","style","libs/ra_fs/src/ra_fs_fat.c","491","misra violation (use --rule-texts=<file> to get proper output) (Undefined)"
"misra-c2012-12.1","style","libs/ra_fs/src/ra_fs_fat.c","526","misra violation (use --rule-texts=<file> to get proper output) (Undefined)"
"misra-c2012-12.1","style","libs/ra_fs/src/ra_fs_fat.c","564","misra violation (use --rule-texts=<file> to get proper output) (Undefined)"
"misra-c2012-12.1","style","libs/ra_fs/src/ra_fs_fat.c","734","misra violation (use --rule-texts=<file> to get proper output) (Undefined)"
"misra-c2012-12.1","style","libs/ra_fs/src/ra_fs_fat.c","756","misra violation (use --rule-texts=<file> to get proper output) (Undefined)"
"misra-c2012-12.1","style","libs/ra_fs/src/ra_fs_fat.c","816","misra violation (use --rule-texts=<file> to get proper output) (Undefined)"
"misra-c2012-12.1","style","libs/ra_fs/src/ra_fs_fat.c","825","misra violation (use --rule-texts=<file> to get proper output) (Undefined)"
"misra-c2012-12.1","style","libs/ra_fs/src/ra_fs_fat.c","867","misra violation (use --rule-texts=<file> to get proper output) (Undefined)"
"misra-c2012-12.1","style","libs/ra_fs/src/ra_fs_fat.c","870","misra violation (use --rule-texts=<file> to get proper output) (Undefined)"
"misra-c2012-12.1","style","libs/ra_mpu/src/ra_mpu.c","195","misra violation (use --rule-texts=<file> to get proper output) (Undefined)"
"misra-c2012-12.1","style","libs/ra_mpu/src/ra_mpu.c","62","misra violation (use --rule-texts=<file> to get proper output) (Undefined)"
"misra-c2012-12.1","style","libs/ra_mpu/src/ra_mpu.c","65","misra violation (use --rule-texts=<file> to get proper output) (Undefined)"
"misra-c2012-12.1","style","libs/ra_mpu/src/ra_mpu.c","68","misra violation (use --rule-texts=<file> to get proper output) (Undefined)"
"misra-c2012-12.1","style","libs/ra_mpu/src/ra_mpu.c","71","misra violation (use --rule-texts=<file> to get proper output) (Undefined)"
"misra-c2012-12.1","style","libs/ra_mpu/src/ra_mpu.c","98","misra violation (use --rule-texts=<file> to get proper output) (Undefined)"
"misra-c2012-12.1","style","libs/ra_net/src/ra_net_tcp.c","84","misra violation (use --rule-texts=<file> to get proper output) (Undefined)"
"misra-c2012-12.1","style","libs/ra_net/src/ra_net_tcp.c","90","misra violation (use --rule-texts=<file> to get proper output) (Undefined)"
"misra-c2012-12.1","style","libs/ra_ota/src/ra_ota.c","190","misra violation (use --rule-texts=<file> to get proper output) (Undefined)"
"misra-c2012-12.1","style","libs/ra_ota/src/ra_ota.c","235","misra violation (use --rule-texts=<file> to get proper output) (Undefined)"
"misra-c2012-12.1","style","libs/ra_ota/src/ra_ota.c","255","misra violation (use --rule-texts=<file> to get proper output) (Undefined)"
"misra-c2012-12.1","style","libs/ra_reflow/src/ra_reflow_layout.c","266","misra violation (use --rule-texts=<file> to get proper output) (Undefined)"
"misra-c2012-12.1","style","libs/ra_reflow/src/ra_reflow_layout.c","311","misra violation (use --rule-texts=<file> to get proper output) (Undefined)"
"misra-c2012-12.1","style","libs/ra_reflow/src/ra_reflow_layout.c","316","misra violation (use --rule-texts=<file> to get proper output) (Undefined)"
"misra-c2012-12.1","style","libs/ra_reflow/src/ra_reflow_layout.c","345","misra violation (use --rule-texts=<file> to get proper output) (Undefined)"
"misra-c2012-12.1","style","libs/ra_reflow/src/ra_reflow_layout.c","366","misra violation (use --rule-texts=<file> to get proper output) (Undefined)"
"misra-c2012-12.1","style","libs/ra_reflow/src/ra_reflow_layout.c","403","misra violation (use --rule-texts=<file> to get proper output) (Undefined)"
"misra-c2012-12.1","style","libs/ra_reflow/src/ra_reflow_layout.c","510","misra violation (use --rule-texts=<file> to get proper output) (Undefined)"
"misra-c2012-12.1","style","libs/ra_reflow/src/ra_reflow_layout.c","535","misra violation (use --rule-texts=<file> to get proper output) (Undefined)"
"misra-c2012-12.1","style","libs/ra_reflow/src/ra_reflow_layout.c","538","misra violation (use --rule-texts=<file> to get proper output) (Undefined)"
"misra-c2012-12.1","style","libs/ra_reflow/src/ra_reflow_layout.c","541","misra violation (use --rule-texts=<file> to get proper output) (Undefined)"
"misra-c2012-12.1","style","libs/ra_reflow/src/ra_reflow_layout.c","584","misra violation (use --rule-texts=<file> to get proper output) (Undefined)"
"misra-c2012-12.1","style","libs/ra_reflow/src/ra_reflow_layout.c","615","misra violation (use --rule-texts=<file> to get proper output) (Undefined)"
"misra-c2012-12.1","style","libs/ra_reflow/src/ra_reflow_layout.c","633","misra violation (use --rule-texts=<file> to get proper output) (Undefined)"
"misra-c2012-12.1","style","libs/ra_reflow/src/ra_reflow_layout.c","636","misra violation (use --rule-texts=<file> to get proper output) (Undefined)"
"misra-c2012-12.1","style","libs/ra_reflow/src/ra_reflow_parse.c","62","misra violation (use --rule-texts=<file> to get proper output) (Undefined)"
"misra-c2012-12.1","style","libs/ra_reflow/src/ra_reflow_render.c","122","misra violation (use --rule-texts=<file> to get proper output) (Undefined)"
"misra-c2012-12.1","style","port/lwip/arch/sys_arch.c","158","misra violation (use --rule-texts=<file> to get proper output) (Undefined)"
"misra-c2012-12.1","style","port/lwip/arch/sys_arch.c","166","misra violation (use --rule-texts=<file> to get proper output) (Undefined)"
"misra-c2012-12.1","style","port/lwip/arch/sys_arch.c","181","misra violation (use --rule-texts=<file> to get proper output) (Undefined)"
"misra-c2012-12.1","style","port/lwip/arch/sys_arch.c","224","misra violation (use --rule-texts=<file> to get proper output) (Undefined)"
"misra-c2012-12.1","style","port/lwip/arch/sys_arch.c","230","misra violation (use --rule-texts=<file> to get proper output) (Undefined)"
"misra-c2012-12.1","style","port/lwip/arch/sys_arch.c","246","misra violation (use --rule-texts=<file> to get proper output) (Undefined)"
"misra-c2012-12.1","style","port/lwip/arch/sys_arch.c","253","misra violation (use --rule-texts=<file> to get proper output) (Undefined)"
"misra-c2012-12.1","style","port/lwip/arch/sys_arch.c","280","misra violation (use --rule-texts=<file> to get proper output) (Undefined)"
"misra-c2012-12.1","style","port/lwip/arch/sys_arch.c","286","misra violation (use --rule-texts=<file> to get proper output) (Undefined)"
"misra-c2012-12.1","style","port/lwip/arch/sys_arch.c","292","misra violation (use --rule-texts=<file> to get proper output) (Undefined)"
"misra-c2012-12.1","style","port/lwip/arch/sys_arch.c","299","misra violation (use --rule-texts=<file> to get proper output) (Undefined)"
"misra-c2012-12.1","style","port/lwip/arch/sys_arch.c","316","misra violation (use --rule-texts=<file> to get proper output) (Undefined)"
"misra-c2012-12.1","style","port/lwip/arch/sys_arch.c","333","misra violation (use --rule-texts=<file> to get proper output) (Undefined)"
"misra-c2012-12.1","style","port/lwip/arch/sys_arch.c","341","misra violation (use --rule-texts=<file> to get proper output) (Undefined)"
"misra-c2012-12.1","style","port/lwip/arch/sys_arch.c","355","misra violation (use --rule-texts=<file> to get proper output) (Undefined)"
"misra-c2012-12.1","style","port/lwip/arch/sys_arch.c","380","misra violation (use --rule-texts=<file> to get proper output) (Undefined)"
"misra-c2012-12.1","style","port/lwip/arch/sys_arch.c","398","misra violation (use --rule-texts=<file> to get proper output) (Undefined)"
"misra-c2012-12.1","style","port/lwip/arch/sys_arch.c","405","misra violation (use --rule-texts=<file> to get proper output) (Undefined)"
"misra-c2012-12.1","style","port/lwip/arch/sys_arch.c","452","misra violation (use --rule-texts=<file> to get proper output) (Undefined)"
"misra-c2012-12.1","style","port/nimble/nimble_npl_threadx.c","354","misra violation (use --rule-texts=<file> to get proper output) (Undefined)"
"misra-c2012-12.1","style","port/nimble/nimble_npl_threadx.c","398","misra violation (use --rule-texts=<file> to get proper output) (Undefined)"
"misra-c2012-12.1","style","port/nimble/nimble_npl_threadx.c","417","misra violation (use --rule-texts=<file> to get proper output) (Undefined)"
"misra-c2012-12.3","style","libs/ra_touch_cal/src/ra_touch_cal.c","231","misra violation (use --rule-texts=<file> to get proper output) (Undefined)"
"misra-c2012-12.3","style","libs/ra_touch_cal/src/ra_touch_cal.c","232","misra violation (use --rule-texts=<file> to get proper output) (Undefined)"
"misra-c2012-12.3","style","libs/ra_touch_cal/src/ra_touch_cal.c","233","misra violation (use --rule-texts=<file> to get proper output) (Undefined)"
"misra-c2012-12.3","style","libs/ra_touch_cal/src/ra_touch_cal.c","234","misra violation (use --rule-texts=<file> to get proper output) (Undefined)"
"misra-c2012-12.3","style","libs/ra_touch_cal/src/ra_touch_cal.c","235","misra violation (use --rule-texts=<file> to get proper output) (Undefined)"
"misra-c2012-13.3","style","libs/ra_ble_host/src/ra_ble_att.c","299","misra violation (use --rule-texts=<file> to get proper output) (Undefined)"
"misra-c2012-13.3","style","libs/ra_ble_host/src/ra_ble_att.c","300","misra violation (use --rule-texts=<file> to get proper output) (Undefined)"
"misra-c2012-13.3","style","libs/ra_ble_host/src/ra_ble_att.c","375","misra violation (use --rule-texts=<file> to get proper output) (Undefined)"
"misra-c2012-13.3","style","libs/ra_ble_host/src/ra_ble_att.c","376","misra violation (use --rule-texts=<file> to get proper output) (Undefined)"
"misra-c2012-13.3","style","libs/ra_ble_host/src/ra_ble_att.c","395","misra violation (use --rule-texts=<file> to get proper output) (Undefined)"
"misra-c2012-13.3","style","libs/ra_ble_host/src/ra_ble_att.c","444","misra violation (use --rule-texts=<file> to get proper output) (Undefined)"
"misra-c2012-13.3","style","libs/ra_core/src/ra_log.c","252","misra violation (use --rule-texts=<file> to get proper output) (Undefined)"
"misra-c2012-13.3","style","libs/ra_fs/src/ra_fs_fat.c","495","misra violation (use --rule-texts=<file> to get proper output) (Undefined)"
"misra-c2012-13.3","style","libs/ra_fs/src/ra_fs_fat.c","518","misra violation (use --rule-texts=<file> to get proper output) (Undefined)"
"misra-c2012-13.3","style","libs/ra_fs/src/ra_fs_fat.c","561","misra violation (use --rule-texts=<file> to get proper output) (Undefined)"
"misra-c2012-13.3","style","libs/ra_fs/src/ra_fs_fat.c","575","misra violation (use --rule-texts=<file> to get proper output) (Undefined)"
"misra-c2012-13.3","style","libs/ra_fs/src/ra_fs_fat.c","580","misra violation (use --rule-texts=<file> to get proper output) (Undefined)"
"misra-c2012-13.3","style","libs/ra_psa_crypto/src/ra_psa_crypto.c","382","misra violation (use --rule-texts=<file> to get proper output) (Undefined)"
"misra-c2012-13.3","style","libs/ra_psa_crypto/src/ra_psa_crypto.c","385","misra violation (use --rule-texts=<file> to get proper output) (Undefined)"
"misra-c2012-13.3","style","libs/ra_psa_crypto/src/ra_psa_crypto.c","388","misra violation (use --rule-texts=<file> to get proper output) (Undefined)"
"misra-c2012-13.3","style","libs/ra_psa_crypto/src/ra_psa_crypto.c","391","misra violation (use --rule-texts=<file> to get proper output) (Undefined)"
"misra-c2012-13.3","style","libs/ra_psa_crypto/src/ra_psa_crypto.c","417","misra violation (use --rule-texts=<file> to get proper output) (Undefined)"
"misra-c2012-13.3","style","libs/ra_psa_crypto/src/ra_psa_crypto.c","420","misra violation (use --rule-texts=<file> to get proper output) (Undefined)"
"misra-c2012-14.4","style","port/lwip/arch/sys_arch.c","193","misra violation (use --rule-texts=<file> to get proper output) (Undefined)"
"misra-c2012-14.4","style","port/lwip/arch/sys_arch.c","201","misra violation (use --rule-texts=<file> to get proper output) (Undefined)"
"misra-c2012-15.4","style","libs/ra_ble_host/src/ra_ble_att.c","303","misra violation (use --rule-texts=<file> to get proper output) (Undefined)"
"misra-c2012-15.4","style","libs/ra_ble_host/src/ra_ble_att.c","380","misra violation (use --rule-texts=<file> to get proper output) (Undefined)"
"misra-c2012-15.4","style","libs/ra_ota/src/ra_ota.c","190","misra violation (use --rule-texts=<file> to get proper output) (Undefined)"
"misra-c2012-15.4","style","libs/ra_ota/src/ra_ota.c","532","misra violation (use --rule-texts=<file> to get proper output) (Undefined)"
"misra-c2012-15.5","style","libs/ra_ble_host/src/ra_ble_att.c","210","misra violation (use --rule-texts=<file> to get proper output) (Undefined)"
"misra-c2012-15.5","style","libs/ra_ble_host/src/ra_ble_att.c","282","misra violation (use --rule-texts=<file> to get proper output) (Undefined)"
"misra-c2012-15.5","style","libs/ra_ble_host/src/ra_ble_att.c","288","misra violation (use --rule-texts=<file> to get proper output) (Undefined)"
"misra-c2012-15.5","style","libs/ra_ble_host/src/ra_ble_att.c","322","misra violation (use --rule-texts=<file> to get proper output) (Undefined)"
"misra-c2012-15.5","style","libs/ra_ble_host/src/ra_ble_att.c","355","misra violation (use --rule-texts=<file> to get proper output) (Undefined)"
"misra-c2012-15.5","style","libs/ra_ble_host/src/ra_ble_att.c","363","misra violation (use --rule-texts=<file> to get proper output) (Undefined)"
"misra-c2012-15.5","style","libs/ra_ble_host/src/ra_ble_att.c","406","misra violation (use --rule-texts=<file> to get proper output) (Undefined)"
"misra-c2012-15.5","style","libs/ra_ble_host/src/ra_ble_att.c","433","misra violation (use --rule-texts=<file> to get proper output) (Undefined)"
"misra-c2012-15.5","style","libs/ra_ble_host/src/ra_ble_att.c","439","misra violation (use --rule-texts=<file> to get proper output) (Undefined)"
"misra-c2012-15.5","style","libs/ra_ble_host/src/ra_ble_att.c","501","misra violation (use --rule-texts=<file> to get proper output) (Undefined)"
"misra-c2012-15.5","style","libs/ra_ble_host/src/ra_ble_att.c","509","misra violation (use --rule-texts=<file> to get proper output) (Undefined)"
"misra-c2012-15.5","style","libs/ra_ble_host/src/ra_ble_att.c","519","misra violation (use --rule-texts=<file> to get proper output) (Undefined)"
"misra-c2012-15.5","style","libs/ra_ble_host/src/ra_ble_att.c","535","misra violation (use --rule-texts=<file> to get proper output) (Undefined)"
"misra-c2012-15.5","style","libs/ra_ble_host/src/ra_ble_att.c","551","misra violation (use --rule-texts=<file> to get proper output) (Undefined)"
"misra-c2012-15.5","style","libs/ra_ble_host/src/ra_ble_att.c","568","misra violation (use --rule-texts=<file> to get proper output) (Undefined)"
"misra-c2012-15.5","style","libs/ra_ble_host/src/ra_ble_gatt_client.c","209","misra violation (use --rule-texts=<file> to get proper output) (Undefined)"
"misra-c2012-15.5","style","libs/ra_ble_host/src/ra_ble_gatt_client.c","285","misra violation (use --rule-texts=<file> to get proper output) (Undefined)"
"misra-c2012-15.5","style","libs/ra_ble_host/src/ra_ble_gatt_client.c","288","misra violation (use --rule-texts=<file> to get proper output) (Undefined)"
"misra-c2012-15.5","style","libs/ra_ble_host/src/ra_ble_gatt_client.c","301","misra violation (use --rule-texts=<file> to get proper output) (Undefined)"
"misra-c2012-15.5","style","libs/ra_ble_host/src/ra_ble_gatt_client.c","311","misra violation (use --rule-texts=<file> to get proper output) (Undefined)"
"misra-c2012-15.5","style","libs/ra_ble_host/src/ra_ble_gatt_client.c","314","misra violation (use --rule-texts=<file> to get proper output) (Undefined)"
"misra-c2012-15.5","style","libs/ra_ble_host/src/ra_ble_gatt_client.c","326","misra violation (use --rule-texts=<file> to get proper output) (Undefined)"
"misra-c2012-15.5","style","libs/ra_ble_host/src/ra_ble_gatt_client.c","343","misra violation (use --rule-texts=<file> to get proper output) (Undefined)"
"misra-c2012-15.5","style","libs/ra_ble_host/src/ra_ble_gatt_client.c","346","misra violation (use --rule-texts=<file> to get proper output) (Undefined)"
"misra-c2012-15.5","style","libs/ra_ble_host/src/ra_ble_gatt_client.c","350","misra violation (use --rule-texts=<file> to get proper output) (Undefined)"
"misra-c2012-15.5","style","libs/ra_ble_host/src/ra_ble_gatt_client.c","363","misra violation (use --rule-texts=<file> to get proper output) (Undefined)"
"misra-c2012-15.5","style","libs/ra_ble_host/src/ra_ble_gatt_client.c","372","misra violation (use --rule-texts=<file> to get proper output) (Undefined)"
"misra-c2012-15.5","style","libs/ra_ble_host/src/ra_ble_gatt_client.c","394","misra violation (use --rule-texts=<file> to get proper output) (Undefined)"
"misra-c2012-15.5","style","libs/ra_ble_host/src/ra_ble_gatt_client.c","415","misra violation (use --rule-texts=<file> to get proper output) (Undefined)"
"misra-c2012-15.5","style","libs/ra_ble_host/src/ra_ble_gatt.c","182","misra violation (use --rule-texts=<file> to get proper output) (Undefined)"
"misra-c2012-15.5","style","libs/ra_ble_host/src/ra_ble_gatt.c","209","misra violation (use --rule-texts=<file> to get proper output) (Undefined)"
"misra-c2012-15.5","style","libs/ra_ble_host/src/ra_ble_gatt.c","213","misra violation (use --rule-texts=<file> to get proper output) (Undefined)"
"misra-c2012-15.5","style","libs/ra_ble_host/src/ra_ble_gatt.c","216","misra violation (use --rule-texts=<file> to get proper output) (Undefined)"
"misra-c2012-15.5","style","libs/ra_ble_host/src/ra_ble_gatt.c","226","misra violation (use --rule-texts=<file> to get proper output) (Undefined)"
"misra-c2012-15.5","style","libs/ra_ble_host/src/ra_ble_gatt.c","247","misra violation (use --rule-texts=<file> to get proper output) (Undefined)"
"misra-c2012-15.5","style","libs/ra_ble_host/src/ra_ble_gatt.c","250","misra violation (use --rule-texts=<file> to get proper output) (Undefined)"
"misra-c2012-15.5","style","libs/ra_ble_host/src/ra_ble_gatt.c","254","misra violation (use --rule-texts=<file> to get proper output) (Undefined)"
"misra-c2012-15.5","style","libs/ra_ble_host/src/ra_ble_gatt.c","257","misra violation (use --rule-texts=<file> to get proper output) (Undefined)"
"misra-c2012-15.5","style","libs/ra_ble_host/src/ra_ble_gatt.c","260","misra violation (use --rule-texts=<file> to get proper output) (Undefined)"
"misra-c2012-15.5","style","libs/ra_ble_host/src/ra_ble_gatt.c","271","misra violation (use --rule-texts=<file> to get proper output) (Undefined)"
"misra-c2012-15.5","style","libs/ra_ble_host/src/ra_ble_gatt.c","274","misra violation (use --rule-texts=<file> to get proper output) (Undefined)"
"misra-c2012-15.5","style","libs/ra_ble_host/src/ra_ble_gatt.c","288","misra violation (use --rule-texts=<file> to get proper output) (Undefined)"
"misra-c2012-15.5","style","libs/ra_ble_host/src/ra_ble_gatt.c","303","misra violation (use --rule-texts=<file> to get proper output) (Undefined)"
"misra-c2012-15.5","style","libs/ra_ble_host/src/ra_ble_gatt.c","324","misra violation (use --rule-texts=<file> to get proper output) (Undefined)"
"misra-c2012-15.5","style","libs/ra_ble_host/src/ra_ble_gatt.c","338","misra violation (use --rule-texts=<file> to get proper output) (Undefined)"
"misra-c2012-15.5","style","libs/ra_ble_host/src/ra_ble_gatt.c","342","misra violation (use --rule-texts=<file> to get proper output) (Undefined)"
"misra-c2012-15.5","style","libs/ra_ble_host/src/ra_ble_gatt.c","346","misra violation (use --rule-texts=<file> to get proper output) (Undefined)"
"misra-c2012-15.5","style","libs/ra_ble_host/src/ra_ble_gatt.c","349","misra violation (use --rule-texts=<file> to get proper output) (Undefined)"
"misra-c2012-15.5","style","libs/ra_ble_host/src/ra_ble_gatt.c","372","misra violation (use --rule-texts=<file> to get proper output) (Undefined)"
"misra-c2012-15.5","style","libs/ra_ble_host/src/ra_ble_gatt.c","376","misra violation (use --rule-texts=<file> to get proper output) (Undefined)"
"misra-c2012-15.5","style","libs/ra_ble_host/src/ra_ble_gatt.c","382","misra violation (use --rule-texts=<file> to get proper output) (Undefined)"
"misra-c2012-15.5","style","libs/ra_ble_host/src/ra_ble_gatt.c","387","misra violation (use --rule-texts=<file> to get proper output) (Undefined)"
"misra-c2012-15.5","style","libs/ra_ble_host/src/ra_ble_gatt.c","401","misra violation (use --rule-texts=<file> to get proper output) (Undefined)"
"misra-c2012-15.5","style","libs/ra_ble_host/src/ra_ble_mesh.c","106","misra violation (use --rule-texts=<file> to get proper output) (Undefined)"
"misra-c2012-15.5","style","libs/ra_ble_host/src/ra_ble_mesh.c","109","misra violation (use --rule-texts=<file> to get proper output) (Undefined)"
"misra-c2012-15.5","style","libs/ra_ble_host/src/ra_ble_mesh.c","113","misra violation (use --rule-texts=<file> to get proper output) (Undefined)"
"misra-c2012-15.5","style","libs/ra_ble_host/src/ra_ble_mesh.c","127","misra violation (use --rule-texts=<file> to get proper output) (Undefined)"
"misra-c2012-15.5","style","libs/ra_ble_host/src/ra_ble_mesh.c","141","misra violation (use --rule-texts=<file> to get proper output) (Undefined)"
"misra-c2012-15.5","style","libs/ra_ble_host/src/ra_ble_mesh.c","153","misra violation (use --rule-texts=<file> to get proper output) (Undefined)"
"misra-c2012-15.5","style","libs/ra_ble_host/src/ra_ble_mesh.c","160","misra violation (use --rule-texts=<file> to get proper output) (Undefined)"
"misra-c2012-15.5","style","libs/ra_ble_host/src/ra_ble_mesh.c","170","misra violation (use --rule-texts=<file> to get proper output) (Undefined)"
"misra-c2012-15.5","style","libs/ra_ble_host/src/ra_ble_mesh.c","177","misra violation (use --rule-texts=<file> to get proper output) (Undefined)"
"misra-c2012-15.5","style","libs/ra_ble_host/src/ra_ble_mesh.c","187","misra violation (use --rule-texts=<file> to get proper output) (Undefined)"
"misra-c2012-15.5","style","libs/ra_ble_host/src/ra_ble_security.c","118","misra violation (use --rule-texts=<file> to get proper output) (Undefined)"
"misra-c2012-15.5","style","libs/ra_ble_host/src/ra_ble_security.c","121","misra violation (use --rule-texts=<file> to get proper output) (Undefined)"
"misra-c2012-15.5","style","libs/ra_ble_host/src/ra_ble_security.c","143","misra violation (use --rule-texts=<file> to get proper output) (Undefined)"
"misra-c2012-15.5","style","libs/ra_ble_host/src/ra_ble_security.c","145","misra violation (use --rule-texts=<file> to get proper output) (Undefined)"
"misra-c2012-15.5","style","libs/ra_ble_host/src/ra_ble_security.c","147","misra violation (use --rule-texts=<file> to get proper output) (Undefined)"
"misra-c2012-15.5","style","libs/ra_ble_host/src/ra_ble_security.c","149","misra violation (use --rule-texts=<file> to get proper output) (Undefined)"
"misra-c2012-15.5","style","libs/ra_ble_host/src/ra_ble_security.c","152","misra violation (use --rule-texts=<file> to get proper output) (Undefined)"
"misra-c2012-15.5","style","libs/ra_ble_host/src/ra_ble_security.c","165","misra violation (use --rule-texts=<file> to get proper output) (Undefined)"
"misra-c2012-15.5","style","libs/ra_ble_host/src/ra_ble_security.c","188","misra violation (use --rule-texts=<file> to get proper output) (Undefined)"
"misra-c2012-15.5","style","libs/ra_ble_host/src/ra_ble_security.c","199","misra violation (use --rule-texts=<file> to get proper output) (Undefined)"
"misra-c2012-15.5","style","libs/ra_ble_host/src/ra_ble_security.c","206","misra violation (use --rule-texts=<file> to get proper output) (Undefined)"
"misra-c2012-15.5","style","libs/ra_ble_host/src/ra_ble_security.c","217","misra violation (use --rule-texts=<file> to get proper output) (Undefined)"
"misra-c2012-15.5","style","libs/ra_ble_host/src/ra_ble_security.c","220","misra violation (use --rule-texts=<file> to get proper output) (Undefined)"
"misra-c2012-15.5","style","libs/ra_ble_host/src/ra_ble_security.c","239","misra violation (use --rule-texts=<file> to get proper output) (Undefined)"
"misra-c2012-15.5","style","libs/ra_ble_host/src/ra_ble_security.c","251","misra violation (use --rule-texts=<file> to get proper output) (Undefined)"
"misra-c2012-15.5","style","libs/ra_ble_host/src/ra_ble_security.c","258","misra violation (use --rule-texts=<file> to get proper output) (Undefined)"
"misra-c2012-15.5","style","libs/ra_ble_host/src/ra_ble_security.c","268","misra violation (use --rule-texts=<file> to get proper output) (Undefined)"
"misra-c2012-15.5","style","libs/ra_ble_host/src/ra_ble_security.c","271","misra violation (use --rule-texts=<file> to get proper output) (Undefined)"
"misra-c2012-15.5","style","libs/ra_core/src/ra_exception.c","106","misra violation (use --rule-texts=<file> to get proper output) (Undefined)"
"misra-c2012-15.5","style","libs/ra_core/src/ra_log.c","144","misra violation (use --rule-texts=<file> to get proper output) (Undefined)"
"misra-c2012-15.5","style","libs/ra_core/src/ra_log.c","147","misra violation (use --rule-texts=<file> to get proper output) (Undefined)"
"misra-c2012-15.5","style","libs/ra_core/src/ra_log.c","186","misra violation (use --rule-texts=<file> to get proper output) (Undefined)"
"misra-c2012-15.5","style","libs/ra_core/src/ra_log.c","249","misra violation (use --rule-texts=<file> to get proper output) (Undefined)"
"misra-c2012-15.5","style","libs/ra_core/src/ra_log.c","289","misra violation (use --rule-texts=<file> to get proper output) (Undefined)"
"misra-c2012-15.5","style","libs/ra_core/src/ra_log.c","351","misra violation (use --rule-texts=<file> to get proper output) (Undefined)"
"misra-c2012-15.5","style","libs/ra_core/src/ra_log.c","372","misra violation (use --rule-texts=<file> to get proper output) (Undefined)"
"misra-c2012-15.5","style","libs/ra_core/src/ra_log.c","394","misra violation (use --rule-texts=<file> to get proper output) (Undefined)"
"misra-c2012-15.5","style","libs/ra_core/src/ra_log.c","570","misra violation (use --rule-texts=<file> to get proper output) (Undefined)"
"misra-c2012-15.5","style","libs/ra_epub/src/ra_epub_chapter.c","104","misra violation (use --rule-texts=<file> to get proper output) (Undefined)"
"misra-c2012-15.5","style","libs/ra_epub/src/ra_epub_chapter.c","108","misra violation (use --rule-texts=<file> to get proper output) (Undefined)"
"misra-c2012-15.5","style","libs/ra_epub/src/ra_epub_chapter.c","111","misra violation (use --rule-texts=<file> to get proper output) (Undefined)"
"misra-c2012-15.5","style","libs/ra_epub/src/ra_epub_chapter.c","114","misra violation (use --rule-texts=<file> to get proper output) (Undefined)"
"misra-c2012-15.5","style","libs/ra_epub/src/ra_epub_chapter.c","133","misra violation (use --rule-texts=<file> to get proper output) (Undefined)"
"misra-c2012-15.5","style","libs/ra_epub/src/ra_epub_chapter.c","136","misra violation (use --rule-texts=<file> to get proper output) (Undefined)"
"misra-c2012-15.5","style","libs/ra_epub/src/ra_epub_chapter.c","169","misra violation (use --rule-texts=<file> to get proper output) (Undefined)"
"misra-c2012-15.5","style","libs/ra_epub/src/ra_epub_chapter.c","173","misra violation (use --rule-texts=<file> to get proper output) (Undefined)"
"misra-c2012-15.5","style","libs/ra_epub/src/ra_epub_chapter.c","193","misra violation (use --rule-texts=<file> to get proper output) (Undefined)"
"misra-c2012-15.5","style","libs/ra_epub/src/ra_epub_chapter.c","196","misra violation (use --rule-texts=<file> to get proper output) (Undefined)"
"misra-c2012-15.5","style","libs/ra_epub/src/ra_epub_chapter.c","209","misra violation (use --rule-texts=<file> to get proper output) (Undefined)"
"misra-c2012-15.5","style","libs/ra_epub/src/ra_epub_chapter.c","213","misra violation (use --rule-texts=<file> to get proper output) (Undefined)"
"misra-c2012-15.5","style","libs/ra_epub/src/ra_epub_chapter.c","216","misra violation (use --rule-texts=<file> to get proper output) (Undefined)"
"misra-c2012-15.5","style","libs/ra_epub/src/ra_epub_chapter.c","219","misra violation (use --rule-texts=<file> to get proper output) (Undefined)"
"misra-c2012-15.5","style","libs/ra_epub/src/ra_epub_chapter.c","233","misra violation (use --rule-texts=<file> to get proper output) (Undefined)"
"misra-c2012-15.5","style","libs/ra_epub/src/ra_epub_chapter.c","236","misra violation (use --rule-texts=<file> to get proper output) (Undefined)"
"misra-c2012-15.5","style","libs/ra_epub/src/ra_epub_chapter.c","248","misra violation (use --rule-texts=<file> to get proper output) (Undefined)"
"misra-c2012-15.5","style","libs/ra_epub/src/ra_epub_chapter.c","252","misra violation (use --rule-texts=<file> to get proper output) (Undefined)"
"misra-c2012-15.5","style","libs/ra_epub/src/ra_epub_chapter.c","255","misra violation (use --rule-texts=<file> to get proper output) (Undefined)"
"misra-c2012-15.5","style","libs/ra_epub/src/ra_epub_chapter.c","258","misra violation (use --rule-texts=<file> to get proper output) (Undefined)"
"misra-c2012-15.5","style","libs/ra_epub/src/ra_epub_chapter.c","272","misra violation (use --rule-texts=<file> to get proper output) (Undefined)"
"misra-c2012-15.5","style","libs/ra_epub/src/ra_epub_chapter.c","275","misra violation (use --rule-texts=<file> to get proper output) (Undefined)"
"misra-c2012-15.5","style","libs/ra_epub/src/ra_epub_chapter.c","278","misra violation (use --rule-texts=<file> to get proper output) (Undefined)"
"misra-c2012-15.5","style","libs/ra_epub/src/ra_epub_chapter.c","294","misra violation (use --rule-texts=<file> to get proper output) (Undefined)"
"misra-c2012-15.5","style","libs/ra_epub/src/ra_epub_chapter.c","299","misra violation (use --rule-texts=<file> to get proper output) (Undefined)"
"misra-c2012-15.5","style","libs/ra_epub/src/ra_epub_chapter.c","302","misra violation (use --rule-texts=<file> to get proper output) (Undefined)"
"misra-c2012-15.5","style","libs/ra_epub/src/ra_epub_chapter.c","308","misra violation (use --rule-texts=<file> to get proper output) (Undefined)"
"misra-c2012-15.5","style","libs/ra_epub/src/ra_epub_chapter.c","65","misra violation (use --rule-texts=<file> to get proper output) (Undefined)"
"misra-c2012-15.5","style","libs/ra_epub/src/ra_epub_open.c","101","misra violation (use --rule-texts=<file> to get proper output) (Undefined)"
"misra-c2012-15.5","style","libs/ra_epub/src/ra_epub_open.c","105","misra violation (use --rule-texts=<file> to get proper output) (Undefined)"
"misra-c2012-15.5","style","libs/ra_epub/src/ra_epub_open.c","127","misra violation (use --rule-texts=<file> to get proper output) (Undefined)"
"misra-c2012-15.5","style","libs/ra_epub/src/ra_epub_open.c","131","misra violation (use --rule-texts=<file> to get proper output) (Undefined)"
"misra-c2012-15.5","style","libs/ra_epub/src/ra_epub_open.c","134","misra violation (use --rule-texts=<file> to get proper output) (Undefined)"
"misra-c2012-15.5","style","libs/ra_epub/src/ra_epub_open.c","137","misra violation (use --rule-texts=<file> to get proper output) (Undefined)"
"misra-c2012-15.5","style","libs/ra_epub/src/ra_epub_open.c","165","misra violation (use --rule-texts=<file> to get proper output) (Undefined)"
"misra-c2012-15.5","style","libs/ra_epub/src/ra_epub_open.c","186","misra violation (use --rule-texts=<file> to get proper output) (Undefined)"
"misra-c2012-15.5","style","libs/ra_epub/src/ra_epub_open.c","192","misra violation (use --rule-texts=<file> to get proper output) (Undefined)"
"misra-c2012-15.5","style","libs/ra_epub/src/ra_epub_open.c","198","misra violation (use --rule-texts=<file> to get proper output) (Undefined)"
"misra-c2012-15.5","style","libs/ra_epub/src/ra_epub_open.c","214","misra violation (use --rule-texts=<file> to get proper output) (Undefined)"
"misra-c2012-15.5","style","libs/ra_epub/src/ra_epub_open.c","218","misra violation (use --rule-texts=<file> to get proper output) (Undefined)"
"misra-c2012-15.5","style","libs/ra_epub/src/ra_epub_open.c","231","misra violation (use --rule-texts=<file> to get proper output) (Undefined)"
"misra-c2012-15.5","style","libs/ra_epub/src/ra_epub_open.c","241","misra violation (use --rule-texts=<file> to get proper output) (Undefined)"
"misra-c2012-15.5","style","libs/ra_epub/src/ra_epub_open.c","254","misra violation (use --rule-texts=<file> to get proper output) (Undefined)"
"misra-c2012-15.5","style","libs/ra_epub/src/ra_epub_open.c","257","misra violation (use --rule-texts=<file> to get proper output) (Undefined)"
"misra-c2012-15.5","style","libs/ra_epub/src/ra_epub_open.c","97","misra violation (use --rule-texts=<file> to get proper output) (Undefined)"
"misra-c2012-15.5","style","libs/ra_fs/src/ra_fs_fat.c","1005","misra violation (use --rule-texts=<file> to get proper output) (Undefined)"
"misra-c2012-15.5","style","libs/ra_fs/src/ra_fs_fat.c","1009","misra violation (use --rule-texts=<file> to get proper output) (Undefined)"
"misra-c2012-15.5","style","libs/ra_fs/src/ra_fs_fat.c","1014","misra violation (use --rule-texts=<file> to get proper output) (Undefined)"
"misra-c2012-15.5","style","libs/ra_fs/src/ra_fs_fat.c","1024","misra violation (use --rule-texts=<file> to get proper output) (Undefined)"
"misra-c2012-15.5","style","libs/ra_fs/src/ra_fs_fat.c","1043","misra violation (use --rule-texts=<file> to get proper output) (Undefined)"
"misra-c2012-15.5","style","libs/ra_fs/src/ra_fs_fat.c","1046","misra violation (use --rule-texts=<file> to get proper output) (Undefined)"
"misra-c2012-15.5","style","libs/ra_fs/src/ra_fs_fat.c","1050","misra violation (use --rule-texts=<file> to get proper output) (Undefined)"
"misra-c2012-15.5","style","libs/ra_fs/src/ra_fs_fat.c","1057","misra violation (use --rule-texts=<file> to get proper output) (Undefined)"
"misra-c2012-15.5","style","libs/ra_fs/src/ra_fs_fat.c","1060","misra violation (use --rule-texts=<file> to get proper output) (Undefined)"
"misra-c2012-15.5","style","libs/ra_fs/src/ra_fs_fat.c","1063","misra violation (use --rule-texts=<file> to get proper output) (Undefined)"
"misra-c2012-15.5","style","libs/ra_fs/src/ra_fs_fat.c","1071","misra violation (use --rule-texts=<file> to get proper output) (Undefined)"
"misra-c2012-15.5","style","libs/ra_fs/src/ra_fs_fat.c","1094","misra violation (use --rule-texts=<file> to get proper output) (Undefined)"
"misra-c2012-15.5","style","libs/ra_fs/src/ra_fs_fat.c","1098","misra violation (use --rule-texts=<file> to get proper output) (Undefined)"
"misra-c2012-15.5","style","libs/ra_fs/src/ra_fs_fat.c","1117","misra violation (use --rule-texts=<file> to get proper output) (Undefined)"
"misra-c2012-15.5","style","libs/ra_fs/src/ra_fs_fat.c","1127","misra violation (use --rule-texts=<file> to get proper output) (Undefined)"
"misra-c2012-15.5","style","libs/ra_fs/src/ra_fs_fat.c","1141","misra violation (use --rule-texts=<file> to get proper output) (Undefined)"
"misra-c2012-15.5","style","libs/ra_fs/src/ra_fs_fat.c","1144","misra violation (use --rule-texts=<file> to get proper output) (Undefined)"
"misra-c2012-15.5","style","libs/ra_fs/src/ra_fs_fat.c","1148","misra violation (use --rule-texts=<file> to get proper output) (Undefined)"
"misra-c2012-15.5","style","libs/ra_fs/src/ra_fs_fat.c","1159","misra violation (use --rule-texts=<file> to get proper output) (Undefined)"
"misra-c2012-15.5","style","libs/ra_fs/src/ra_fs_fat.c","1176","misra violation (use --rule-texts=<file> to get proper output) (Undefined)"
"misra-c2012-15.5","style","libs/ra_fs/src/ra_fs_fat.c","1192","misra violation (use --rule-texts=<file> to get proper output) (Undefined)"
"misra-c2012-15.5","style","libs/ra_fs/src/ra_fs_fat.c","1198","misra violation (use --rule-texts=<file> to get proper output) (Undefined)"
"misra-c2012-15.5","style","libs/ra_fs/src/ra_fs_fat.c","1202","misra violation (use --rule-texts=<file> to get proper output) (Undefined)"
"misra-c2012-15.5","style","libs/ra_fs/src/ra_fs_fat.c","1224","misra violation (use --rule-texts=<file> to get proper output) (Undefined)"
"misra-c2012-15.5","style","libs/ra_fs/src/ra_fs_fat.c","1243","misra violation (use --rule-texts=<file> to get proper output) (Undefined)"
"misra-c2012-15.5","style","libs/ra_fs/src/ra_fs_fat.c","1252","misra violation (use --rule-texts=<file> to get proper output) (Undefined)"
"misra-c2012-15.5","style","libs/ra_fs/src/ra_fs_fat.c","1265","misra violation (use --rule-texts=<file> to get proper output) (Undefined)"
"misra-c2012-15.5","style","libs/ra_fs/src/ra_fs_fat.c","1279","misra violation (use --rule-texts=<file> to get proper output) (Undefined)"
"misra-c2012-15.5","style","libs/ra_fs/src/ra_fs_fat.c","1282","misra violation (use --rule-texts=<file> to get proper output) (Undefined)"
"misra-c2012-15.5","style","libs/ra_fs/src/ra_fs_fat.c","1285","misra violation (use --rule-texts=<file> to get proper output) (Undefined)"
"misra-c2012-15.5","style","libs/ra_fs/src/ra_fs_fat.c","1289","misra violation (use --rule-texts=<file> to get proper output) (Undefined)"
"misra-c2012-15.5","style","libs/ra_fs/src/ra_fs_fat.c","1295","misra violation (use --rule-texts=<file> to get proper output) (Undefined)"
"misra-c2012-15.5","style","libs/ra_fs/src/ra_fs_fat.c","1304","misra violation (use --rule-texts=<file> to get proper output) (Undefined)"
"misra-c2012-15.5","style","libs/ra_fs/src/ra_fs_fat.c","1307","misra violation (use --rule-texts=<file> to get proper output) (Undefined)"
"misra-c2012-15.5","style","libs/ra_fs/src/ra_fs_fat.c","1320","misra violation (use --rule-texts=<file> to get proper output) (Undefined)"
"misra-c2012-15.5","style","libs/ra_fs/src/ra_fs_fat.c","1323","misra violation (use --rule-texts=<file> to get proper output) (Undefined)"
"misra-c2012-15.5","style","libs/ra_fs/src/ra_fs_fat.c","1332","misra violation (use --rule-texts=<file> to get proper output) (Undefined)"
"misra-c2012-15.5","style","libs/ra_fs/src/ra_fs_fat.c","1335","misra violation (use --rule-texts=<file> to get proper output) (Undefined)"
"misra-c2012-15.5","style","libs/ra_fs/src/ra_fs_fat.c","1356","misra violation (use --rule-texts=<file> to get proper output) (Undefined)"
"misra-c2012-15.5","style","libs/ra_fs/src/ra_fs_fat.c","1375","misra violation (use --rule-texts=<file> to get proper output) (Undefined)"
"misra-c2012-15.5","style","libs/ra_fs/src/ra_fs_fat.c","1378","misra violation (use --rule-texts=<file> to get proper output) (Undefined)"
"misra-c2012-15.5","style","libs/ra_fs/src/ra_fs_fat.c","1381","misra violation (use --rule-texts=<file> to get proper output) (Undefined)"
"misra-c2012-15.5","style","libs/ra_fs/src/ra_fs_fat.c","1390","misra violation (use --rule-texts=<file> to get proper output) (Undefined)"
"misra-c2012-15.5","style","libs/ra_fs/src/ra_fs_fat.c","1393","misra violation (use --rule-texts=<file> to get proper output) (Undefined)"
"misra-c2012-15.5","style","libs/ra_fs/src/ra_fs_fat.c","1397","misra violation (use --rule-texts=<file> to get proper output) (Undefined)"
"misra-c2012-15.5","style","libs/ra_fs/src/ra_fs_fat.c","1406","misra violation (use --rule-texts=<file> to get proper output) (Undefined)"
"misra-c2012-15.5","style","libs/ra_fs/src/ra_fs_fat.c","1409","misra violation (use --rule-texts=<file> to get proper output) (Undefined)"
"misra-c2012-15.5","style","libs/ra_fs/src/ra_fs_fat.c","1413","misra violation (use --rule-texts=<file> to get proper output) (Undefined)"
"misra-c2012-15.5","style","libs/ra_fs/src/ra_fs_fat.c","1420","misra violation (use --rule-texts=<file> to get proper output) (Undefined)"
"misra-c2012-15.5","style","libs/ra_fs/src/ra_fs_fat.c","1426","misra violation (use --rule-texts=<file> to get proper output) (Undefined)"
"misra-c2012-15.5","style","libs/ra_fs/src/ra_fs_fat.c","1432","misra violation (use --rule-texts=<file> to get proper output) (Undefined)"
"misra-c2012-15.5","style","libs/ra_fs/src/ra_fs_fat.c","205","misra violation (use --rule-texts=<file> to get proper output) (Undefined)"
"misra-c2012-15.5","style","libs/ra_fs/src/ra_fs_fat.c","243","misra violation (use --rule-texts=<file> to get proper output) (Undefined)"
"misra-c2012-15.5","style","libs/ra_fs/src/ra_fs_fat.c","246","misra violation (use --rule-texts=<file> to get proper output) (Undefined)"
"misra-c2012-15.5","style","libs/ra_fs/src/ra_fs_fat.c","267","misra violation (use --rule-texts=<file> to get proper output) (Undefined)"
"misra-c2012-15.5","style","libs/ra_fs/src/ra_fs_fat.c","281","misra violation (use --rule-texts=<file> to get proper output) (Undefined)"
"misra-c2012-15.5","style","libs/ra_fs/src/ra_fs_fat.c","315","misra violation (use --rule-texts=<file> to get proper output) (Undefined)"
"misra-c2012-15.5","style","libs/ra_fs/src/ra_fs_fat.c","324","misra violation (use --rule-texts=<file> to get proper output) (Undefined)"
"misra-c2012-15.5","style","libs/ra_fs/src/ra_fs_fat.c","344","misra violation (use --rule-texts=<file> to get proper output) (Undefined)"
"misra-c2012-15.5","style","libs/ra_fs/src/ra_fs_fat.c","361","misra violation (use --rule-texts=<file> to get proper output) (Undefined)"
"misra-c2012-15.5","style","libs/ra_fs/src/ra_fs_fat.c","376","misra violation (use --rule-texts=<file> to get proper output) (Undefined)"
"misra-c2012-15.5","style","libs/ra_fs/src/ra_fs_fat.c","402","misra violation (use --rule-texts=<file> to get proper output) (Undefined)"
"misra-c2012-15.5","style","libs/ra_fs/src/ra_fs_fat.c","414","misra violation (use --rule-texts=<file> to get proper output) (Undefined)"
"misra-c2012-15.5","style","libs/ra_fs/src/ra_fs_fat.c","417","misra violation (use --rule-texts=<file> to get proper output) (Undefined)"
"misra-c2012-15.5","style","libs/ra_fs/src/ra_fs_fat.c","426","misra violation (use --rule-texts=<file> to get proper output) (Undefined)"
"misra-c2012-15.5","style","libs/ra_fs/src/ra_fs_fat.c","429","misra violation (use --rule-texts=<file> to get proper output) (Undefined)"
"misra-c2012-15.5","style","libs/ra_fs/src/ra_fs_fat.c","451","misra violation (use --rule-texts=<file> to get proper output) (Undefined)"
"misra-c2012-15.5","style","libs/ra_fs/src/ra_fs_fat.c","455","misra violation (use --rule-texts=<file> to get proper output) (Undefined)"
"misra-c2012-15.5","style","libs/ra_fs/src/ra_fs_fat.c","479","misra violation (use --rule-texts=<file> to get proper output) (Undefined)"
"misra-c2012-15.5","style","libs/ra_fs/src/ra_fs_fat.c","493","misra violation (use --rule-texts=<file> to get proper output) (Undefined)"
"misra-c2012-15.5","style","libs/ra_fs/src/ra_fs_fat.c","498","misra violation (use --rule-texts=<file> to get proper output) (Undefined)"
"misra-c2012-15.5","style","libs/ra_fs/src/ra_fs_fat.c","510","misra violation (use --rule-texts=<file> to get proper output) (Undefined)"
"misra-c2012-15.5","style","libs/ra_fs/src/ra_fs_fat.c","516","misra violation (use --rule-texts=<file> to get proper output) (Undefined)"
"misra-c2012-15.5","style","libs/ra_fs/src/ra_fs_fat.c","527","misra violation (use --rule-texts=<file> to get proper output) (Undefined)"
"misra-c2012-15.5","style","libs/ra_fs/src/ra_fs_fat.c","536","misra violation (use --rule-texts=<file> to get proper output) (Undefined)"
"misra-c2012-15.5","style","libs/ra_fs/src/ra_fs_fat.c","539","misra violation (use --rule-texts=<file> to get proper output) (Undefined)"
"misra-c2012-15.5","style","libs/ra_fs/src/ra_fs_fat.c","637","misra violation (use --rule-texts=<file> to get proper output) (Undefined)"
"misra-c2012-15.5","style","libs/ra_fs/src/ra_fs_fat.c","642","misra violation (use --rule-texts=<file> to get proper output) (Undefined)"
"misra-c2012-15.5","style","libs/ra_fs/src/ra_fs_fat.c","650","misra violation (use --rule-texts=<file> to get proper output) (Undefined)"
"misra-c2012-15.5","style","libs/ra_fs/src/ra_fs_fat.c","654","misra violation (use --rule-texts=<file> to get proper output) (Undefined)"
"misra-c2012-15.5","style","libs/ra_fs/src/ra_fs_fat.c","689","misra violation (use --rule-texts=<file> to get proper output) (Undefined)"
"misra-c2012-15.5","style","libs/ra_fs/src/ra_fs_fat.c","694","misra violation (use --rule-texts=<file> to get proper output) (Undefined)"
"misra-c2012-15.5","style","libs/ra_fs/src/ra_fs_fat.c","706","misra violation (use --rule-texts=<file> to get proper output) (Undefined)"
"misra-c2012-15.5","style","libs/ra_fs/src/ra_fs_fat.c","711","misra violation (use --rule-texts=<file> to get proper output) (Undefined)"
"misra-c2012-15.5","style","libs/ra_fs/src/ra_fs_fat.c","730","misra violation (use --rule-texts=<file> to get proper output) (Undefined)"
"misra-c2012-15.5","style","libs/ra_fs/src/ra_fs_fat.c","738","misra violation (use --rule-texts=<file> to get proper output) (Undefined)"
"misra-c2012-15.5","style","libs/ra_fs/src/ra_fs_fat.c","743","misra violation (use --rule-texts=<file> to get proper output) (Undefined)"
"misra-c2012-15.5","style","libs/ra_fs/src/ra_fs_fat.c","760","misra violation (use --rule-texts=<file> to get proper output) (Undefined)"
"misra-c2012-15.5","style","libs/ra_fs/src/ra_fs_fat.c","764","misra violation (use --rule-texts=<file> to get proper output) (Undefined)"
"misra-c2012-15.5","style","libs/ra_fs/src/ra_fs_fat.c","773","misra violation (use --rule-texts=<file> to get proper output) (Undefined)"
"misra-c2012-15.5","style","libs/ra_fs/src/ra_fs_fat.c","789","misra violation (use --rule-texts=<file> to get proper output) (Undefined)"
"misra-c2012-15.5","style","libs/ra_fs/src/ra_fs_fat.c","800","misra violation (use --rule-texts=<file> to get proper output) (Undefined)"
"misra-c2012-15.5","style","libs/ra_fs/src/ra_fs_fat.c","818","misra violation (use --rule-texts=<file> to get proper output) (Undefined)"
"misra-c2012-15.5","style","libs/ra_fs/src/ra_fs_fat.c","827","misra violation (use --rule-texts=<file> to get proper output) (Undefined)"
"misra-c2012-15.5","style","libs/ra_fs/src/ra_fs_fat.c","851","misra violation (use --rule-texts=<file> to get proper output) (Undefined)"
"misra-c2012-15.5","style","libs/ra_fs/src/ra_fs_fat.c","868","misra violation (use --rule-texts=<file> to get proper output) (Undefined)"
"misra-c2012-15.5","style","libs/ra_fs/src/ra_fs_fat.c","872","misra violation (use --rule-texts=<file> to get proper output) (Undefined)"
"misra-c2012-15.5","style","libs/ra_fs/src/ra_fs_fat.c","876","misra violation (use --rule-texts=<file> to get proper output) (Undefined)"
"misra-c2012-15.5","style","libs/ra_fs/src/ra_fs_fat.c","881","misra violation (use --rule-texts=<file> to get proper output) (Undefined)"
"misra-c2012-15.5","style","libs/ra_fs/src/ra_fs_fat.c","885","misra violation (use --rule-texts=<file> to get proper output) (Undefined)"
"misra-c2012-15.5","style","libs/ra_fs/src/ra_fs_fat.c","889","misra violation (use --rule-texts=<file> to get proper output) (Undefined)"
"misra-c2012-15.5","style","libs/ra_fs/src/ra_fs_fat.c","899","misra violation (use --rule-texts=<file> to get proper output) (Undefined)"
"misra-c2012-15.5","style","libs/ra_fs/src/ra_fs_fat.c","902","misra violation (use --rule-texts=<file> to get proper output) (Undefined)"
"misra-c2012-15.5","style","libs/ra_fs/src/ra_fs_fat.c","940","misra violation (use --rule-texts=<file> to get proper output) (Undefined)"
"misra-c2012-15.5","style","libs/ra_fs/src/ra_fs_fat.c","950","misra violation (use --rule-texts=<file> to get proper output) (Undefined)"
"misra-c2012-15.5","style","libs/ra_fs/src/ra_fs_fat.c","968","misra violation (use --rule-texts=<file> to get proper output) (Undefined)"
"misra-c2012-15.5","style","libs/ra_fs/src/ra_fs_fat.c","982","misra violation (use --rule-texts=<file> to get proper output) (Undefined)"
"misra-c2012-15.5","style","libs/ra_gfx/src/ra_gfx_text.c","204","misra violation (use --rule-texts=<file> to get proper output) (Undefined)"
"misra-c2012-15.5","style","libs/ra_gfx/src/ra_gfx_text.c","210","misra violation (use --rule-texts=<file> to get proper output) (Undefined)"
"misra-c2012-15.5","style","libs/ra_gfx/src/ra_gfx_text.c","217","misra violation (use --rule-texts=<file> to get proper output) (Undefined)"
"misra-c2012-15.5","style","libs/ra_gfx/src/ra_gfx_text.c","231","misra violation (use --rule-texts=<file> to get proper output) (Undefined)"
"misra-c2012-15.5","style","libs/ra_gfx/src/ra_gfx_text.c","234","misra violation (use --rule-texts=<file> to get proper output) (Undefined)"
"misra-c2012-15.5","style","libs/ra_gfx/src/ra_gfx_text.c","251","misra violation (use --rule-texts=<file> to get proper output) (Undefined)"
"misra-c2012-15.5","style","libs/ra_gfx/src/ra_gfx_text.c","254","misra violation (use --rule-texts=<file> to get proper output) (Undefined)"
"misra-c2012-15.5","style","libs/ra_gfx/src/ra_gfx_text.c","257","misra violation (use --rule-texts=<file> to get proper output) (Undefined)"
"misra-c2012-15.5","style","libs/ra_gfx/src/ra_gfx_text.c","260","misra violation (use --rule-texts=<file> to get proper output) (Undefined)"
"misra-c2012-15.5","style","libs/ra_gfx/src/ra_gfx_text.c","274","misra violation (use --rule-texts=<file> to get proper output) (Undefined)"
"misra-c2012-15.5","style","libs/ra_gfx/src/ra_gfx_text.c","292","misra violation (use --rule-texts=<file> to get proper output) (Undefined)"
"misra-c2012-15.5","style","libs/ra_gfx/src/ra_gfx_text.c","295","misra violation (use --rule-texts=<file> to get proper output) (Undefined)"
"misra-c2012-15.5","style","libs/ra_gfx/src/ra_gfx_text.c","304","misra violation (use --rule-texts=<file> to get proper output) (Undefined)"
"misra-c2012-15.5","style","libs/ra_gfx/src/ra_gfx_text.c","337","misra violation (use --rule-texts=<file> to get proper output) (Undefined)"
"misra-c2012-15.5","style","libs/ra_gfx/src/ra_gfx_text.c","340","misra violation (use --rule-texts=<file> to get proper output) (Undefined)"
"misra-c2012-15.5","style","libs/ra_gfx/src/ra_gfx_text.c","396","misra violation (use --rule-texts=<file> to get proper output) (Undefined)"
"misra-c2012-15.5","style","libs/ra_gfx/src/ra_gfx_text.c","399","misra violation (use --rule-texts=<file> to get proper output) (Undefined)"
"misra-c2012-15.5","style","libs/ra_gfx/src/ra_gfx_text.c","464","misra violation (use --rule-texts=<file> to get proper output) (Undefined)"
"misra-c2012-15.5","style","libs/ra_gfx/src/ra_gfx_text.c","467","misra violation (use --rule-texts=<file> to get proper output) (Undefined)"
"misra-c2012-15.5","style","libs/ra_gfx/src/ra_gfx_text.c","488","misra violation (use --rule-texts=<file> to get proper output) (Undefined)"
"misra-c2012-15.5","style","libs/ra_gfx/src/ra_gfx_text.c","511","misra violation (use --rule-texts=<file> to get proper output) (Undefined)"
"misra-c2012-15.5","style","libs/ra_gfx/src/ra_gfx_text.c","514","misra violation (use --rule-texts=<file> to get proper output) (Undefined)"
"misra-c2012-15.5","style","libs/ra_gfx/src/ra_gfx_text.c","517","misra violation (use --rule-texts=<file> to get proper output) (Undefined)"
"misra-c2012-15.5","style","libs/ra_modem_at/src/ra_modem_at.c","133","misra violation (use --rule-texts=<file> to get proper output) (Undefined)"
"misra-c2012-15.5","style","libs/ra_modem_at/src/ra_modem_at.c","152","misra violation (use --rule-texts=<file> to get proper output) (Undefined)"
"misra-c2012-15.5","style","libs/ra_modem_at/src/ra_modem_at.c","198","misra violation (use --rule-texts=<file> to get proper output) (Undefined)"
"misra-c2012-15.5","style","libs/ra_modem_at/src/ra_modem_at.c","202","misra violation (use --rule-texts=<file> to get proper output) (Undefined)"
"misra-c2012-15.5","style","libs/ra_modem_at/src/ra_modem_at.c","206","misra violation (use --rule-texts=<file> to get proper output) (Undefined)"
"misra-c2012-15.5","style","libs/ra_modem_at/src/ra_modem_at.c","210","misra violation (use --rule-texts=<file> to get proper output) (Undefined)"
"misra-c2012-15.5","style","libs/ra_modem_at/src/ra_modem_at.c","214","misra violation (use --rule-texts=<file> to get proper output) (Undefined)"
"misra-c2012-15.5","style","libs/ra_modem_at/src/ra_modem_at.c","218","misra violation (use --rule-texts=<file> to get proper output) (Undefined)"
"misra-c2012-15.5","style","libs/ra_modem_at/src/ra_modem_at.c","237","misra violation (use --rule-texts=<file> to get proper output) (Undefined)"
"misra-c2012-15.5","style","libs/ra_modem_at/src/ra_modem_at.c","273","misra violation (use --rule-texts=<file> to get proper output) (Undefined)"
"misra-c2012-15.5","style","libs/ra_modem_at/src/ra_modem_at.c","276","misra violation (use --rule-texts=<file> to get proper output) (Undefined)"
"misra-c2012-15.5","style","libs/ra_modem_at/src/ra_modem_at.c","280","misra violation (use --rule-texts=<file> to get proper output) (Undefined)"
"misra-c2012-15.5","style","libs/ra_modem_at/src/ra_modem_at.c","286","misra violation (use --rule-texts=<file> to get proper output) (Undefined)"
"misra-c2012-15.5","style","libs/ra_modem_at/src/ra_modem_at.c","308","misra violation (use --rule-texts=<file> to get proper output) (Undefined)"
"misra-c2012-15.5","style","libs/ra_modem_at/src/ra_modem_at.c","315","misra violation (use --rule-texts=<file> to get proper output) (Undefined)"
"misra-c2012-15.5","style","libs/ra_modem_at/src/ra_modem_at.c","333","misra violation (use --rule-texts=<file> to get proper output) (Undefined)"
"misra-c2012-15.5","style","libs/ra_modem_at/src/ra_modem_at.c","346","misra violation (use --rule-texts=<file> to get proper output) (Undefined)"
"misra-c2012-15.5","style","libs/ra_modem_at/src/ra_modem_at.c","349","misra violation (use --rule-texts=<file> to get proper output) (Undefined)"
"misra-c2012-15.5","style","libs/ra_modem_at/src/ra_modem_at.c","369","misra violation (use --rule-texts=<file> to get proper output) (Undefined)"
"misra-c2012-15.5","style","libs/ra_modem_at/src/ra_modem_at.c","404","misra violation (use --rule-texts=<file> to get proper output) (Undefined)"
"misra-c2012-15.5","style","libs/ra_modem_at/src/ra_modem_at.c","407","misra violation (use --rule-texts=<file> to get proper output) (Undefined)"
"misra-c2012-15.5","style","libs/ra_modem_at/src/ra_modem_at.c","412","misra violation (use --rule-texts=<file> to get proper output) (Undefined)"
"misra-c2012-15.5","style","libs/ra_modem_at/src/ra_modem_at.c","414","misra violation (use --rule-texts=<file> to get proper output) (Undefined)"
"misra-c2012-15.5","style","libs/ra_modem_at/src/ra_modem_at.c","417","misra violation (use --rule-texts=<file> to get proper output) (Undefined)"
"misra-c2012-15.5","style","libs/ra_modem_at/src/ra_modem_at.c","428","misra violation (use --rule-texts=<file> to get proper output) (Undefined)"
"misra-c2012-15.5","style","libs/ra_modem_at/src/ra_modem_at.c","454","misra violation (use --rule-texts=<file> to get proper output) (Undefined)"
"misra-c2012-15.5","style","libs/ra_modem_at/src/ra_modem_at.c","459","misra violation (use --rule-texts=<file> to get proper output) (Undefined)"
"misra-c2012-15.5","style","libs/ra_modem_at/src/ra_modem_at.c","510","misra violation (use --rule-texts=<file> to get proper output) (Undefined)"
"misra-c2012-15.5","style","libs/ra_modem_at/src/ra_modem_at.c","514","misra violation (use --rule-texts=<file> to get proper output) (Undefined)"
"misra-c2012-15.5","style","libs/ra_modem_at/src/ra_modem_at.c","520","misra violation (use --rule-texts=<file> to get proper output) (Undefined)"
"misra-c2012-15.5","style","libs/ra_modem_at/src/ra_modem_at.c","542","misra violation (use --rule-texts=<file> to get proper output) (Undefined)"
"misra-c2012-15.5","style","libs/ra_modem_at/src/ra_modem_at.c","543","misra violation (use --rule-texts=<file> to get proper output) (Undefined)"
"misra-c2012-15.5","style","libs/ra_modem_at/src/ra_modem_at.c","544","misra violation (use --rule-texts=<file> to get proper output) (Undefined)"
"misra-c2012-15.5","style","libs/ra_modem_at/src/ra_modem_at.c","545","misra violation (use --rule-texts=<file> to get proper output) (Undefined)"
"misra-c2012-15.5","style","libs/ra_modem_at/src/ra_modem_at.c","546","misra violation (use --rule-texts=<file> to get proper output) (Undefined)"
"misra-c2012-15.5","style","libs/ra_modem_at/src/ra_modem_at.c","549","misra violation (use --rule-texts=<file> to get proper output) (Undefined)"
"misra-c2012-15.5","style","libs/ra_modem_at/src/ra_modem_at.c","558","misra violation (use --rule-texts=<file> to get proper output) (Undefined)"
"misra-c2012-15.5","style","libs/ra_modem_at/src/ra_modem_at.c","572","misra violation (use --rule-texts=<file> to get proper output) (Undefined)"
"misra-c2012-15.5","style","libs/ra_modem_at/src/ra_modem_at.c","574","misra violation (use --rule-texts=<file> to get proper output) (Undefined)"
"misra-c2012-15.5","style","libs/ra_modem_at/src/ra_modem_at.c","579","misra violation (use --rule-texts=<file> to get proper output) (Undefined)"
"misra-c2012-15.5","style","libs/ra_modem_at/src/ra_modem_at.c","592","misra violation (use --rule-texts=<file> to get proper output) (Undefined)"
"misra-c2012-15.5","style","libs/ra_modem_at/src/ra_modem_at.c","594","misra violation (use --rule-texts=<file> to get proper output) (Undefined)"
"misra-c2012-15.5","style","libs/ra_modem_at/src/ra_modem_at.c","595","misra violation (use --rule-texts=<file> to get proper output) (Undefined)"
"misra-c2012-15.5","style","libs/ra_modem_at/src/ra_modem_at.c","597","misra violation (use --rule-texts=<file> to get proper output) (Undefined)"
"misra-c2012-15.5","style","libs/ra_modem_at/src/ra_modem_at.c","604","misra violation (use --rule-texts=<file> to get proper output) (Undefined)"
"misra-c2012-15.5","style","libs/ra_modem_at/src/ra_modem_at.c","626","misra violation (use --rule-texts=<file> to get proper output) (Undefined)"
"misra-c2012-15.5","style","libs/ra_modem_at/src/ra_modem_at.c","652","misra violation (use --rule-texts=<file> to get proper output) (Undefined)"
"misra-c2012-15.5","style","libs/ra_modem_at/src/ra_modem_at.c","661","misra violation (use --rule-texts=<file> to get proper output) (Undefined)"
"misra-c2012-15.5","style","libs/ra_modem_at/src/ra_modem_at.c","663","misra violation (use --rule-texts=<file> to get proper output) (Undefined)"
"misra-c2012-15.5","style","libs/ra_modem_at/src/ra_modem_at.c","664","misra violation (use --rule-texts=<file> to get proper output) (Undefined)"
"misra-c2012-15.5","style","libs/ra_modem_at/src/ra_modem_at.c","668","misra violation (use --rule-texts=<file> to get proper output) (Undefined)"
"misra-c2012-15.5","style","libs/ra_modem_at/src/ra_modem_at.c","672","misra violation (use --rule-texts=<file> to get proper output) (Undefined)"
"misra-c2012-15.5","style","libs/ra_modem_at/src/ra_modem_at.c","675","misra violation (use --rule-texts=<file> to get proper output) (Undefined)"
"misra-c2012-15.5","style","libs/ra_modem_at/src/ra_modem_at.c","683","misra violation (use --rule-texts=<file> to get proper output) (Undefined)"
"misra-c2012-15.5","style","libs/ra_mpu/src/ra_mpu.c","102","misra violation (use --rule-texts=<file> to get proper output) (Undefined)"
"misra-c2012-15.5","style","libs/ra_mpu/src/ra_mpu.c","105","misra violation (use --rule-texts=<file> to get proper output) (Undefined)"
"misra-c2012-15.5","style","libs/ra_mpu/src/ra_mpu.c","193","misra violation (use --rule-texts=<file> to get proper output) (Undefined)"
"misra-c2012-15.5","style","libs/ra_mpu/src/ra_mpu.c","196","misra violation (use --rule-texts=<file> to get proper output) (Undefined)"
"misra-c2012-15.5","style","libs/ra_mpu/src/ra_mpu.c","201","misra violation (use --rule-texts=<file> to get proper output) (Undefined)"
"misra-c2012-15.5","style","libs/ra_mpu/src/ra_mpu.c","209","misra violation (use --rule-texts=<file> to get proper output) (Undefined)"
"misra-c2012-15.5","style","libs/ra_mpu/src/ra_mpu.c","212","misra violation (use --rule-texts=<file> to get proper output) (Undefined)"
"misra-c2012-15.5","style","libs/ra_mpu/src/ra_mpu.c","250","misra violation (use --rule-texts=<file> to get proper output) (Undefined)"
"misra-c2012-15.5","style","libs/ra_mpu/src/ra_mpu.c","252","misra violation (use --rule-texts=<file> to get proper output) (Undefined)"
"misra-c2012-15.5","style","libs/ra_mpu/src/ra_mpu.c","256","misra violation (use --rule-texts=<file> to get proper output) (Undefined)"
"misra-c2012-15.5","style","libs/ra_mpu/src/ra_mpu.c","63","misra violation (use --rule-texts=<file> to get proper output) (Undefined)"
"misra-c2012-15.5","style","libs/ra_mpu/src/ra_mpu.c","66","misra violation (use --rule-texts=<file> to get proper output) (Undefined)"
"misra-c2012-15.5","style","libs/ra_mpu/src/ra_mpu.c","69","misra violation (use --rule-texts=<file> to get proper output) (Undefined)"
"misra-c2012-15.5","style","libs/ra_mpu/src/ra_mpu.c","72","misra violation (use --rule-texts=<file> to get proper output) (Undefined)"
"misra-c2012-15.5","style","libs/ra_mpu/src/ra_mpu.c","99","misra violation (use --rule-texts=<file> to get proper output) (Undefined)"
"misra-c2012-15.5","style","libs/ra_net/src/ra_net_icmp.c","30","misra violation (use --rule-texts=<file> to get proper output) (Undefined)"
"misra-c2012-15.5","style","libs/ra_net/src/ra_net_icmp.c","34","misra violation (use --rule-texts=<file> to get proper output) (Undefined)"
"misra-c2012-15.5","style","libs/ra_net/src/ra_net_icmp.c","39","misra violation (use --rule-texts=<file> to get proper output) (Undefined)"
"misra-c2012-15.5","style","libs/ra_net/src/ra_net_icmp.c","43","misra violation (use --rule-texts=<file> to get proper output) (Undefined)"
"misra-c2012-15.5","style","libs/ra_net/src/ra_net_icmp.c","48","misra violation (use --rule-texts=<file> to get proper output) (Undefined)"
"misra-c2012-15.5","style","libs/ra_net/src/ra_net_icmp.c","53","misra violation (use --rule-texts=<file> to get proper output) (Undefined)"
"misra-c2012-15.5","style","libs/ra_net/src/ra_net_internal.h","237","misra violation (use --rule-texts=<file> to get proper output) (Undefined)"
"misra-c2012-15.5","style","libs/ra_net/src/ra_net_ipv4.c","111","misra violation (use --rule-texts=<file> to get proper output) (Undefined)"
"misra-c2012-15.5","style","libs/ra_net/src/ra_net_ipv4.c","121","misra violation (use --rule-texts=<file> to get proper output) (Undefined)"
"misra-c2012-15.5","style","libs/ra_net/src/ra_net_ipv4.c","136","misra violation (use --rule-texts=<file> to get proper output) (Undefined)"
"misra-c2012-15.5","style","libs/ra_net/src/ra_net_ipv4.c","140","misra violation (use --rule-texts=<file> to get proper output) (Undefined)"
"misra-c2012-15.5","style","libs/ra_net/src/ra_net_ipv4.c","145","misra violation (use --rule-texts=<file> to get proper output) (Undefined)"
"misra-c2012-15.5","style","libs/ra_net/src/ra_net_ipv4.c","147","misra violation (use --rule-texts=<file> to get proper output) (Undefined)"
"misra-c2012-15.5","style","libs/ra_net/src/ra_net_ipv4.c","149","misra violation (use --rule-texts=<file> to get proper output) (Undefined)"
"misra-c2012-15.5","style","libs/ra_net/src/ra_net_ipv4.c","151","misra violation (use --rule-texts=<file> to get proper output) (Undefined)"
"misra-c2012-15.5","style","libs/ra_net/src/ra_net_ipv4.c","158","misra violation (use --rule-texts=<file> to get proper output) (Undefined)"
"misra-c2012-15.5","style","libs/ra_net/src/ra_net_ipv4.c","222","misra violation (use --rule-texts=<file> to get proper output) (Undefined)"
"misra-c2012-15.5","style","libs/ra_net/src/ra_net_ipv4.c","225","misra violation (use --rule-texts=<file> to get proper output) (Undefined)"
"misra-c2012-15.5","style","libs/ra_net/src/ra_net_ipv4.c","229","misra violation (use --rule-texts=<file> to get proper output) (Undefined)"
"misra-c2012-15.5","style","libs/ra_net/src/ra_net_ipv4.c","284","misra violation (use --rule-texts=<file> to get proper output) (Undefined)"
"misra-c2012-15.5","style","libs/ra_net/src/ra_net_ipv4.c","287","misra violation (use --rule-texts=<file> to get proper output) (Undefined)"
"misra-c2012-15.5","style","libs/ra_net/src/ra_net_ipv4.c","290","misra violation (use --rule-texts=<file> to get proper output) (Undefined)"
"misra-c2012-15.5","style","libs/ra_net/src/ra_net_ipv4.c","294","misra violation (use --rule-texts=<file> to get proper output) (Undefined)"
"misra-c2012-15.5","style","libs/ra_net/src/ra_net_ipv4.c","309","misra violation (use --rule-texts=<file> to get proper output) (Undefined)"
"misra-c2012-15.5","style","libs/ra_net/src/ra_net_ipv4.c","312","misra violation (use --rule-texts=<file> to get proper output) (Undefined)"
"misra-c2012-15.5","style","libs/ra_net/src/ra_net_ipv4.c","325","misra violation (use --rule-texts=<file> to get proper output) (Undefined)"
"misra-c2012-15.5","style","libs/ra_net/src/ra_net_ipv4.c","333","misra violation (use --rule-texts=<file> to get proper output) (Undefined)"
"misra-c2012-15.5","style","libs/ra_net/src/ra_net_ipv4.c","343","misra violation (use --rule-texts=<file> to get proper output) (Undefined)"
"misra-c2012-15.5","style","libs/ra_net/src/ra_net_ipv4.c","355","misra violation (use --rule-texts=<file> to get proper output) (Undefined)"
"misra-c2012-15.5","style","libs/ra_net/src/ra_net_ipv4.c","358","misra violation (use --rule-texts=<file> to get proper output) (Undefined)"
"misra-c2012-15.5","style","libs/ra_net/src/ra_net_ipv4.c","361","misra violation (use --rule-texts=<file> to get proper output) (Undefined)"
"misra-c2012-15.5","style","libs/ra_net/src/ra_net_ipv4.c","365","misra violation (use --rule-texts=<file> to get proper output) (Undefined)"
"misra-c2012-15.5","style","libs/ra_net/src/ra_net_ipv4.c","368","misra violation (use --rule-texts=<file> to get proper output) (Undefined)"
"misra-c2012-15.5","style","libs/ra_net/src/ra_net_ipv4.c","381","misra violation (use --rule-texts=<file> to get proper output) (Undefined)"
"misra-c2012-15.5","style","libs/ra_net/src/ra_net_ipv4.c","385","misra violation (use --rule-texts=<file> to get proper output) (Undefined)"
"misra-c2012-15.5","style","libs/ra_net/src/ra_net_ipv4.c","388","misra violation (use --rule-texts=<file> to get proper output) (Undefined)"
"misra-c2012-15.5","style","libs/ra_net/src/ra_net_ipv4.c","392","misra violation (use --rule-texts=<file> to get proper output) (Undefined)"
"misra-c2012-15.5","style","libs/ra_net/src/ra_net_ipv4.c","395","misra violation (use --rule-texts=<file> to get proper output) (Undefined)"
"misra-c2012-15.5","style","libs/ra_net/src/ra_net_ipv4.c","403","misra violation (use --rule-texts=<file> to get proper output) (Undefined)"
"misra-c2012-15.5","style","libs/ra_net/src/ra_net_ipv4.c","406","misra violation (use --rule-texts=<file> to get proper output) (Undefined)"
"misra-c2012-15.5","style","libs/ra_net/src/ra_net_ipv4.c","410","misra violation (use --rule-texts=<file> to get proper output) (Undefined)"
"misra-c2012-15.5","style","libs/ra_net/src/ra_net_ipv4.c","414","misra violation (use --rule-texts=<file> to get proper output) (Undefined)"
"misra-c2012-15.5","style","libs/ra_net/src/ra_net_ipv4.c","93","misra violation (use --rule-texts=<file> to get proper output) (Undefined)"
"misra-c2012-15.5","style","libs/ra_net/src/ra_net_ipv4.c","96","misra violation (use --rule-texts=<file> to get proper output) (Undefined)"
"misra-c2012-15.5","style","libs/ra_net/src/ra_net_tcp.c","115","misra violation (use --rule-texts=<file> to get proper output) (Undefined)"
"misra-c2012-15.5","style","libs/ra_net/src/ra_net_tcp.c","146","misra violation (use --rule-texts=<file> to get proper output) (Undefined)"
"misra-c2012-15.5","style","libs/ra_net/src/ra_net_tcp.c","152","misra violation (use --rule-texts=<file> to get proper output) (Undefined)"
"misra-c2012-15.5","style","libs/ra_net/src/ra_net_tcp.c","166","misra violation (use --rule-texts=<file> to get proper output) (Undefined)"
"misra-c2012-15.5","style","libs/ra_net/src/ra_net_tcp.c","169","misra violation (use --rule-texts=<file> to get proper output) (Undefined)"
"misra-c2012-15.5","style","libs/ra_net/src/ra_net_tcp.c","173","misra violation (use --rule-texts=<file> to get proper output) (Undefined)"
"misra-c2012-15.5","style","libs/ra_net/src/ra_net_tcp.c","186","misra violation (use --rule-texts=<file> to get proper output) (Undefined)"
"misra-c2012-15.5","style","libs/ra_net/src/ra_net_tcp.c","189","misra violation (use --rule-texts=<file> to get proper output) (Undefined)"
"misra-c2012-15.5","style","libs/ra_net/src/ra_net_tcp.c","193","misra violation (use --rule-texts=<file> to get proper output) (Undefined)"
"misra-c2012-15.5","style","libs/ra_net/src/ra_net_tcp.c","216","misra violation (use --rule-texts=<file> to get proper output) (Undefined)"
"misra-c2012-15.5","style","libs/ra_net/src/ra_net_tcp.c","220","misra violation (use --rule-texts=<file> to get proper output) (Undefined)"
"misra-c2012-15.5","style","libs/ra_net/src/ra_net_tcp.c","224","misra violation (use --rule-texts=<file> to get proper output) (Undefined)"
"misra-c2012-15.5","style","libs/ra_net/src/ra_net_tcp.c","227","misra violation (use --rule-texts=<file> to get proper output) (Undefined)"
"misra-c2012-15.5","style","libs/ra_net/src/ra_net_tcp.c","250","misra violation (use --rule-texts=<file> to get proper output) (Undefined)"
"misra-c2012-15.5","style","libs/ra_net/src/ra_net_tcp.c","254","misra violation (use --rule-texts=<file> to get proper output) (Undefined)"
"misra-c2012-15.5","style","libs/ra_net/src/ra_net_tcp.c","273","misra violation (use --rule-texts=<file> to get proper output) (Undefined)"
"misra-c2012-15.5","style","libs/ra_net/src/ra_net_tcp.c","281","misra violation (use --rule-texts=<file> to get proper output) (Undefined)"
"misra-c2012-15.5","style","libs/ra_net/src/ra_net_tcp.c","292","misra violation (use --rule-texts=<file> to get proper output) (Undefined)"
"misra-c2012-15.5","style","libs/ra_net/src/ra_net_tcp.c","303","misra violation (use --rule-texts=<file> to get proper output) (Undefined)"
"misra-c2012-15.5","style","libs/ra_net/src/ra_net_tcp.c","306","misra violation (use --rule-texts=<file> to get proper output) (Undefined)"
"misra-c2012-15.5","style","libs/ra_net/src/ra_net_tcp.c","318","misra violation (use --rule-texts=<file> to get proper output) (Undefined)"
"misra-c2012-15.5","style","libs/ra_net/src/ra_net_tcp.c","322","misra violation (use --rule-texts=<file> to get proper output) (Undefined)"
"misra-c2012-15.5","style","libs/ra_net/src/ra_net_tcp.c","328","misra violation (use --rule-texts=<file> to get proper output) (Undefined)"
"misra-c2012-15.5","style","libs/ra_net/src/ra_net_tcp.c","348","misra violation (use --rule-texts=<file> to get proper output) (Undefined)"
"misra-c2012-15.5","style","libs/ra_net/src/ra_net_tcp.c","355","misra violation (use --rule-texts=<file> to get proper output) (Undefined)"
"misra-c2012-15.5","style","libs/ra_net/src/ra_net_tcp.c","371","misra violation (use --rule-texts=<file> to get proper output) (Undefined)"
"misra-c2012-15.5","style","libs/ra_net/src/ra_net_tcp.c","380","misra violation (use --rule-texts=<file> to get proper output) (Undefined)"
"misra-c2012-15.5","style","libs/ra_net/src/ra_net_tcp.c","382","misra violation (use --rule-texts=<file> to get proper output) (Undefined)"
"misra-c2012-15.5","style","libs/ra_net/src/ra_net_tcp.c","390","misra violation (use --rule-texts=<file> to get proper output) (Undefined)"
"misra-c2012-15.5","style","libs/ra_net/src/ra_net_tcp.c","412","misra violation (use --rule-texts=<file> to get proper output) (Undefined)"
"misra-c2012-15.5","style","libs/ra_net/src/ra_net_tcp.c","422","misra violation (use --rule-texts=<file> to get proper output) (Undefined)"
"misra-c2012-15.5","style","libs/ra_net/src/ra_net_tcp.c","430","misra violation (use --rule-texts=<file> to get proper output) (Undefined)"
"misra-c2012-15.5","style","libs/ra_net/src/ra_net_tcp.c","88","misra violation (use --rule-texts=<file> to get proper output) (Undefined)"
"misra-c2012-15.5","style","libs/ra_net/src/ra_net_tcp.c","91","misra violation (use --rule-texts=<file> to get proper output) (Undefined)"
"misra-c2012-15.5","style","libs/ra_ota/src/ra_ota.c","124","misra violation (use --rule-texts=<file> to get proper output) (Undefined)"
"misra-c2012-15.5","style","libs/ra_ota/src/ra_ota.c","125","misra violation (use --rule-texts=<file> to get proper output) (Undefined)"
"misra-c2012-15.5","style","libs/ra_ota/src/ra_ota.c","126","misra violation (use --rule-texts=<file> to get proper output) (Undefined)"
"misra-c2012-15.5","style","libs/ra_ota/src/ra_ota.c","133","misra violation (use --rule-texts=<file> to get proper output) (Undefined)"
"misra-c2012-15.5","style","libs/ra_ota/src/ra_ota.c","134","misra violation (use --rule-texts=<file> to get proper output) (Undefined)"
"misra-c2012-15.5","style","libs/ra_ota/src/ra_ota.c","135","misra violation (use --rule-texts=<file> to get proper output) (Undefined)"
"misra-c2012-15.5","style","libs/ra_ota/src/ra_ota.c","136","misra violation (use --rule-texts=<file> to get proper output) (Undefined)"
"misra-c2012-15.5","style","libs/ra_ota/src/ra_ota.c","143","misra violation (use --rule-texts=<file> to get proper output) (Undefined)"
"misra-c2012-15.5","style","libs/ra_ota/src/ra_ota.c","144","misra violation (use --rule-texts=<file> to get proper output) (Undefined)"
"misra-c2012-15.5","style","libs/ra_ota/src/ra_ota.c","145","misra violation (use --rule-texts=<file> to get proper output) (Undefined)"
"misra-c2012-15.5","style","libs/ra_ota/src/ra_ota.c","146","misra violation (use --rule-texts=<file> to get proper output) (Undefined)"
"misra-c2012-15.5","style","libs/ra_ota/src/ra_ota.c","148","misra violation (use --rule-texts=<file> to get proper output) (Undefined)"
"misra-c2012-15.5","style","libs/ra_ota/src/ra_ota.c","151","misra violation (use --rule-texts=<file> to get proper output) (Undefined)"
"misra-c2012-15.5","style","libs/ra_ota/src/ra_ota.c","158","misra violation (use --rule-texts=<file> to get proper output) (Undefined)"
"misra-c2012-15.5","style","libs/ra_ota/src/ra_ota.c","161","misra violation (use --rule-texts=<file> to get proper output) (Undefined)"
"misra-c2012-15.5","style","libs/ra_ota/src/ra_ota.c","165","misra violation (use --rule-texts=<file> to get proper output) (Undefined)"
"misra-c2012-15.5","style","libs/ra_ota/src/ra_ota.c","169","misra violation (use --rule-texts=<file> to get proper output) (Undefined)"
"misra-c2012-15.5","style","libs/ra_ota/src/ra_ota.c","172","misra violation (use --rule-texts=<file> to get proper output) (Undefined)"
"misra-c2012-15.5","style","libs/ra_ota/src/ra_ota.c","197","misra violation (use --rule-texts=<file> to get proper output) (Undefined)"
"misra-c2012-15.5","style","libs/ra_ota/src/ra_ota.c","223","misra violation (use --rule-texts=<file> to get proper output) (Undefined)"
"misra-c2012-15.5","style","libs/ra_ota/src/ra_ota.c","227","misra violation (use --rule-texts=<file> to get proper output) (Undefined)"
"misra-c2012-15.5","style","libs/ra_ota/src/ra_ota.c","232","misra violation (use --rule-texts=<file> to get proper output) (Undefined)"
"misra-c2012-15.5","style","libs/ra_ota/src/ra_ota.c","236","misra violation (use --rule-texts=<file> to get proper output) (Undefined)"
"misra-c2012-15.5","style","libs/ra_ota/src/ra_ota.c","250","misra violation (use --rule-texts=<file> to get proper output) (Undefined)"
"misra-c2012-15.5","style","libs/ra_ota/src/ra_ota.c","271","misra violation (use --rule-texts=<file> to get proper output) (Undefined)"
"misra-c2012-15.5","style","libs/ra_ota/src/ra_ota.c","283","misra violation (use --rule-texts=<file> to get proper output) (Undefined)"
"misra-c2012-15.5","style","libs/ra_ota/src/ra_ota.c","286","misra violation (use --rule-texts=<file> to get proper output) (Undefined)"
"misra-c2012-15.5","style","libs/ra_ota/src/ra_ota.c","289","misra violation (use --rule-texts=<file> to get proper output) (Undefined)"
"misra-c2012-15.5","style","libs/ra_ota/src/ra_ota.c","302","misra violation (use --rule-texts=<file> to get proper output) (Undefined)"
"misra-c2012-15.5","style","libs/ra_ota/src/ra_ota.c","306","misra violation (use --rule-texts=<file> to get proper output) (Undefined)"
"misra-c2012-15.5","style","libs/ra_ota/src/ra_ota.c","314","misra violation (use --rule-texts=<file> to get proper output) (Undefined)"
"misra-c2012-15.5","style","libs/ra_ota/src/ra_ota.c","333","misra violation (use --rule-texts=<file> to get proper output) (Undefined)"
"misra-c2012-15.5","style","libs/ra_ota/src/ra_ota.c","337","misra violation (use --rule-texts=<file> to get proper output) (Undefined)"
"misra-c2012-15.5","style","libs/ra_ota/src/ra_ota.c","342","misra violation (use --rule-texts=<file> to get proper output) (Undefined)"
"misra-c2012-15.5","style","libs/ra_ota/src/ra_ota.c","346","misra violation (use --rule-texts=<file> to get proper output) (Undefined)"
"misra-c2012-15.5","style","libs/ra_ota/src/ra_ota.c","365","misra violation (use --rule-texts=<file> to get proper output) (Undefined)"
"misra-c2012-15.5","style","libs/ra_ota/src/ra_ota.c","369","misra violation (use --rule-texts=<file> to get proper output) (Undefined)"
"misra-c2012-15.5","style","libs/ra_ota/src/ra_ota.c","373","misra violation (use --rule-texts=<file> to get proper output) (Undefined)"
"misra-c2012-15.5","style","libs/ra_ota/src/ra_ota.c","376","misra violation (use --rule-texts=<file> to get proper output) (Undefined)"
"misra-c2012-15.5","style","libs/ra_ota/src/ra_ota.c","379","misra violation (use --rule-texts=<file> to get proper output) (Undefined)"
"misra-c2012-15.5","style","libs/ra_ota/src/ra_ota.c","391","misra violation (use --rule-texts=<file> to get proper output) (Undefined)"
"misra-c2012-15.5","style","libs/ra_ota/src/ra_ota.c","395","misra violation (use --rule-texts=<file> to get proper output) (Undefined)"
"misra-c2012-15.5","style","libs/ra_ota/src/ra_ota.c","435","misra violation (use --rule-texts=<file> to get proper output) (Undefined)"
"misra-c2012-15.5","style","libs/ra_ota/src/ra_ota.c","439","misra violation (use --rule-texts=<file> to get proper output) (Undefined)"
"misra-c2012-15.5","style","libs/ra_ota/src/ra_ota.c","445","misra violation (use --rule-texts=<file> to get proper output) (Undefined)"
"misra-c2012-15.5","style","libs/ra_ota/src/ra_ota.c","455","misra violation (use --rule-texts=<file> to get proper output) (Undefined)"
"misra-c2012-15.5","style","libs/ra_ota/src/ra_ota.c","457","misra violation (use --rule-texts=<file> to get proper output) (Undefined)"
"misra-c2012-15.5","style","libs/ra_ota/src/ra_ota.c","459","misra violation (use --rule-texts=<file> to get proper output) (Undefined)"
"misra-c2012-15.5","style","libs/ra_ota/src/ra_ota.c","467","misra violation (use --rule-texts=<file> to get proper output) (Undefined)"
"misra-c2012-15.5","style","libs/ra_ota/src/ra_ota.c","473","misra violation (use --rule-texts=<file> to get proper output) (Undefined)"
"misra-c2012-15.5","style","libs/ra_ota/src/ra_ota.c","491","misra violation (use --rule-texts=<file> to get proper output) (Undefined)"
"misra-c2012-15.5","style","libs/ra_ota/src/ra_ota.c","494","misra violation (use --rule-texts=<file> to get proper output) (Undefined)"
"misra-c2012-15.5","style","libs/ra_ota/src/ra_ota.c","498","misra violation (use --rule-texts=<file> to get proper output) (Undefined)"
"misra-c2012-15.5","style","libs/ra_ota/src/ra_ota.c","502","misra violation (use --rule-texts=<file> to get proper output) (Undefined)"
"misra-c2012-15.5","style","libs/ra_ota/src/ra_ota.c","519","misra violation (use --rule-texts=<file> to get proper output) (Undefined)"
"misra-c2012-15.5","style","libs/ra_ota/src/ra_ota.c","551","misra violation (use --rule-texts=<file> to get proper output) (Undefined)"
"misra-c2012-15.5","style","libs/ra_ota/src/ra_ota.c","553","misra violation (use --rule-texts=<file> to get proper output) (Undefined)"
"misra-c2012-15.5","style","libs/ra_ota/src/ra_ota.c","555","misra violation (use --rule-texts=<file> to get proper output) (Undefined)"
"misra-c2012-15.5","style","libs/ra_ota/src/ra_ota.c","559","misra violation (use --rule-texts=<file> to get proper output) (Undefined)"
"misra-c2012-15.5","style","libs/ra_ota/src/ra_ota.c","566","misra violation (use --rule-texts=<file> to get proper output) (Undefined)"
"misra-c2012-15.5","style","libs/ra_ota/src/ra_ota.c","574","misra violation (use --rule-texts=<file> to get proper output) (Undefined)"
"misra-c2012-15.5","style","libs/ra_ota/src/ra_ota.c","583","misra violation (use --rule-texts=<file> to get proper output) (Undefined)"
"misra-c2012-15.5","style","libs/ra_ota/src/ra_ota.c","596","misra violation (use --rule-texts=<file> to get proper output) (Undefined)"
"misra-c2012-15.5","style","libs/ra_ota/src/ra_ota.c","608","misra violation (use --rule-texts=<file> to get proper output) (Undefined)"
"misra-c2012-15.5","style","libs/ra_ota/src/ra_ota.c","612","misra violation (use --rule-texts=<file> to get proper output) (Undefined)"
"misra-c2012-15.5","style","libs/ra_ota/src/ra_ota.c","622","misra violation (use --rule-texts=<file> to get proper output) (Undefined)"
"misra-c2012-15.5","style","libs/ra_ota/src/ra_ota.c","624","misra violation (use --rule-texts=<file> to get proper output) (Undefined)"
"misra-c2012-15.5","style","libs/ra_ota/src/ra_ota.c","626","misra violation (use --rule-texts=<file> to get proper output) (Undefined)"
"misra-c2012-15.5","style","libs/ra_ota/src/ra_ota.c","633","misra violation (use --rule-texts=<file> to get proper output) (Undefined)"
"misra-c2012-15.5","style","libs/ra_ota/src/ra_ota.c","637","misra violation (use --rule-texts=<file> to get proper output) (Undefined)"
"misra-c2012-15.5","style","libs/ra_ota/src/ra_ota.c","646","misra violation (use --rule-texts=<file> to get proper output) (Undefined)"
"misra-c2012-15.5","style","libs/ra_ota/src/ra_ota.c","655","misra violation (use --rule-texts=<file> to get proper output) (Undefined)"
"misra-c2012-15.5","style","libs/ra_ota/src/ra_ota.c","658","misra violation (use --rule-texts=<file> to get proper output) (Undefined)"
"misra-c2012-15.5","style","libs/ra_ota/src/ra_ota.c","664","misra violation (use --rule-texts=<file> to get proper output) (Undefined)"
"misra-c2012-15.5","style","libs/ra_ota/src/ra_ota.c","681","misra violation (use --rule-texts=<file> to get proper output) (Undefined)"
"misra-c2012-15.5","style","libs/ra_ota/src/ra_ota.c","686","misra violation (use --rule-texts=<file> to get proper output) (Undefined)"
"misra-c2012-15.5","style","libs/ra_ota/src/ra_ota.c","688","misra violation (use --rule-texts=<file> to get proper output) (Undefined)"
"misra-c2012-15.5","style","libs/ra_ota/src/ra_ota.c","690","misra violation (use --rule-texts=<file> to get proper output) (Undefined)"
"misra-c2012-15.5","style","libs/ra_ota/src/ra_ota.c","692","misra violation (use --rule-texts=<file> to get proper output) (Undefined)"
"misra-c2012-15.5","style","libs/ra_ota/src/ra_ota.c","697","misra violation (use --rule-texts=<file> to get proper output) (Undefined)"
"misra-c2012-15.5","style","libs/ra_ota/src/ra_ota.c","704","misra violation (use --rule-texts=<file> to get proper output) (Undefined)"
"misra-c2012-15.5","style","libs/ra_ota/src/ra_ota.c","712","misra violation (use --rule-texts=<file> to get proper output) (Undefined)"
"misra-c2012-15.5","style","libs/ra_ota/src/ra_ota.c","723","misra violation (use --rule-texts=<file> to get proper output) (Undefined)"
"misra-c2012-15.5","style","libs/ra_power_profile/src/ra_power_profile.c","118","misra violation (use --rule-texts=<file> to get proper output) (Undefined)"
"misra-c2012-15.5","style","libs/ra_power_profile/src/ra_power_profile.c","143","misra violation (use --rule-texts=<file> to get proper output) (Undefined)"
"misra-c2012-15.5","style","libs/ra_power_profile/src/ra_power_profile.c","167","misra violation (use --rule-texts=<file> to get proper output) (Undefined)"
"misra-c2012-15.5","style","libs/ra_power_profile/src/ra_power_profile.c","174","misra violation (use --rule-texts=<file> to get proper output) (Undefined)"
"misra-c2012-15.5","style","libs/ra_power_profile/src/ra_power_profile.c","184","misra violation (use --rule-texts=<file> to get proper output) (Undefined)"
"misra-c2012-15.5","style","libs/ra_power_profile/src/ra_power_profile.c","188","misra violation (use --rule-texts=<file> to get proper output) (Undefined)"
"misra-c2012-15.5","style","libs/ra_power_profile/src/ra_power_profile.c","202","misra violation (use --rule-texts=<file> to get proper output) (Undefined)"
"misra-c2012-15.5","style","libs/ra_power_profile/src/ra_power_profile.c","206","misra violation (use --rule-texts=<file> to get proper output) (Undefined)"
"misra-c2012-15.5","style","libs/ra_power_profile/src/ra_power_profile.c","230","misra violation (use --rule-texts=<file> to get proper output) (Undefined)"
"misra-c2012-15.5","style","libs/ra_power_profile/src/ra_power_profile.c","231","misra violation (use --rule-texts=<file> to get proper output) (Undefined)"
"misra-c2012-15.5","style","libs/ra_power_profile/src/ra_power_profile.c","239","misra violation (use --rule-texts=<file> to get proper output) (Undefined)"
"misra-c2012-15.5","style","libs/ra_psa_crypto/src/ra_psa_crypto.c","1001","misra violation (use --rule-texts=<file> to get proper output) (Undefined)"
"misra-c2012-15.5","style","libs/ra_psa_crypto/src/ra_psa_crypto.c","1005","misra violation (use --rule-texts=<file> to get proper output) (Undefined)"
"misra-c2012-15.5","style","libs/ra_psa_crypto/src/ra_psa_crypto.c","1009","misra violation (use --rule-texts=<file> to get proper output) (Undefined)"
"misra-c2012-15.5","style","libs/ra_psa_crypto/src/ra_psa_crypto.c","1013","misra violation (use --rule-texts=<file> to get proper output) (Undefined)"
"misra-c2012-15.5","style","libs/ra_psa_crypto/src/ra_psa_crypto.c","1016","misra violation (use --rule-texts=<file> to get proper output) (Undefined)"
"misra-c2012-15.5","style","libs/ra_psa_crypto/src/ra_psa_crypto.c","1051","misra violation (use --rule-texts=<file> to get proper output) (Undefined)"
"misra-c2012-15.5","style","libs/ra_psa_crypto/src/ra_psa_crypto.c","1065","misra violation (use --rule-texts=<file> to get proper output) (Undefined)"
"misra-c2012-15.5","style","libs/ra_psa_crypto/src/ra_psa_crypto.c","1081","misra violation (use --rule-texts=<file> to get proper output) (Undefined)"
"misra-c2012-15.5","style","libs/ra_psa_crypto/src/ra_psa_crypto.c","1084","misra violation (use --rule-texts=<file> to get proper output) (Undefined)"
"misra-c2012-15.5","style","libs/ra_psa_crypto/src/ra_psa_crypto.c","176","misra violation (use --rule-texts=<file> to get proper output) (Undefined)"
"misra-c2012-15.5","style","libs/ra_psa_crypto/src/ra_psa_crypto.c","181","misra violation (use --rule-texts=<file> to get proper output) (Undefined)"
"misra-c2012-15.5","style","libs/ra_psa_crypto/src/ra_psa_crypto.c","195","misra violation (use --rule-texts=<file> to get proper output) (Undefined)"
"misra-c2012-15.5","style","libs/ra_psa_crypto/src/ra_psa_crypto.c","462","misra violation (use --rule-texts=<file> to get proper output) (Undefined)"
"misra-c2012-15.5","style","libs/ra_psa_crypto/src/ra_psa_crypto.c","514","misra violation (use --rule-texts=<file> to get proper output) (Undefined)"
"misra-c2012-15.5","style","libs/ra_psa_crypto/src/ra_psa_crypto.c","519","misra violation (use --rule-texts=<file> to get proper output) (Undefined)"
"misra-c2012-15.5","style","libs/ra_psa_crypto/src/ra_psa_crypto.c","540","misra violation (use --rule-texts=<file> to get proper output) (Undefined)"
"misra-c2012-15.5","style","libs/ra_psa_crypto/src/ra_psa_crypto.c","547","misra violation (use --rule-texts=<file> to get proper output) (Undefined)"
"misra-c2012-15.5","style","libs/ra_psa_crypto/src/ra_psa_crypto.c","563","misra violation (use --rule-texts=<file> to get proper output) (Undefined)"
"misra-c2012-15.5","style","libs/ra_psa_crypto/src/ra_psa_crypto.c","592","misra violation (use --rule-texts=<file> to get proper output) (Undefined)"
"misra-c2012-15.5","style","libs/ra_psa_crypto/src/ra_psa_crypto.c","594","misra violation (use --rule-texts=<file> to get proper output) (Undefined)"
"misra-c2012-15.5","style","libs/ra_psa_crypto/src/ra_psa_crypto.c","596","misra violation (use --rule-texts=<file> to get proper output) (Undefined)"
"misra-c2012-15.5","style","libs/ra_psa_crypto/src/ra_psa_crypto.c","598","misra violation (use --rule-texts=<file> to get proper output) (Undefined)"
"misra-c2012-15.5","style","libs/ra_psa_crypto/src/ra_psa_crypto.c","601","misra violation (use --rule-texts=<file> to get proper output) (Undefined)"
"misra-c2012-15.5","style","libs/ra_psa_crypto/src/ra_psa_crypto.c","610","misra violation (use --rule-texts=<file> to get proper output) (Undefined)"
"misra-c2012-15.5","style","libs/ra_psa_crypto/src/ra_psa_crypto.c","612","misra violation (use --rule-texts=<file> to get proper output) (Undefined)"
"misra-c2012-15.5","style","libs/ra_psa_crypto/src/ra_psa_crypto.c","614","misra violation (use --rule-texts=<file> to get proper output) (Undefined)"
"misra-c2012-15.5","style","libs/ra_psa_crypto/src/ra_psa_crypto.c","617","misra violation (use --rule-texts=<file> to get proper output) (Undefined)"
"misra-c2012-15.5","style","libs/ra_psa_crypto/src/ra_psa_crypto.c","657","misra violation (use --rule-texts=<file> to get proper output) (Undefined)"
"misra-c2012-15.5","style","libs/ra_psa_crypto/src/ra_psa_crypto.c","674","misra violation (use --rule-texts=<file> to get proper output) (Undefined)"
"misra-c2012-15.5","style","libs/ra_psa_crypto/src/ra_psa_crypto.c","677","misra violation (use --rule-texts=<file> to get proper output) (Undefined)"
"misra-c2012-15.5","style","libs/ra_psa_crypto/src/ra_psa_crypto.c","680","misra violation (use --rule-texts=<file> to get proper output) (Undefined)"
"misra-c2012-15.5","style","libs/ra_psa_crypto/src/ra_psa_crypto.c","683","misra violation (use --rule-texts=<file> to get proper output) (Undefined)"
"misra-c2012-15.5","style","libs/ra_psa_crypto/src/ra_psa_crypto.c","688","misra violation (use --rule-texts=<file> to get proper output) (Undefined)"
"misra-c2012-15.5","style","libs/ra_psa_crypto/src/ra_psa_crypto.c","694","misra violation (use --rule-texts=<file> to get proper output) (Undefined)"
"misra-c2012-15.5","style","libs/ra_psa_crypto/src/ra_psa_crypto.c","710","misra violation (use --rule-texts=<file> to get proper output) (Undefined)"
"misra-c2012-15.5","style","libs/ra_psa_crypto/src/ra_psa_crypto.c","713","misra violation (use --rule-texts=<file> to get proper output) (Undefined)"
"misra-c2012-15.5","style","libs/ra_psa_crypto/src/ra_psa_crypto.c","736","misra violation (use --rule-texts=<file> to get proper output) (Undefined)"
"misra-c2012-15.5","style","libs/ra_psa_crypto/src/ra_psa_crypto.c","739","misra violation (use --rule-texts=<file> to get proper output) (Undefined)"
"misra-c2012-15.5","style","libs/ra_psa_crypto/src/ra_psa_crypto.c","742","misra violation (use --rule-texts=<file> to get proper output) (Undefined)"
"misra-c2012-15.5","style","libs/ra_psa_crypto/src/ra_psa_crypto.c","745","misra violation (use --rule-texts=<file> to get proper output) (Undefined)"
"misra-c2012-15.5","style","libs/ra_psa_crypto/src/ra_psa_crypto.c","748","misra violation (use --rule-texts=<file> to get proper output) (Undefined)"
"misra-c2012-15.5","style","libs/ra_psa_crypto/src/ra_psa_crypto.c","758","misra violation (use --rule-texts=<file> to get proper output) (Undefined)"
"misra-c2012-15.5","style","libs/ra_psa_crypto/src/ra_psa_crypto.c","779","misra violation (use --rule-texts=<file> to get proper output) (Undefined)"
"misra-c2012-15.5","style","libs/ra_psa_crypto/src/ra_psa_crypto.c","782","misra violation (use --rule-texts=<file> to get proper output) (Undefined)"
"misra-c2012-15.5","style","libs/ra_psa_crypto/src/ra_psa_crypto.c","785","misra violation (use --rule-texts=<file> to get proper output) (Undefined)"
"misra-c2012-15.5","style","libs/ra_psa_crypto/src/ra_psa_crypto.c","788","misra violation (use --rule-texts=<file> to get proper output) (Undefined)"
"misra-c2012-15.5","style","libs/ra_psa_crypto/src/ra_psa_crypto.c","791","misra violation (use --rule-texts=<file> to get proper output) (Undefined)"
"misra-c2012-15.5","style","libs/ra_psa_crypto/src/ra_psa_crypto.c","794","misra violation (use --rule-texts=<file> to get proper output) (Undefined)"
"misra-c2012-15.5","style","libs/ra_psa_crypto/src/ra_psa_crypto.c","797","misra violation (use --rule-texts=<file> to get proper output) (Undefined)"
"misra-c2012-15.5","style","libs/ra_psa_crypto/src/ra_psa_crypto.c","819","misra violation (use --rule-texts=<file> to get proper output) (Undefined)"
"misra-c2012-15.5","style","libs/ra_psa_crypto/src/ra_psa_crypto.c","835","misra violation (use --rule-texts=<file> to get proper output) (Undefined)"
"misra-c2012-15.5","style","libs/ra_psa_crypto/src/ra_psa_crypto.c","838","misra violation (use --rule-texts=<file> to get proper output) (Undefined)"
"misra-c2012-15.5","style","libs/ra_psa_crypto/src/ra_psa_crypto.c","841","misra violation (use --rule-texts=<file> to get proper output) (Undefined)"
"misra-c2012-15.5","style","libs/ra_psa_crypto/src/ra_psa_crypto.c","844","misra violation (use --rule-texts=<file> to get proper output) (Undefined)"
"misra-c2012-15.5","style","libs/ra_psa_crypto/src/ra_psa_crypto.c","847","misra violation (use --rule-texts=<file> to get proper output) (Undefined)"
"misra-c2012-15.5","style","libs/ra_psa_crypto/src/ra_psa_crypto.c","850","misra violation (use --rule-texts=<file> to get proper output) (Undefined)"
"misra-c2012-15.5","style","libs/ra_psa_crypto/src/ra_psa_crypto.c","855","misra violation (use --rule-texts=<file> to get proper output) (Undefined)"
"misra-c2012-15.5","style","libs/ra_psa_crypto/src/ra_psa_crypto.c","872","misra violation (use --rule-texts=<file> to get proper output) (Undefined)"
"misra-c2012-15.5","style","libs/ra_psa_crypto/src/ra_psa_crypto.c","875","misra violation (use --rule-texts=<file> to get proper output) (Undefined)"
"misra-c2012-15.5","style","libs/ra_psa_crypto/src/ra_psa_crypto.c","895","misra violation (use --rule-texts=<file> to get proper output) (Undefined)"
"misra-c2012-15.5","style","libs/ra_psa_crypto/src/ra_psa_crypto.c","898","misra violation (use --rule-texts=<file> to get proper output) (Undefined)"
"misra-c2012-15.5","style","libs/ra_psa_crypto/src/ra_psa_crypto.c","901","misra violation (use --rule-texts=<file> to get proper output) (Undefined)"
"misra-c2012-15.5","style","libs/ra_psa_crypto/src/ra_psa_crypto.c","905","misra violation (use --rule-texts=<file> to get proper output) (Undefined)"
"misra-c2012-15.5","style","libs/ra_psa_crypto/src/ra_psa_crypto.c","909","misra violation (use --rule-texts=<file> to get proper output) (Undefined)"
"misra-c2012-15.5","style","libs/ra_psa_crypto/src/ra_psa_crypto.c","941","misra violation (use --rule-texts=<file> to get proper output) (Undefined)"
"misra-c2012-15.5","style","libs/ra_psa_crypto/src/ra_psa_crypto.c","956","misra violation (use --rule-texts=<file> to get proper output) (Undefined)"
"misra-c2012-15.5","style","libs/ra_psa_crypto/src/ra_psa_crypto.c","972","misra violation (use --rule-texts=<file> to get proper output) (Undefined)"
"misra-c2012-15.5","style","libs/ra_psa_crypto/src/ra_psa_crypto.c","995","misra violation (use --rule-texts=<file> to get proper output) (Undefined)"
"misra-c2012-15.5","style","libs/ra_psa_crypto/src/ra_psa_crypto.c","998","misra violation (use --rule-texts=<file> to get proper output) (Undefined)"
"misra-c2012-15.5","style","libs/ra_reflow/src/ra_reflow_layout.c","109","misra violation (use --rule-texts=<file> to get proper output) (Undefined)"
"misra-c2012-15.5","style","libs/ra_reflow/src/ra_reflow_layout.c","112","misra violation (use --rule-texts=<file> to get proper output) (Undefined)"
"misra-c2012-15.5","style","libs/ra_reflow/src/ra_reflow_layout.c","195","misra violation (use --rule-texts=<file> to get proper output) (Undefined)"
"misra-c2012-15.5","style","libs/ra_reflow/src/ra_reflow_layout.c","217","misra violation (use --rule-texts=<file> to get proper output) (Undefined)"
"misra-c2012-15.5","style","libs/ra_reflow/src/ra_reflow_layout.c","245","misra violation (use --rule-texts=<file> to get proper output) (Undefined)"
"misra-c2012-15.5","style","libs/ra_reflow/src/ra_reflow_layout.c","268","misra violation (use --rule-texts=<file> to get proper output) (Undefined)"
"misra-c2012-15.5","style","libs/ra_reflow/src/ra_reflow_layout.c","272","misra violation (use --rule-texts=<file> to get proper output) (Undefined)"
"misra-c2012-15.5","style","libs/ra_reflow/src/ra_reflow_layout.c","302","misra violation (use --rule-texts=<file> to get proper output) (Undefined)"
"misra-c2012-15.5","style","libs/ra_reflow/src/ra_reflow_layout.c","318","misra violation (use --rule-texts=<file> to get proper output) (Undefined)"
"misra-c2012-15.5","style","libs/ra_reflow/src/ra_reflow_layout.c","324","misra violation (use --rule-texts=<file> to get proper output) (Undefined)"
"misra-c2012-15.5","style","libs/ra_reflow/src/ra_reflow_layout.c","340","misra violation (use --rule-texts=<file> to get proper output) (Undefined)"
"misra-c2012-15.5","style","libs/ra_reflow/src/ra_reflow_layout.c","359","misra violation (use --rule-texts=<file> to get proper output) (Undefined)"
"misra-c2012-15.5","style","libs/ra_reflow/src/ra_reflow_layout.c","375","misra violation (use --rule-texts=<file> to get proper output) (Undefined)"
"misra-c2012-15.5","style","libs/ra_reflow/src/ra_reflow_layout.c","388","misra violation (use --rule-texts=<file> to get proper output) (Undefined)"
"misra-c2012-15.5","style","libs/ra_reflow/src/ra_reflow_layout.c","405","misra violation (use --rule-texts=<file> to get proper output) (Undefined)"
"misra-c2012-15.5","style","libs/ra_reflow/src/ra_reflow_layout.c","430","misra violation (use --rule-texts=<file> to get proper output) (Undefined)"
"misra-c2012-15.5","style","libs/ra_reflow/src/ra_reflow_layout.c","432","misra violation (use --rule-texts=<file> to get proper output) (Undefined)"
"misra-c2012-15.5","style","libs/ra_reflow/src/ra_reflow_layout.c","434","misra violation (use --rule-texts=<file> to get proper output) (Undefined)"
"misra-c2012-15.5","style","libs/ra_reflow/src/ra_reflow_layout.c","436","misra violation (use --rule-texts=<file> to get proper output) (Undefined)"
"misra-c2012-15.5","style","libs/ra_reflow/src/ra_reflow_layout.c","438","misra violation (use --rule-texts=<file> to get proper output) (Undefined)"
"misra-c2012-15.5","style","libs/ra_reflow/src/ra_reflow_layout.c","440","misra violation (use --rule-texts=<file> to get proper output) (Undefined)"
"misra-c2012-15.5","style","libs/ra_reflow/src/ra_reflow_layout.c","442","misra violation (use --rule-texts=<file> to get proper output) (Undefined)"
"misra-c2012-15.5","style","libs/ra_reflow/src/ra_reflow_layout.c","469","misra violation (use --rule-texts=<file> to get proper output) (Undefined)"
"misra-c2012-15.5","style","libs/ra_reflow/src/ra_reflow_layout.c","476","misra violation (use --rule-texts=<file> to get proper output) (Undefined)"
"misra-c2012-15.5","style","libs/ra_reflow/src/ra_reflow_layout.c","490","misra violation (use --rule-texts=<file> to get proper output) (Undefined)"
"misra-c2012-15.5","style","libs/ra_reflow/src/ra_reflow_layout.c","493","misra violation (use --rule-texts=<file> to get proper output) (Undefined)"
"misra-c2012-15.5","style","libs/ra_reflow/src/ra_reflow_layout.c","503","misra violation (use --rule-texts=<file> to get proper output) (Undefined)"
"misra-c2012-15.5","style","libs/ra_reflow/src/ra_reflow_layout.c","507","misra violation (use --rule-texts=<file> to get proper output) (Undefined)"
"misra-c2012-15.5","style","libs/ra_reflow/src/ra_reflow_layout.c","512","misra violation (use --rule-texts=<file> to get proper output) (Undefined)"
"misra-c2012-15.5","style","libs/ra_reflow/src/ra_reflow_layout.c","536","misra violation (use --rule-texts=<file> to get proper output) (Undefined)"
"misra-c2012-15.5","style","libs/ra_reflow/src/ra_reflow_layout.c","539","misra violation (use --rule-texts=<file> to get proper output) (Undefined)"
"misra-c2012-15.5","style","libs/ra_reflow/src/ra_reflow_layout.c","542","misra violation (use --rule-texts=<file> to get proper output) (Undefined)"
"misra-c2012-15.5","style","libs/ra_reflow/src/ra_reflow_layout.c","545","misra violation (use --rule-texts=<file> to get proper output) (Undefined)"
"misra-c2012-15.5","style","libs/ra_reflow/src/ra_reflow_layout.c","564","misra violation (use --rule-texts=<file> to get proper output) (Undefined)"
"misra-c2012-15.5","style","libs/ra_reflow/src/ra_reflow_layout.c","567","misra violation (use --rule-texts=<file> to get proper output) (Undefined)"
"misra-c2012-15.5","style","libs/ra_reflow/src/ra_reflow_layout.c","585","misra violation (use --rule-texts=<file> to get proper output) (Undefined)"
"misra-c2012-15.5","style","libs/ra_reflow/src/ra_reflow_layout.c","588","misra violation (use --rule-texts=<file> to get proper output) (Undefined)"
"misra-c2012-15.5","style","libs/ra_reflow/src/ra_reflow_layout.c","591","misra violation (use --rule-texts=<file> to get proper output) (Undefined)"
"misra-c2012-15.5","style","libs/ra_reflow/src/ra_reflow_layout.c","598","misra violation (use --rule-texts=<file> to get proper output) (Undefined)"
"misra-c2012-15.5","style","libs/ra_reflow/src/ra_reflow_layout.c","602","misra violation (use --rule-texts=<file> to get proper output) (Undefined)"
"misra-c2012-15.5","style","libs/ra_reflow/src/ra_reflow_layout.c","616","misra violation (use --rule-texts=<file> to get proper output) (Undefined)"
"misra-c2012-15.5","style","libs/ra_reflow/src/ra_reflow_layout.c","619","misra violation (use --rule-texts=<file> to get proper output) (Undefined)"
"misra-c2012-15.5","style","libs/ra_reflow/src/ra_reflow_layout.c","628","misra violation (use --rule-texts=<file> to get proper output) (Undefined)"
"misra-c2012-15.5","style","libs/ra_reflow/src/ra_reflow_layout.c","631","misra violation (use --rule-texts=<file> to get proper output) (Undefined)"
"misra-c2012-15.5","style","libs/ra_reflow/src/ra_reflow_layout.c","634","misra violation (use --rule-texts=<file> to get proper output) (Undefined)"
"misra-c2012-15.5","style","libs/ra_reflow/src/ra_reflow_layout.c","637","misra violation (use --rule-texts=<file> to get proper output) (Undefined)"
"misra-c2012-15.5","style","libs/ra_reflow/src/ra_reflow_parse.c","63","misra violation (use --rule-texts=<file> to get proper output) (Undefined)"
"misra-c2012-15.5","style","libs/ra_reflow/src/ra_reflow_parse.c","66","misra violation (use --rule-texts=<file> to get proper output) (Undefined)"
"misra-c2012-15.5","style","libs/ra_reflow/src/ra_reflow_parse.c","69","misra violation (use --rule-texts=<file> to get proper output) (Undefined)"
"misra-c2012-15.5","style","libs/ra_reflow/src/ra_reflow_render.c","120","misra violation (use --rule-texts=<file> to get proper output) (Undefined)"
"misra-c2012-15.5","style","libs/ra_reflow/src/ra_reflow_render.c","141","misra violation (use --rule-texts=<file> to get proper output) (Undefined)"
"misra-c2012-15.5","style","libs/ra_reflow/src/ra_reflow_render.c","144","misra violation (use --rule-texts=<file> to get proper output) (Undefined)"
"misra-c2012-15.5","style","libs/ra_reflow/src/ra_reflow_render.c","147","misra violation (use --rule-texts=<file> to get proper output) (Undefined)"
"misra-c2012-15.5","style","libs/ra_reflow/src/ra_reflow_render.c","153","misra violation (use --rule-texts=<file> to get proper output) (Undefined)"
"misra-c2012-15.5","style","libs/ra_reflow/src/ra_reflow_render.c","55","misra violation (use --rule-texts=<file> to get proper output) (Undefined)"
"misra-c2012-15.5","style","libs/ra_reflow/src/ra_reflow_render.c","58","misra violation (use --rule-texts=<file> to get proper output) (Undefined)"
"misra-c2012-15.5","style","libs/ra_tls/src/ra_tls.c","109","misra violation (use --rule-texts=<file> to get proper output) (Undefined)"
"misra-c2012-15.5","style","libs/ra_tls/src/ra_tls.c","114","misra violation (use --rule-texts=<file> to get proper output) (Undefined)"
"misra-c2012-15.5","style","libs/ra_tls/src/ra_tls.c","128","misra violation (use --rule-texts=<file> to get proper output) (Undefined)"
"misra-c2012-15.5","style","libs/ra_tls/src/ra_tls.c","164","misra violation (use --rule-texts=<file> to get proper output) (Undefined)"
"misra-c2012-15.5","style","libs/ra_tls/src/ra_tls.c","178","misra violation (use --rule-texts=<file> to get proper output) (Undefined)"
"misra-c2012-15.5","style","libs/ra_tls/src/ra_tls.c","190","misra violation (use --rule-texts=<file> to get proper output) (Undefined)"
"misra-c2012-15.5","style","libs/ra_tls/src/ra_tls.c","207","misra violation (use --rule-texts=<file> to get proper output) (Undefined)"
"misra-c2012-15.5","style","libs/ra_tls/src/ra_tls.c","212","misra violation (use --rule-texts=<file> to get proper output) (Undefined)"
"misra-c2012-15.5","style","libs/ra_tls/src/ra_tls.c","215","misra violation (use --rule-texts=<file> to get proper output) (Undefined)"
"misra-c2012-15.5","style","libs/ra_tls/src/ra_tls.c","218","misra violation (use --rule-texts=<file> to get proper output) (Undefined)"
"misra-c2012-15.5","style","libs/ra_tls/src/ra_tls.c","224","misra violation (use --rule-texts=<file> to get proper output) (Undefined)"
"misra-c2012-15.5","style","libs/ra_tls/src/ra_tls.c","242","misra violation (use --rule-texts=<file> to get proper output) (Undefined)"
"misra-c2012-15.5","style","libs/ra_tls/src/ra_tls.c","251","misra violation (use --rule-texts=<file> to get proper output) (Undefined)"
"misra-c2012-15.5","style","libs/ra_tls/src/ra_tls.c","276","misra violation (use --rule-texts=<file> to get proper output) (Undefined)"
"misra-c2012-15.5","style","libs/ra_tls/src/ra_tls.c","279","misra violation (use --rule-texts=<file> to get proper output) (Undefined)"
"misra-c2012-15.5","style","libs/ra_tls/src/ra_tls.c","293","misra violation (use --rule-texts=<file> to get proper output) (Undefined)"
"misra-c2012-15.5","style","libs/ra_tls/src/ra_tls.c","296","misra violation (use --rule-texts=<file> to get proper output) (Undefined)"
"misra-c2012-15.5","style","libs/ra_tls/src/ra_tls.c","302","misra violation (use --rule-texts=<file> to get proper output) (Undefined)"
"misra-c2012-15.5","style","libs/ra_tls/src/ra_tls.c","305","misra violation (use --rule-texts=<file> to get proper output) (Undefined)"
"misra-c2012-15.5","style","libs/ra_tls/src/ra_tls.c","316","misra violation (use --rule-texts=<file> to get proper output) (Undefined)"
"misra-c2012-15.5","style","libs/ra_tls/src/ra_tls.c","321","misra violation (use --rule-texts=<file> to get proper output) (Undefined)"
"misra-c2012-15.5","style","libs/ra_tls/src/ra_tls.c","331","misra violation (use --rule-texts=<file> to get proper output) (Undefined)"
"misra-c2012-15.5","style","libs/ra_tls/src/ra_tls.c","336","misra violation (use --rule-texts=<file> to get proper output) (Undefined)"
"misra-c2012-15.5","style","libs/ra_tls/src/ra_tls.c","339","misra violation (use --rule-texts=<file> to get proper output) (Undefined)"
"misra-c2012-15.5","style","libs/ra_tls/src/ra_tls.c","342","misra violation (use --rule-texts=<file> to get proper output) (Undefined)"
"misra-c2012-15.5","style","libs/ra_tls/src/ra_tls.c","345","misra violation (use --rule-texts=<file> to get proper output) (Undefined)"
"misra-c2012-15.5","style","libs/ra_tls/src/ra_tls.c","352","misra violation (use --rule-texts=<file> to get proper output) (Undefined)"
"misra-c2012-15.5","style","libs/ra_tls/src/ra_tls.c","355","misra violation (use --rule-texts=<file> to get proper output) (Undefined)"
"misra-c2012-15.5","style","libs/ra_tls/src/ra_tls.c","361","misra violation (use --rule-texts=<file> to get proper output) (Undefined)"
"misra-c2012-15.5","style","libs/ra_tls/src/ra_tls.c","371","misra violation (use --rule-texts=<file> to get proper output) (Undefined)"
"misra-c2012-15.5","style","libs/ra_tls/src/ra_tls.c","376","misra violation (use --rule-texts=<file> to get proper output) (Undefined)"
"misra-c2012-15.5","style","libs/ra_tls/src/ra_tls.c","379","misra violation (use --rule-texts=<file> to get proper output) (Undefined)"
"misra-c2012-15.5","style","libs/ra_tls/src/ra_tls.c","382","misra violation (use --rule-texts=<file> to get proper output) (Undefined)"
"misra-c2012-15.5","style","libs/ra_tls/src/ra_tls.c","385","misra violation (use --rule-texts=<file> to get proper output) (Undefined)"
"misra-c2012-15.5","style","libs/ra_tls/src/ra_tls.c","392","misra violation (use --rule-texts=<file> to get proper output) (Undefined)"
"misra-c2012-15.5","style","libs/ra_tls/src/ra_tls.c","395","misra violation (use --rule-texts=<file> to get proper output) (Undefined)"
"misra-c2012-15.5","style","libs/ra_tls/src/ra_tls.c","398","misra violation (use --rule-texts=<file> to get proper output) (Undefined)"
"misra-c2012-15.5","style","libs/ra_tls/src/ra_tls.c","404","misra violation (use --rule-texts=<file> to get proper output) (Undefined)"
"misra-c2012-15.5","style","libs/ra_touch_cal/src/ra_touch_cal.c","179","misra violation (use --rule-texts=<file> to get proper output) (Undefined)"
"misra-c2012-15.5","style","libs/ra_touch_cal/src/ra_touch_cal.c","206","misra violation (use --rule-texts=<file> to get proper output) (Undefined)"
"misra-c2012-15.5","style","libs/ra_touch_cal/src/ra_touch_cal.c","209","misra violation (use --rule-texts=<file> to get proper output) (Undefined)"
"misra-c2012-15.5","style","libs/ra_touch_cal/src/ra_touch_cal.c","225","misra violation (use --rule-texts=<file> to get proper output) (Undefined)"
"misra-c2012-15.5","style","libs/ra_touch_cal/src/ra_touch_cal.c","228","misra violation (use --rule-texts=<file> to get proper output) (Undefined)"
"misra-c2012-15.5","style","libs/ra_touch_cal/src/ra_touch_cal.c","278","misra violation (use --rule-texts=<file> to get proper output) (Undefined)"
"misra-c2012-15.5","style","libs/ra_touch_cal/src/ra_touch_cal.c","298","misra violation (use --rule-texts=<file> to get proper output) (Undefined)"
"misra-c2012-15.5","style","libs/ra_touch_cal/src/ra_touch_cal.c","301","misra violation (use --rule-texts=<file> to get proper output) (Undefined)"
"misra-c2012-15.5","style","libs/ra_touch_cal/src/ra_touch_cal.c","304","misra violation (use --rule-texts=<file> to get proper output) (Undefined)"
"misra-c2012-15.5","style","libs/ra_touch_cal/src/ra_touch_cal.c","309","misra violation (use --rule-texts=<file> to get proper output) (Undefined)"
"misra-c2012-15.5","style","libs/ra_touch_cal/src/ra_touch_cal.c","335","misra violation (use --rule-texts=<file> to get proper output) (Undefined)"
"misra-c2012-15.5","style","libs/ra_touch_cal/src/ra_touch_cal.c","339","misra violation (use --rule-texts=<file> to get proper output) (Undefined)"
"misra-c2012-15.5","style","libs/ra_touch_cal/src/ra_touch_cal.c","358","misra violation (use --rule-texts=<file> to get proper output) (Undefined)"
"misra-c2012-15.5","style","libs/ra_touch_cal/src/ra_touch_cal.c","361","misra violation (use --rule-texts=<file> to get proper output) (Undefined)"
"misra-c2012-15.5","style","libs/ra_touch_cal/src/ra_touch_cal.c","386","misra violation (use --rule-texts=<file> to get proper output) (Undefined)"
"misra-c2012-15.5","style","libs/ra_touch_cal/src/ra_touch_cal.c","389","misra violation (use --rule-texts=<file> to get proper output) (Undefined)"
"misra-c2012-15.5","style","libs/ra_touch_cal/src/ra_touch_cal.c","423","misra violation (use --rule-texts=<file> to get proper output) (Undefined)"
"misra-c2012-15.5","style","libs/ra_touch_cal/src/ra_touch_cal.c","426","misra violation (use --rule-texts=<file> to get proper output) (Undefined)"
"misra-c2012-15.5","style","libs/ra_touch_cal/src/ra_touch_cal.c","433","misra violation (use --rule-texts=<file> to get proper output) (Undefined)"
"misra-c2012-15.5","style","libs/ra_touch_cal/src/ra_touch_cal.c","436","misra violation (use --rule-texts=<file> to get proper output) (Undefined)"
"misra-c2012-15.5","style","libs/ra_touch_cal/src/ra_touch_cal.c","441","misra violation (use --rule-texts=<file> to get proper output) (Undefined)"
"misra-c2012-15.5","style","libs/ra_touch_cal/src/ra_touch_cal.c","447","misra violation (use --rule-texts=<file> to get proper output) (Undefined)"
"misra-c2012-15.5","style","port/levelx/lx_filex_adapter.c","129","misra violation (use --rule-texts=<file> to get proper output) (Undefined)"
"misra-c2012-15.5","style","port/levelx/lx_filex_adapter.c","135","misra violation (use --rule-texts=<file> to get proper output) (Undefined)"
"misra-c2012-15.5","style","port/levelx/lx_filex_adapter.c","159","misra violation (use --rule-texts=<file> to get proper output) (Undefined)"
"misra-c2012-15.5","style","port/levelx/lx_filex_adapter.c","260","misra violation (use --rule-texts=<file> to get proper output) (Undefined)"
"misra-c2012-15.5","style","port/levelx/lx_filex_adapter.c","269","misra violation (use --rule-texts=<file> to get proper output) (Undefined)"
"misra-c2012-15.5","style","port/levelx/lx_filex_adapter.c","275","misra violation (use --rule-texts=<file> to get proper output) (Undefined)"
"misra-c2012-15.5","style","port/levelx/lx_filex_adapter.c","287","misra violation (use --rule-texts=<file> to get proper output) (Undefined)"
"misra-c2012-15.5","style","port/levelx/lx_filex_adapter.c","86","misra violation (use --rule-texts=<file> to get proper output) (Undefined)"
"misra-c2012-15.5","style","port/levelx/lx_filex_adapter.c","92","misra violation (use --rule-texts=<file> to get proper output) (Undefined)"
"misra-c2012-15.5","style","port/lwip/arch/sys_arch.c","163","misra violation (use --rule-texts=<file> to get proper output) (Undefined)"
"misra-c2012-15.5","style","port/lwip/arch/sys_arch.c","178","misra violation (use --rule-texts=<file> to get proper output) (Undefined)"
"misra-c2012-15.5","style","port/lwip/arch/sys_arch.c","212","misra violation (use --rule-texts=<file> to get proper output) (Undefined)"
"misra-c2012-15.5","style","port/lwip/arch/sys_arch.c","217","misra violation (use --rule-texts=<file> to get proper output) (Undefined)"
"misra-c2012-15.5","style","port/lwip/arch/sys_arch.c","231","misra violation (use --rule-texts=<file> to get proper output) (Undefined)"
"misra-c2012-15.5","style","port/lwip/arch/sys_arch.c","236","misra violation (use --rule-texts=<file> to get proper output) (Undefined)"
"misra-c2012-15.5","style","port/lwip/arch/sys_arch.c","239","misra violation (use --rule-texts=<file> to get proper output) (Undefined)"
"misra-c2012-15.5","style","port/lwip/arch/sys_arch.c","268","misra violation (use --rule-texts=<file> to get proper output) (Undefined)"
"misra-c2012-15.5","style","port/lwip/arch/sys_arch.c","273","misra violation (use --rule-texts=<file> to get proper output) (Undefined)"
"misra-c2012-15.5","style","port/lwip/arch/sys_arch.c","314","misra violation (use --rule-texts=<file> to get proper output) (Undefined)"
"misra-c2012-15.5","style","port/lwip/arch/sys_arch.c","326","misra violation (use --rule-texts=<file> to get proper output) (Undefined)"
"misra-c2012-15.5","style","port/lwip/arch/sys_arch.c","334","misra violation (use --rule-texts=<file> to get proper output) (Undefined)"
"misra-c2012-15.5","style","port/lwip/arch/sys_arch.c","342","misra violation (use --rule-texts=<file> to get proper output) (Undefined)"
"misra-c2012-15.5","style","port/lwip/arch/sys_arch.c","356","misra violation (use --rule-texts=<file> to get proper output) (Undefined)"
"misra-c2012-15.5","style","port/lwip/arch/sys_arch.c","365","misra violation (use --rule-texts=<file> to get proper output) (Undefined)"
"misra-c2012-15.5","style","port/lwip/arch/sys_arch.c","371","misra violation (use --rule-texts=<file> to get proper output) (Undefined)"
"misra-c2012-15.5","style","port/lwip/arch/sys_arch.c","381","misra violation (use --rule-texts=<file> to get proper output) (Undefined)"
"misra-c2012-15.5","style","port/lwip/arch/sys_arch.c","389","misra violation (use --rule-texts=<file> to get proper output) (Undefined)"
"misra-c2012-15.5","style","port/lwip/arch/sys_arch.c","427","misra violation (use --rule-texts=<file> to get proper output) (Undefined)"
"misra-c2012-15.5","style","port/lwip/arch/sys_arch.c","443","misra violation (use --rule-texts=<file> to get proper output) (Undefined)"
"misra-c2012-15.5","style","port/lwip/arch/sys_arch.c","464","misra violation (use --rule-texts=<file> to get proper output) (Undefined)"
"misra-c2012-15.5","style","port/lwip/arch/sys_arch.c","98","misra violation (use --rule-texts=<file> to get proper output) (Undefined)"
"misra-c2012-15.5","style","port/nimble/nimble_npl_threadx.c","117","misra violation (use --rule-texts=<file> to get proper output) (Undefined)"
"misra-c2012-15.5","style","port/nimble/nimble_npl_threadx.c","139","misra violation (use --rule-texts=<file> to get proper output) (Undefined)"
"misra-c2012-15.5","style","port/nimble/nimble_npl_threadx.c","143","misra violation (use --rule-texts=<file> to get proper output) (Undefined)"
"misra-c2012-15.5","style","port/nimble/nimble_npl_threadx.c","164","misra violation (use --rule-texts=<file> to get proper output) (Undefined)"
"misra-c2012-15.5","style","port/nimble/nimble_npl_threadx.c","192","misra violation (use --rule-texts=<file> to get proper output) (Undefined)"
"misra-c2012-15.5","style","port/nimble/nimble_npl_threadx.c","214","misra violation (use --rule-texts=<file> to get proper output) (Undefined)"
"misra-c2012-15.5","style","port/nimble/nimble_npl_threadx.c","218","misra violation (use --rule-texts=<file> to get proper output) (Undefined)"
"misra-c2012-15.5","style","port/nimble/nimble_npl_threadx.c","238","misra violation (use --rule-texts=<file> to get proper output) (Undefined)"
"misra-c2012-15.5","style","port/nimble/nimble_npl_threadx.c","259","misra violation (use --rule-texts=<file> to get proper output) (Undefined)"
"misra-c2012-15.5","style","port/nimble/nimble_npl_threadx.c","286","misra violation (use --rule-texts=<file> to get proper output) (Undefined)"
"misra-c2012-15.5","style","port/nimble/nimble_npl_threadx.c","306","misra violation (use --rule-texts=<file> to get proper output) (Undefined)"
"misra-c2012-15.5","style","port/nimble/nimble_npl_threadx.c","328","misra violation (use --rule-texts=<file> to get proper output) (Undefined)"
"misra-c2012-15.5","style","port/nimble/nimble_npl_threadx.c","332","misra violation (use --rule-texts=<file> to get proper output) (Undefined)"
"misra-c2012-15.5","style","port/nimble/nimble_npl_threadx.c","355","misra violation (use --rule-texts=<file> to get proper output) (Undefined)"
"misra-c2012-15.5","style","port/nimble/nimble_npl_threadx.c","358","misra violation (use --rule-texts=<file> to get proper output) (Undefined)"
"misra-c2012-15.5","style","port/nimble/nimble_npl_threadx.c","381","misra violation (use --rule-texts=<file> to get proper output) (Undefined)"
"misra-c2012-15.5","style","port/nimble/nimble_npl_threadx.c","399","misra violation (use --rule-texts=<file> to get proper output) (Undefined)"
"misra-c2012-15.5","style","port/nimble/nimble_npl_threadx.c","467","misra violation (use --rule-texts=<file> to get proper output) (Undefined)"
"misra-c2012-15.5","style","port/nimble/nimble_npl_threadx.c","471","misra violation (use --rule-texts=<file> to get proper output) (Undefined)"
"misra-c2012-15.5","style","port/nimble/nimble_npl_threadx.c","498","misra violation (use --rule-texts=<file> to get proper output) (Undefined)"
"misra-c2012-15.5","style","port/nimble/nimble_npl_threadx.c","522","misra violation (use --rule-texts=<file> to get proper output) (Undefined)"
"misra-c2012-15.5","style","port/nimble/nimble_npl_threadx.c","553","misra violation (use --rule-texts=<file> to get proper output) (Undefined)"
"misra-c2012-15.5","style","port/nimble/nimble_npl_threadx.c","577","misra violation (use --rule-texts=<file> to get proper output) (Undefined)"
"misra-c2012-15.5","style","port/nimble/nimble_npl_threadx.c","596","misra violation (use --rule-texts=<file> to get proper output) (Undefined)"
"misra-c2012-15.5","style","port/nimble/nimble_npl_threadx.c","600","misra violation (use --rule-texts=<file> to get proper output) (Undefined)"
"misra-c2012-15.5","style","port/nimble/nimble_npl_threadx.c","654","misra violation (use --rule-texts=<file> to get proper output) (Undefined)"
"misra-c2012-15.5","style","port/nimble/nimble_npl_threadx.c","676","misra violation (use --rule-texts=<file> to get proper output) (Undefined)"
"misra-c2012-15.5","style","port/nimble/nimble_npl_threadx.c","92","misra violation (use --rule-texts=<file> to get proper output) (Undefined)"
"misra-c2012-15.7","style","libs/ra_ble_host/src/ra_ble_att.c","465","misra violation (use --rule-texts=<file> to get proper output) (Undefined)"
"misra-c2012-15.7","style","libs/ra_net/src/ra_net_ipv4.c","181","misra violation (use --rule-texts=<file> to get proper output) (Undefined)"
"misra-c2012-16.4","style","libs/ra_gfx/src/ra_gfx_text.c","168","misra violation (use --rule-texts=<file> to get proper output) (Undefined)"
"misra-c2012-16.4","style","libs/ra_gfx/src/ra_gfx_text.c","198","misra violation (use --rule-texts=<file> to get proper output) (Undefined)"
"misra-c2012-17.1","style","port/lwip/arch/sys_arch.c","93","misra violation (use --rule-texts=<file> to get proper output) (Undefined)"
"misra-c2012-17.1","style","port/lwip/arch/sys_arch.c","94","misra violation (use --rule-texts=<file> to get proper output) (Undefined)"
"misra-c2012-17.1","style","port/lwip/arch/sys_arch.c","96","misra violation (use --rule-texts=<file> to get proper output) (Undefined)"
"misra-c2012-17.3","style","libs/ra_ble_host/src/ra_ble_gatt_client.c","208","misra violation (use --rule-texts=<file> to get proper output) (Undefined)"
"misra-c2012-17.3","style","libs/ra_ble_host/src/ra_ble_gatt_client.c","214","misra violation (use --rule-texts=<file> to get proper output) (Undefined)"
"misra-c2012-17.3","style","libs/ra_ble_host/src/ra_ble_gatt_client.c","237","misra violation (use --rule-texts=<file> to get proper output) (Undefined)"
"misra-c2012-17.3","style","libs/ra_ble_host/src/ra_ble_gatt_client.c","246","misra violation (use --rule-texts=<file> to get proper output) (Undefined)"
"misra-c2012-17.3","style","libs/ra_ble_host/src/ra_ble_gatt_client.c","248","misra violation (use --rule-texts=<file> to get proper output) (Undefined)"
"misra-c2012-17.3","style","libs/ra_ble_host/src/ra_ble_gatt_client.c","272","misra violation (use --rule-texts=<file> to get proper output) (Undefined)"
"misra-c2012-17.3","style","libs/ra_ble_host/src/ra_ble_gatt_client.c","466","misra violation (use --rule-texts=<file> to get proper output) (Undefined)"
"misra-c2012-17.3","style","libs/ra_ble_host/src/ra_ble_mesh.c","216","misra violation (use --rule-texts=<file> to get proper output) (Undefined)"
"misra-c2012-17.3","style","libs/ra_ble_host/src/ra_ble_security.c","302","misra violation (use --rule-texts=<file> to get proper output) (Undefined)"
"misra-c2012-17.3","style","libs/ra_core/src/ra_error_handler.c","101","misra violation (use --rule-texts=<file> to get proper output) (Undefined)"
"misra-c2012-17.3","style","libs/ra_core/src/ra_error_handler.c","120","misra violation (use --rule-texts=<file> to get proper output) (Undefined)"
"misra-c2012-17.3","style","libs/ra_core/src/ra_error_handler.c","53","misra violation (use --rule-texts=<file> to get proper output) (Undefined)"
"misra-c2012-17.3","style","libs/ra_core/src/ra_error_handler.c","78","misra violation (use --rule-texts=<file> to get proper output) (Undefined)"
"misra-c2012-17.3","style","libs/ra_epub/src/ra_epub_chapter.c","101","misra violation (use --rule-texts=<file> to get proper output) (Undefined)"
"misra-c2012-17.3","style","libs/ra_epub/src/ra_epub_chapter.c","107","misra violation (use --rule-texts=<file> to get proper output) (Undefined)"
"misra-c2012-17.3","style","libs/ra_epub/src/ra_epub_chapter.c","113","misra violation (use --rule-texts=<file> to get proper output) (Undefined)"
"misra-c2012-17.3","style","libs/ra_epub/src/ra_epub_chapter.c","131","misra violation (use --rule-texts=<file> to get proper output) (Undefined)"
"misra-c2012-17.3","style","libs/ra_epub/src/ra_epub_chapter.c","135","misra violation (use --rule-texts=<file> to get proper output) (Undefined)"
"misra-c2012-17.3","style","libs/ra_epub/src/ra_epub_chapter.c","160","misra violation (use --rule-texts=<file> to get proper output) (Undefined)"
"misra-c2012-17.3","style","libs/ra_epub/src/ra_epub_chapter.c","165","misra violation (use --rule-texts=<file> to get proper output) (Undefined)"
"misra-c2012-17.3","style","libs/ra_epub/src/ra_epub_chapter.c","178","misra violation (use --rule-texts=<file> to get proper output) (Undefined)"
"misra-c2012-17.3","style","libs/ra_epub/src/ra_epub_chapter.c","99","misra violation (use --rule-texts=<file> to get proper output) (Undefined)"
"misra-c2012-17.3","style","libs/ra_epub/src/ra_epub_open.c","125","misra violation (use --rule-texts=<file> to get proper output) (Undefined)"
"misra-c2012-17.3","style","libs/ra_epub/src/ra_epub_open.c","130","misra violation (use --rule-texts=<file> to get proper output) (Undefined)"
"misra-c2012-17.3","style","libs/ra_epub/src/ra_epub_open.c","136","misra violation (use --rule-texts=<file> to get proper output) (Undefined)"
"misra-c2012-17.3","style","libs/ra_epub/src/ra_epub_open.c","167","misra violation (use --rule-texts=<file> to get proper output) (Undefined)"
"misra-c2012-17.3","style","libs/ra_epub/src/ra_epub_open.c","230","misra violation (use --rule-texts=<file> to get proper output) (Undefined)"
"misra-c2012-17.3","style","libs/ra_fs/src/ra_fs_fat.c","1367","misra violation (use --rule-texts=<file> to get proper output) (Undefined)"
"misra-c2012-17.3","style","libs/ra_fs/src/ra_fs_fat.c","221","misra violation (use --rule-texts=<file> to get proper output) (Undefined)"
"misra-c2012-17.3","style","libs/ra_fs/src/ra_fs_fat.c","229","misra violation (use --rule-texts=<file> to get proper output) (Undefined)"
"misra-c2012-17.3","style","libs/ra_modem_at/src/ra_modem_at.c","236","misra violation (use --rule-texts=<file> to get proper output) (Undefined)"
"misra-c2012-17.3","style","libs/ra_modem_at/src/ra_modem_at.c","331","misra violation (use --rule-texts=<file> to get proper output) (Undefined)"
"misra-c2012-17.3","style","libs/ra_modem_at/src/ra_modem_at.c","337","misra violation (use --rule-texts=<file> to get proper output) (Undefined)"
"misra-c2012-17.3","style","libs/ra_modem_at/src/ra_modem_at.c","452","misra violation (use --rule-texts=<file> to get proper output) (Undefined)"
"misra-c2012-17.3","style","libs/ra_modem_at/src/ra_modem_at.c","487","misra violation (use --rule-texts=<file> to get proper output) (Undefined)"
"misra-c2012-17.3","style","libs/ra_modem_at/src/ra_modem_at.c","516","misra violation (use --rule-texts=<file> to get proper output) (Undefined)"
"misra-c2012-17.3","style","libs/ra_modem_at/src/ra_modem_at.c","687","misra violation (use --rule-texts=<file> to get proper output) (Undefined)"
"misra-c2012-17.3","style","libs/ra_net/src/ra_net_ipv4.c","109","misra violation (use --rule-texts=<file> to get proper output) (Undefined)"
"misra-c2012-17.3","style","libs/ra_net/src/ra_net_ipv4.c","123","misra violation (use --rule-texts=<file> to get proper output) (Undefined)"
"misra-c2012-17.3","style","libs/ra_net/src/ra_net_ipv4.c","191","misra violation (use --rule-texts=<file> to get proper output) (Undefined)"
"misra-c2012-17.3","style","libs/ra_net/src/ra_net_ipv4.c","273","misra violation (use --rule-texts=<file> to get proper output) (Undefined)"
"misra-c2012-17.3","style","libs/ra_net/src/ra_net_ipv4.c","314","misra violation (use --rule-texts=<file> to get proper output) (Undefined)"
"misra-c2012-17.3","style","libs/ra_ota/src/ra_ota.c","110","misra violation (use --rule-texts=<file> to get proper output) (Undefined)"
"misra-c2012-17.3","style","libs/ra_ota/src/ra_ota.c","195","misra violation (use --rule-texts=<file> to get proper output) (Undefined)"
"misra-c2012-17.3","style","libs/ra_ota/src/ra_ota.c","433","misra violation (use --rule-texts=<file> to get proper output) (Undefined)"
"misra-c2012-17.3","style","libs/ra_ota/src/ra_ota.c","438","misra violation (use --rule-texts=<file> to get proper output) (Undefined)"
"misra-c2012-17.3","style","libs/ra_ota/src/ra_ota.c","443","misra violation (use --rule-texts=<file> to get proper output) (Undefined)"
"misra-c2012-17.3","style","libs/ra_ota/src/ra_ota.c","496","misra violation (use --rule-texts=<file> to get proper output) (Undefined)"
"misra-c2012-17.3","style","libs/ra_ota/src/ra_ota.c","500","misra violation (use --rule-texts=<file> to get proper output) (Undefined)"
"misra-c2012-17.3","style","libs/ra_ota/src/ra_ota.c","517","misra violation (use --rule-texts=<file> to get proper output) (Undefined)"
"misra-c2012-17.3","style","libs/ra_ota/src/ra_ota.c","521","misra violation (use --rule-texts=<file> to get proper output) (Undefined)"
"misra-c2012-17.3","style","libs/ra_ota/src/ra_ota.c","571","misra violation (use --rule-texts=<file> to get proper output) (Undefined)"
"misra-c2012-17.3","style","libs/ra_ota/src/ra_ota.c","579","misra violation (use --rule-texts=<file> to get proper output) (Undefined)"
"misra-c2012-17.3","style","libs/ra_ota/src/ra_ota.c","594","misra violation (use --rule-texts=<file> to get proper output) (Undefined)"
"misra-c2012-17.3","style","libs/ra_ota/src/ra_ota.c","606","misra violation (use --rule-texts=<file> to get proper output) (Undefined)"
"misra-c2012-17.3","style","libs/ra_ota/src/ra_ota.c","610","misra violation (use --rule-texts=<file> to get proper output) (Undefined)"
"misra-c2012-17.3","style","libs/ra_ota/src/ra_ota.c","616","misra violation (use --rule-texts=<file> to get proper output) (Undefined)"
"misra-c2012-17.3","style","libs/ra_ota/src/ra_ota.c","639","misra violation (use --rule-texts=<file> to get proper output) (Undefined)"
"misra-c2012-17.3","style","libs/ra_ota/src/ra_ota.c","661","misra violation (use --rule-texts=<file> to get proper output) (Undefined)"
"misra-c2012-17.3","style","libs/ra_power_profile/src/ra_power_profile.c","145","misra violation (use --rule-texts=<file> to get proper output) (Undefined)"
"misra-c2012-17.3","style","libs/ra_power_profile/src/ra_power_profile.c","169","misra violation (use --rule-texts=<file> to get proper output) (Undefined)"
"misra-c2012-17.3","style","libs/ra_psa_crypto/src/ra_psa_crypto.c","1069","misra violation (use --rule-texts=<file> to get proper output) (Undefined)"
"misra-c2012-17.3","style","libs/ra_psa_crypto/src/ra_psa_crypto.c","544","misra violation (use --rule-texts=<file> to get proper output) (Undefined)"
"misra-c2012-17.3","style","libs/ra_psa_crypto/src/ra_psa_crypto.c","569","misra violation (use --rule-texts=<file> to get proper output) (Undefined)"
"misra-c2012-17.3","style","libs/ra_psa_crypto/src/ra_psa_crypto.c","578","misra violation (use --rule-texts=<file> to get proper output) (Undefined)"
"misra-c2012-17.3","style","libs/ra_psa_crypto/src/ra_psa_crypto.c","596","misra violation (use --rule-texts=<file> to get proper output) (Undefined)"
"misra-c2012-17.3","style","libs/ra_psa_crypto/src/ra_psa_crypto.c","598","misra violation (use --rule-texts=<file> to get proper output) (Undefined)"
"misra-c2012-17.3","style","libs/ra_psa_crypto/src/ra_psa_crypto.c","612","misra violation (use --rule-texts=<file> to get proper output) (Undefined)"
"misra-c2012-17.3","style","libs/ra_psa_crypto/src/ra_psa_crypto.c","649","misra violation (use --rule-texts=<file> to get proper output) (Undefined)"
"misra-c2012-17.3","style","libs/ra_psa_crypto/src/ra_psa_crypto.c","650","misra violation (use --rule-texts=<file> to get proper output) (Undefined)"
"misra-c2012-17.3","style","libs/ra_psa_crypto/src/ra_psa_crypto.c","651","misra violation (use --rule-texts=<file> to get proper output) (Undefined)"
"misra-c2012-17.3","style","libs/ra_psa_crypto/src/ra_psa_crypto.c","652","misra violation (use --rule-texts=<file> to get proper output) (Undefined)"
"misra-c2012-17.3","style","libs/ra_psa_crypto/src/ra_psa_crypto.c","655","misra violation (use --rule-texts=<file> to get proper output) (Undefined)"
"misra-c2012-17.3","style","libs/ra_psa_crypto/src/ra_psa_crypto.c","717","misra violation (use --rule-texts=<file> to get proper output) (Undefined)"
"misra-c2012-17.3","style","libs/ra_psa_crypto/src/ra_psa_crypto.c","756","misra violation (use --rule-texts=<file> to get proper output) (Undefined)"
"misra-c2012-17.3","style","libs/ra_psa_crypto/src/ra_psa_crypto.c","811","misra violation (use --rule-texts=<file> to get proper output) (Undefined)"
"misra-c2012-17.3","style","libs/ra_psa_crypto/src/ra_psa_crypto.c","812","misra violation (use --rule-texts=<file> to get proper output) (Undefined)"
"# remaining 371 violations omitted; per-rule tally:",,,,
"# misra-c2012-8.4 -- 196 violations",,,,
"# misra-c2012-17.3 -- 93 violations",,,,
"# misra-c2012-9.2 -- 35 violations",,,,
"# misra-c2012-8.9 -- 14 violations",,,,
"# misra-c2012-18.4 -- 8 violations",,,,
"# misra-c2012-17.8 -- 7 violations",,,,
"# misra-c2012-7.3 -- 6 violations",,,,
"# misra-c2012-17.7 -- 5 violations",,,,
"# misra-c2012-21.2 -- 2 violations",,,,
"# misra-c2012-21.15 -- 2 violations",,,,
"# misra-c2012-3.1 -- 1 violations",,,,
"# misra-c2012-21.6 -- 1 violations",,,,
"# misra-c2012-20.1 -- 1 violations",,,,
